file,bytes,sha256,schema_version
H_provenance.csv,5317,febc10b4d3bb762828d4f5db8e6a3a5de20584d31d18443d0b33f4f17d63fc74,1
H2_inputs.csv,14945,2d0d86cae2393ea1d131fd19f60585a80eeed12842f349f97d0720be410b2050,1
H3_gate_results.csv,7811,3e1c3b7e3c991bcfc127871c27b9448566d9de78d578e1c77ab7733e374ab6ec,1
S0_master_hypotheses.csv,46710,bff421fb03354565347cc07bf0288d3c73a2f882aa5d042a30989e5b57ef414b,1
S0b_pool_estimates.csv,4994,d84e185d5004632de4301c8fcb34d039e3c40ce603e451725f1af561fd384b32,1
S0c_l_components.csv,20371,1d35f7e33adaf99be09bb35996688fd17f6a29bcfc42487908bb3ae48e32de20,1
S0d_sensitivities.csv,67979,d3ed3b97e44c24b8591b914c63c1265b2893b1246c75aa946c4967d6ad2175ef,1
S0e_lobo.csv,162667,9a4af0cf3fc27230099cc287e1e45932068c87e2cb6fd76346799cd72e4f4b1f,1
S1_light_animals_cc1.csv,10863,542dc961f1f53465623f0420b9eb5eafa1f2d4e9c59ae17546e69ac4be8f32f8,1
S1b_light_estimates.csv,1797,074878a2cb5ad8c834d169d6490524d411128e613d3bc576a492ee1986fff6de,1
S1c_light_descriptives.csv,1403,629baf7ab228376423991c7dfd821404c1a6ce2ed7b38c984646b181ac14ad50,1
S2_rate_inactivity_windows.csv,19145,e90535904a17dd8ea8b816244f07926f1e8fbf65a5a2ac78246b93a8bd85c787,1
S2b_rate_inactivity_relationship.csv,1550,b604b030fb75c6df2c9734570b376f64592317be0f8674d81512fde5fdcec517,1
S3_cookie_animals.csv,7806,6c2e19b701535e4aefa524db77d7ed3e193e00ca92ae3dbc71d394aca4ffbe05,1
S3b_cookie_descriptives.csv,1620,ad20ecbee8553565b5544c369b2e240005c1da7d21a9903bfa5bd095292c48ca,1
S3c_cookie_estimates.csv,3153,d29fb1f9d14f032760d798c4520dc007b27a0cc9499d32d8034e850b48304e0f,1
S3d_cookie_cont_lines.csv,890,88052ba27ab975701141cf0c3cdd8b350271fadaf5307de46bd39d22de96cc80,1
S4_screen_matrix.csv,12141,a0bfc804d5843a171034c7dd7f4440dc28de396ab7e75e98c0733ab91a886059,1
S5_display_labels.csv,5386,83b9ccc6d4d4e53472a9a4a18128f76a3e4a61b23423baf8e2d09f906ee481f0,1
