id,role,family,sex_analysis,measure,component,estimate,se,df,statistic,ci_low,ci_high,status,is_max_abs_t,engine
SCREEN-L-PCR-F,DISCOVERY,SCREEN-L,F,"crossing_rate (active, CC1-CC4)",CombZ_wb:c2,3.40780434340709,1.43486816659537,93.8025863666604,2.37499473661966,0.558761793407827,6.25684689340635,OK,TRUE,KR t (component; no p reported)
SCREEN-L-PCR-F,DISCOVERY,SCREEN-L,F,"crossing_rate (active, CC1-CC4)",CombZ_wb:c3,2.12130396352223,1.75083886269296,89.1767140750358,1.21159291624328,-1.35748057640206,5.60008850344651,OK,FALSE,KR t (component; no p reported)
SCREEN-L-PCR-F,DISCOVERY,SCREEN-L,F,"crossing_rate (active, CC1-CC4)",CombZ_wb:c4,-0.558478599462198,2.1187139069979,50.2155173926043,-0.263593209832436,-4.81358823954435,3.69663104061995,OK,FALSE,KR t (component; no p reported)
SCREEN-L-PCR-M,DISCOVERY,SCREEN-L,M,"crossing_rate (active, CC1-CC4)",CombZ_wb:c2,-0.391537885866108,1.16089317550295,83.272860910093,-0.337272967167265,-2.70039583604083,1.91732006430861,OK,FALSE,KR t (component; no p reported)
SCREEN-L-PCR-M,DISCOVERY,SCREEN-L,M,"crossing_rate (active, CC1-CC4)",CombZ_wb:c3,-1.33591257865408,1.27130622930331,86.8449027357614,-1.05081887263792,-3.86283499919102,1.19100984188287,OK,FALSE,KR t (component; no p reported)
SCREEN-L-PCR-M,DISCOVERY,SCREEN-L,M,"crossing_rate (active, CC1-CC4)",CombZ_wb:c4,-3.00966426721526,1.48685286939645,55.672608835539,-2.02418432190736,-5.98857505221774,-0.0307534822127842,OK,TRUE,KR t (component; no p reported)
SCREEN-L-PCR-INT,DISCOVERY,SCREEN-L,INT,"crossing_rate (active, CC1-CC4)",CombZ_wb:c2:sex_c,3.81589653628467,1.93873603372322,181.578488483464,1.96823934249393,-0.00945209762253452,7.64124517019188,OK,TRUE,KR t (component; no p reported)
SCREEN-L-PCR-INT,DISCOVERY,SCREEN-L,INT,"crossing_rate (active, CC1-CC4)",CombZ_wb:c3:sex_c,3.50175085430808,2.26286847119099,174.935661914217,1.54748316081537,-0.964285996548957,7.96778770516512,OK,FALSE,KR t (component; no p reported)
SCREEN-L-PCR-INT,DISCOVERY,SCREEN-L,INT,"crossing_rate (active, CC1-CC4)",CombZ_wb:c4:sex_c,2.70273550148288,2.72239241334757,102.770697175932,0.992779545017717,-2.696630938721,8.10210194168676,OK,FALSE,KR t (component; no p reported)
SCREEN-L-SPO-F,DISCOVERY,SCREEN-L,F,"shared_zone_use (data version v2; active, CC1-CC4)",CombZ_wb:c2,-0.0340073270384342,0.0149615159740089,101.419239387963,-2.27298671454896,-0.0636854628635995,-0.00432919121326904,OK,TRUE,KR t (component; no p reported)
SCREEN-L-SPO-F,DISCOVERY,SCREEN-L,F,"shared_zone_use (data version v2; active, CC1-CC4)",CombZ_wb:c3,-0.0226219245649145,0.0154789087784426,108.481172826253,-1.46146765826412,-0.0533022654312427,0.00805841630141378,OK,FALSE,KR t (component; no p reported)
SCREEN-L-SPO-F,DISCOVERY,SCREEN-L,F,"shared_zone_use (data version v2; active, CC1-CC4)",CombZ_wb:c4,-0.0196004017741374,0.0152027933072587,104.572252009517,-1.28926318854701,-0.0497461698500044,0.0105453663017297,OK,FALSE,KR t (component; no p reported)
SCREEN-L-SPO-M,DISCOVERY,SCREEN-L,M,"shared_zone_use (data version v2; active, CC1-CC4)",CombZ_wb:c2,0.0149880994877177,0.0209595079302612,92.8983532659392,0.715097870502863,-0.0266339295742702,0.0566101285497056,OK,FALSE,KR t (component; no p reported)
SCREEN-L-SPO-M,DISCOVERY,SCREEN-L,M,"shared_zone_use (data version v2; active, CC1-CC4)",CombZ_wb:c3,0.0218246157850057,0.0209801017676889,93.159104676503,1.04025309441622,-0.0198367706590811,0.0634860022290924,OK,TRUE,KR t (component; no p reported)
SCREEN-L-SPO-M,DISCOVERY,SCREEN-L,M,"shared_zone_use (data version v2; active, CC1-CC4)",CombZ_wb:c4,0.00360906803286818,0.0217170165680922,99.2462597741386,0.166186180387725,-0.0394808817081231,0.0466990177738594,OK,FALSE,KR t (component; no p reported)
SCREEN-L-SPO-INT,DISCOVERY,SCREEN-L,INT,"shared_zone_use (data version v2; active, CC1-CC4)",CombZ_wb:c2:sex_c,-0.0491430710507993,0.0256411755949863,197.854185436437,-1.91656856249635,-0.0997081466256425,0.00142200452404383,OK,TRUE,KR t (component; no p reported)
SCREEN-L-SPO-INT,DISCOVERY,SCREEN-L,INT,"shared_zone_use (data version v2; active, CC1-CC4)",CombZ_wb:c3:sex_c,-0.0444026218052293,0.0260039446315599,203.437999454734,-1.70753408509183,-0.0956744275992937,0.00686918398883506,OK,FALSE,KR t (component; no p reported)
SCREEN-L-SPO-INT,DISCOVERY,SCREEN-L,INT,"shared_zone_use (data version v2; active, CC1-CC4)",CombZ_wb:c4:sex_c,-0.0221543205166888,0.0263261308734814,208.582438671786,-0.841533479536298,-0.0740537192865401,0.0297450782531626,OK,FALSE,KR t (component; no p reported)
SCREEN-L-OCC-F,DISCOVERY,SCREEN-L,F,"occupancy_dispersion (active, CC1-CC4)",CombZ_wb:c2,0.133661374730489,0.0724831116164623,104.798253358394,1.84403472408506,-0.0100624710880172,0.277385220548996,OK,FALSE,KR t (component; no p reported)
SCREEN-L-OCC-F,DISCOVERY,SCREEN-L,F,"occupancy_dispersion (active, CC1-CC4)",CombZ_wb:c3,0.229960312747608,0.0741525632263816,114.981450194305,3.10117820264094,0.0830781043723861,0.376842521122831,OK,TRUE,KR t (component; no p reported)
SCREEN-L-OCC-F,DISCOVERY,SCREEN-L,F,"occupancy_dispersion (active, CC1-CC4)",CombZ_wb:c4,0.131223781787268,0.0732932193053004,109.656383959868,1.79039456897997,-0.0140312373759375,0.276478800950473,OK,FALSE,KR t (component; no p reported)
SCREEN-L-OCC-M,DISCOVERY,SCREEN-L,M,"occupancy_dispersion (active, CC1-CC4)",CombZ_wb:c2,-0.0352166221362318,0.0829073476660338,106.263904131379,-0.424770821014453,-0.199583789956775,0.129150545684312,OK,FALSE,KR t (component; no p reported)
SCREEN-L-OCC-M,DISCOVERY,SCREEN-L,M,"occupancy_dispersion (active, CC1-CC4)",CombZ_wb:c3,-0.132333051557789,0.0828113597967778,106.132642877855,-1.59800602094374,-0.296512257860038,0.0318461547444603,OK,TRUE,KR t (component; no p reported)
SCREEN-L-OCC-M,DISCOVERY,SCREEN-L,M,"occupancy_dispersion (active, CC1-CC4)",CombZ_wb:c4,-0.10313249489841,0.0841226991027156,113.294273615319,-1.22597700737684,-0.269790049358582,0.0635250595617622,OK,FALSE,KR t (component; no p reported)
SCREEN-L-OCC-INT,DISCOVERY,SCREEN-L,INT,"occupancy_dispersion (active, CC1-CC4)",CombZ_wb:c2:sex_c,0.168697190406267,0.111648978270126,214.8205479534,1.51096044961663,-0.0513705872464668,0.388764968059001,OK,FALSE,KR t (component; no p reported)
SCREEN-L-OCC-INT,DISCOVERY,SCREEN-L,INT,"occupancy_dispersion (active, CC1-CC4)",CombZ_wb:c3:sex_c,0.361797644407052,0.112380665141162,222.501762896163,3.21939404747779,0.140330973816225,0.58326431499788,OK,TRUE,KR t (component; no p reported)
SCREEN-L-OCC-INT,DISCOVERY,SCREEN-L,INT,"occupancy_dispersion (active, CC1-CC4)",CombZ_wb:c4:sex_c,0.24362092442116,0.113092144334206,229.124168893799,2.15418078643217,0.0207873738340785,0.466454475008242,OK,FALSE,KR t (component; no p reported)
SCREEN-L-FRAG-F,DISCOVERY,SCREEN-L,F,"fragmentation (active, CC1-CC4)",CombZ_wb:c2,-0.0248813286823133,0.0197676734750444,101.339755255444,-1.25868776180083,-0.0640934816744634,0.0143308243098367,OK,TRUE,KR t (component; no p reported)
SCREEN-L-FRAG-F,DISCOVERY,SCREEN-L,F,"fragmentation (active, CC1-CC4)",CombZ_wb:c3,-0.0213602534867463,0.0203764269436596,110.299238379682,-1.04828258388024,-0.0617403307153529,0.0190198237418603,OK,FALSE,KR t (component; no p reported)
SCREEN-L-FRAG-F,DISCOVERY,SCREEN-L,F,"fragmentation (active, CC1-CC4)",CombZ_wb:c4,-0.0129684217151689,0.020056993413561,105.447540900285,-0.646578549823956,-0.0527357672863244,0.0267989238559866,OK,FALSE,KR t (component; no p reported)
SCREEN-L-FRAG-M,DISCOVERY,SCREEN-L,M,"fragmentation (active, CC1-CC4)",CombZ_wb:c2,-0.00268268816084286,0.026496316082543,91.8874860661788,-0.101247590513548,-0.0553075175449382,0.0499421412232524,OK,FALSE,KR t (component; no p reported)
SCREEN-L-FRAG-M,DISCOVERY,SCREEN-L,M,"fragmentation (active, CC1-CC4)",CombZ_wb:c3,0.0108972685766331,0.0265096034897598,92.4138810126574,0.411068712545719,-0.0417499506169226,0.0635444877701887,OK,FALSE,KR t (component; no p reported)
SCREEN-L-FRAG-M,DISCOVERY,SCREEN-L,M,"fragmentation (active, CC1-CC4)",CombZ_wb:c4,0.0437195837857657,0.0275021464465342,98.6151433625997,1.58967896817651,-0.0108532760781995,0.0982924436497309,OK,TRUE,KR t (component; no p reported)
SCREEN-L-FRAG-INT,DISCOVERY,SCREEN-L,INT,"fragmentation (active, CC1-CC4)",CombZ_wb:c2:sex_c,-0.0216767851104416,0.0325472268285604,195.867515651757,-0.666010201871334,-0.0858647825037391,0.0425112122828559,OK,FALSE,KR t (component; no p reported)
SCREEN-L-FRAG-INT,DISCOVERY,SCREEN-L,INT,"fragmentation (active, CC1-CC4)",CombZ_wb:c3:sex_c,-0.0334394320232613,0.0329953579335232,202.394201936707,-1.01345868381343,-0.0984981689326298,0.0316193048861071,OK,FALSE,KR t (component; no p reported)
SCREEN-L-FRAG-INT,DISCOVERY,SCREEN-L,INT,"fragmentation (active, CC1-CC4)",CombZ_wb:c4:sex_c,-0.062311818313461,0.0334129919677063,208.095796069305,-1.86489789282221,-0.128183171275069,0.00355953464814723,OK,TRUE,KR t (component; no p reported)
SCREEN-L-LPCR-F,DISCOVERY,SCREEN-L,F,light_phase_crossing_rate (CC1-CC4),CombZ_wb:c2,-0.252023625951135,0.313846472995269,101.059741238919,-0.803015638652517,-0.87460614288205,0.370558890979779,OK,FALSE,KR t (component; no p reported)
SCREEN-L-LPCR-F,DISCOVERY,SCREEN-L,F,light_phase_crossing_rate (CC1-CC4),CombZ_wb:c3,-0.338713978185473,0.322874434252581,111.217880363725,-1.04905790689052,-0.978497412541573,0.301069456170627,OK,TRUE,KR t (component; no p reported)
SCREEN-L-LPCR-F,DISCOVERY,SCREEN-L,F,light_phase_crossing_rate (CC1-CC4),CombZ_wb:c4,-0.157482078933614,0.318175554881713,105.796530051567,-0.49495341963703,-0.788310069258482,0.473345911391255,OK,FALSE,KR t (component; no p reported)
SCREEN-L-LPCR-M,DISCOVERY,SCREEN-L,M,light_phase_crossing_rate (CC1-CC4),CombZ_wb:c2,-0.0670925558089551,0.411331399453554,95.5604136780456,-0.16311070805216,-0.883626866315557,0.749441754697647,OK,FALSE,KR t (component; no p reported)
SCREEN-L-LPCR-M,DISCOVERY,SCREEN-L,M,light_phase_crossing_rate (CC1-CC4),CombZ_wb:c3,-0.201146297885506,0.411173759010912,96.0110226077723,-0.48920023099083,-1.01731856301483,0.615025967243823,OK,FALSE,KR t (component; no p reported)
SCREEN-L-LPCR-M,DISCOVERY,SCREEN-L,M,light_phase_crossing_rate (CC1-CC4),CombZ_wb:c4,-0.275441974918464,0.424399922681674,103.336889739869,-0.649015139253601,-1.1171065133279,0.566222563490972,OK,TRUE,KR t (component; no p reported)
SCREEN-L-LPCR-INT,DISCOVERY,SCREEN-L,INT,light_phase_crossing_rate (CC1-CC4),CombZ_wb:c2:sex_c,-0.181759258763639,0.51198422218605,199.799716365135,-0.355009492260465,-1.19134517354763,0.827826656020356,OK,TRUE,KR t (component; no p reported)
SCREEN-L-LPCR-INT,DISCOVERY,SCREEN-L,INT,light_phase_crossing_rate (CC1-CC4),CombZ_wb:c3:sex_c,-0.110875243415526,0.517934203306259,207.332818818992,-0.214072063029915,-1.13196791054346,0.91021742371241,OK,FALSE,KR t (component; no p reported)
SCREEN-L-LPCR-INT,DISCOVERY,SCREEN-L,INT,light_phase_crossing_rate (CC1-CC4),CombZ_wb:c4:sex_c,0.122596670130788,0.523624989169711,213.903101046277,0.234130671122446,-0.909529099745251,1.15472244000683,OK,FALSE,KR t (component; no p reported)
SLEEP-L-IA40A-F,DISCOVERY,SLEEP-L,F,"posinact40_frac (active, CC1-CC4)",CombZ_wb:c2,-0.0102296623281701,0.00505227584687054,99.2579464762564,-2.02476322319308,-0.0202541514351626,-0.000205173221177662,OK,TRUE,KR t (component; no p reported)
SLEEP-L-IA40A-F,DISCOVERY,SLEEP-L,F,"posinact40_frac (active, CC1-CC4)",CombZ_wb:c3,-0.0066266424602315,0.00522933952468501,107.547334553055,-1.26720447753498,-0.0169925948765945,0.00373930995613152,OK,FALSE,KR t (component; no p reported)
SLEEP-L-IA40A-F,DISCOVERY,SLEEP-L,F,"posinact40_frac (active, CC1-CC4)",CombZ_wb:c4,0.0019050181939529,0.00513568516730417,102.995195003871,0.370937495561645,-0.00828040770464331,0.0120904440925491,OK,FALSE,KR t (component; no p reported)
SLEEP-L-IA40A-M,DISCOVERY,SLEEP-L,M,"posinact40_frac (active, CC1-CC4)",CombZ_wb:c2,0.000262641845670692,0.00447349344198846,91.9492493424764,0.0587106808306727,-0.00862216760754169,0.00914745129888307,OK,FALSE,KR t (component; no p reported)
SLEEP-L-IA40A-M,DISCOVERY,SLEEP-L,M,"posinact40_frac (active, CC1-CC4)",CombZ_wb:c3,0.00145625293125344,0.00447593255955635,92.4710030886915,0.325351848330303,-0.00743273222326082,0.0103452380857677,OK,FALSE,KR t (component; no p reported)
SLEEP-L-IA40A-M,DISCOVERY,SLEEP-L,M,"posinact40_frac (active, CC1-CC4)",CombZ_wb:c4,0.0102378798900182,0.00464320867051625,98.6625658314354,2.20491488031269,0.00102435672154044,0.0194514030584959,OK,TRUE,KR t (component; no p reported)
SLEEP-L-IA40A-INT,DISCOVERY,SLEEP-L,INT,"posinact40_frac (active, CC1-CC4)",CombZ_wb:c2:sex_c,-0.0107235930672741,0.00705919766367005,195.078707768951,-1.51909516891172,-0.024645736223408,0.00319855008885987,OK,TRUE,KR t (component; no p reported)
SLEEP-L-IA40A-INT,DISCOVERY,SLEEP-L,INT,"posinact40_frac (active, CC1-CC4)",CombZ_wb:c3:sex_c,-0.00850510148265152,0.00715707265164532,201.66549733563,-1.18834918920326,-0.0226173965496273,0.00560719358432422,OK,FALSE,KR t (component; no p reported)
SLEEP-L-IA40A-INT,DISCOVERY,SLEEP-L,INT,"posinact40_frac (active, CC1-CC4)",CombZ_wb:c4:sex_c,-0.00944337102717826,0.00724883481857918,207.410080491464,-1.3027433047549,-0.0237342130770544,0.0048474710226979,OK,FALSE,KR t (component; no p reported)
SLEEP-L-IA40L-F,DISCOVERY,SLEEP-L,F,"posinact40_frac (light, CC1-CC4)",CombZ_wb:c2,-0.000235177666221708,0.000936482749152719,103.882020165346,-0.25112866887776,-0.00209228292383119,0.00162192759138778,OK,FALSE,KR t (component; no p reported)
SLEEP-L-IA40L-F,DISCOVERY,SLEEP-L,F,"posinact40_frac (light, CC1-CC4)",CombZ_wb:c3,0.000615501343552654,0.000956959577769857,115.214157351716,0.643184265930069,-0.00128001394371912,0.00251101663082443,OK,FALSE,KR t (component; no p reported)
SLEEP-L-IA40L-F,DISCOVERY,SLEEP-L,F,"posinact40_frac (light, CC1-CC4)",CombZ_wb:c4,-0.000672210751825976,0.000946498285988148,109.35644071461,-0.710208102621321,-0.00254807095901294,0.00120364945536099,OK,TRUE,KR t (component; no p reported)
SLEEP-L-IA40L-M,DISCOVERY,SLEEP-L,M,"posinact40_frac (light, CC1-CC4)",CombZ_wb:c2,-0.000288824674699993,0.00108509072270909,98.7310145860756,-0.266175600487026,-0.00244195264799467,0.00186430329859469,OK,FALSE,KR t (component; no p reported)
SLEEP-L-IA40L-M,DISCOVERY,SLEEP-L,M,"posinact40_frac (light, CC1-CC4)",CombZ_wb:c3,0.000156494582578282,0.00108441415983652,99.0563424565697,0.144312559144262,-0.00199520323572665,0.00230819240088322,OK,FALSE,KR t (component; no p reported)
SLEEP-L-IA40L-M,DISCOVERY,SLEEP-L,M,"posinact40_frac (light, CC1-CC4)",CombZ_wb:c4,0.00122551249044642,0.0011143297326977,106.732394303824,1.09977545647961,-0.000983579580659616,0.00343460456155245,OK,TRUE,KR t (component; no p reported)
SLEEP-L-IA40L-INT,DISCOVERY,SLEEP-L,INT,"posinact40_frac (light, CC1-CC4)",CombZ_wb:c2:sex_c,4.94213732043923e-05,0.0014399812031751,206.514583383609,0.0343208460606433,-0.00278952697224925,0.00288836971865804,OK,FALSE,KR t (component; no p reported)
SLEEP-L-IA40L-INT,DISCOVERY,SLEEP-L,INT,"posinact40_frac (light, CC1-CC4)",CombZ_wb:c3:sex_c,0.000361389548532012,0.00145302064666248,214.594719521351,0.248716044993653,-0.00250263066778005,0.00322540976484407,OK,FALSE,KR t (component; no p reported)
SLEEP-L-IA40L-INT,DISCOVERY,SLEEP-L,INT,"posinact40_frac (light, CC1-CC4)",CombZ_wb:c4:sex_c,-0.00189544756117888,0.00146563399181241,221.633863403555,-1.29326119056161,-0.00478380945976651,0.00099291433740875,OK,TRUE,KR t (component; no p reported)
SCREEN-L-PCR-POOL,ESTIMATION_ONLY,SCREEN-L,POOL,"crossing_rate (active, CC1-CC4)",CombZ_wb:c2,1.87435459765736,0.950055182773853,179.0172924012,,-0.000393224425375038,3.7491024197401,OK,TRUE,KR t (component; no p reported)
SCREEN-L-PCR-POOL,ESTIMATION_ONLY,SCREEN-L,POOL,"crossing_rate (active, CC1-CC4)",CombZ_wb:c3,0.678636117165232,1.11047806739444,177.763084017404,,-1.51278006861941,2.87005230294988,OK,FALSE,KR t (component; no p reported)
SCREEN-L-PCR-POOL,ESTIMATION_ONLY,SCREEN-L,POOL,"crossing_rate (active, CC1-CC4)",CombZ_wb:c4,-1.59239784756019,1.32294910686544,102.267171233748,,-4.21637884807228,1.03158315295191,OK,FALSE,KR t (component; no p reported)
SCREEN-L-SPO-POOL,ESTIMATION_ONLY,SCREEN-L,POOL,"shared_zone_use (data version v2; active, CC1-CC4)",CombZ_wb:c2,-0.014530490957944,0.0125655419752806,197.56308924563,,-0.039310296326055,0.010249314410167,OK,TRUE,KR t (component; no p reported)
SCREEN-L-SPO-POOL,ESTIMATION_ONLY,SCREEN-L,POOL,"shared_zone_use (data version v2; active, CC1-CC4)",CombZ_wb:c3,-0.00473463849787137,0.0128146360752029,205.942223963574,,-0.0299993334540706,0.0205300564583279,OK,FALSE,KR t (component; no p reported)
SCREEN-L-SPO-POOL,ESTIMATION_ONLY,SCREEN-L,POOL,"shared_zone_use (data version v2; active, CC1-CC4)",CombZ_wb:c4,-0.0108236824289959,0.0128494343247794,206.325060414665,,-0.0361567060403052,0.0145093411823134,OK,FALSE,KR t (component; no p reported)
SCREEN-L-OCC-POOL,ESTIMATION_ONLY,SCREEN-L,POOL,"occupancy_dispersion (active, CC1-CC4)",CombZ_wb:c2,0.0628802493108194,0.0563983731230934,217.680167071958,,-0.0482765318156123,0.174037030437251,OK,FALSE,KR t (component; no p reported)
SCREEN-L-OCC-POOL,ESTIMATION_ONLY,SCREEN-L,POOL,"occupancy_dispersion (active, CC1-CC4)",CombZ_wb:c3,0.075770470350306,0.0568229769895001,229.033792329165,,-0.036192144922673,0.187733085623285,OK,TRUE,KR t (component; no p reported)
SCREEN-L-OCC-POOL,ESTIMATION_ONLY,SCREEN-L,POOL,"occupancy_dispersion (active, CC1-CC4)",CombZ_wb:c4,0.0413205569244397,0.0569065245023126,230.722011148753,,-0.0708023205590976,0.153443434407977,OK,FALSE,KR t (component; no p reported)
SCREEN-L-FRAG-POOL,ESTIMATION_ONLY,SCREEN-L,POOL,"fragmentation (active, CC1-CC4)",CombZ_wb:c2,-0.0156224328043161,0.0158579697003387,194.255194657207,,-0.0468983336853549,0.0156534680767226,OK,TRUE,KR t (component; no p reported)
SCREEN-L-FRAG-POOL,ESTIMATION_ONLY,SCREEN-L,POOL,"fragmentation (active, CC1-CC4)",CombZ_wb:c3,-0.00751332796800535,0.0161835863244556,203.607918269161,,-0.0394222388375884,0.0243955829015777,OK,FALSE,KR t (component; no p reported)
SCREEN-L-FRAG-POOL,ESTIMATION_ONLY,SCREEN-L,POOL,"fragmentation (active, CC1-CC4)",CombZ_wb:c4,0.00926651038062409,0.0162275179923818,204.078705442769,,-0.0227285785472241,0.0412615993084723,OK,FALSE,KR t (component; no p reported)
SCREEN-L-LPCR-POOL,ESTIMATION_ONLY,SCREEN-L,POOL,light_phase_crossing_rate (CC1-CC4),CombZ_wb:c2,-0.178604438568992,0.24943873277117,198.432632818828,,-0.670495384657656,0.313286507519672,OK,FALSE,KR t (component; no p reported)
SCREEN-L-LPCR-POOL,ESTIMATION_ONLY,SCREEN-L,POOL,light_phase_crossing_rate (CC1-CC4),CombZ_wb:c3,-0.270207077531891,0.253712148047859,209.573590501598,,-0.770362023351751,0.229947868287968,OK,TRUE,KR t (component; no p reported)
SCREEN-L-LPCR-POOL,ESTIMATION_ONLY,SCREEN-L,POOL,light_phase_crossing_rate (CC1-CC4),CombZ_wb:c4,-0.208408597976843,0.254354230785429,210.462712714722,,-0.709817010287134,0.292999814333449,OK,FALSE,KR t (component; no p reported)
SLEEP-L-IA40A-POOL,ESTIMATION_ONLY,SLEEP-L,POOL,"posinact40_frac (active, CC1-CC4)",CombZ_wb:c2,-0.00597069599407112,0.0034432478994962,193.875612902595,,-0.0127617293802986,0.000820337392156336,OK,TRUE,KR t (component; no p reported)
SLEEP-L-IA40A-POOL,ESTIMATION_ONLY,SLEEP-L,POOL,"posinact40_frac (active, CC1-CC4)",CombZ_wb:c3,-0.00329428798256385,0.00351372484431015,203.444471380725,,-0.0102222747203597,0.00363369875523201,OK,FALSE,KR t (component; no p reported)
SLEEP-L-IA40A-POOL,ESTIMATION_ONLY,SLEEP-L,POOL,"posinact40_frac (active, CC1-CC4)",CombZ_wb:c4,0.00540796994667935,0.00352325369442827,203.938008304841,,-0.00153870416678608,0.0123546440601448,OK,FALSE,KR t (component; no p reported)
SLEEP-L-IA40L-POOL,ESTIMATION_ONLY,SLEEP-L,POOL,"posinact40_frac (light, CC1-CC4)",CombZ_wb:c2,-0.000260779285964121,0.000706853847264895,205.15782200569,,-0.00165440843875471,0.00113284986682647,OK,FALSE,KR t (component; no p reported)
SLEEP-L-IA40L-POOL,ESTIMATION_ONLY,SLEEP-L,POOL,"posinact40_frac (light, CC1-CC4)",CombZ_wb:c3,0.0004054064726555,0.000716195260478537,217.240465420975,,-0.00100617432622858,0.00181698727153958,OK,TRUE,KR t (component; no p reported)
SLEEP-L-IA40L-POOL,ESTIMATION_ONLY,SLEEP-L,POOL,"posinact40_frac (light, CC1-CC4)",CombZ_wb:c4,7.51421769519694e-05,0.000717769284325008,218.565525249837,,-0.00133949289426754,0.00148977724817148,OK,FALSE,KR t (component; no p reported)
