AnimalNum,Sex,Batch,Group,CageEpisodeID,light_phase_crossing_rate,posinact40_light,posinact60_light,posinact40_active,CombZ
3,Male,B1,RES,B1|sys.1|CC1,2.3333333333333335,0.9938030324048466,0.9926083101828893,0.9613012976021896,0.45065526776072057
4,Male,B1,SUS,B1|sys.4|CC1,3.1666666666666665,0.9939581018465536,0.9905393981381699,0.9440823799260352,-0.624988958625248
OQ754,Male,B1,SUS,B1|sys.1|CC1,2.5,0.9960180787024675,0.9923332638872995,0.9399208292542056,-0.9346935814868342
OQ755,Male,B1,SUS,B1|sys.4|CC1,2,0.9960075231503557,0.9935402083341722,0.9325851654624949,-0.5351432535474451
OQ762,Male,B1,RES,B1|sys.1|CC1,3.1666666666666665,0.9944195138856217,0.9897068518510571,0.9331780730535717,-0.2132697621731856
OQ764,Male,B1,SUS,B1|sys.4|CC1,2,0.9985053240756194,0.9950422685179445,0.9268002187686353,-0.9317824898572252
OQ770,Male,B1,SUS,B1|sys.2|CC1,2.5833333333333335,0.993172453697081,0.9909159490686876,0.9528398396334359,-0.6272605180229548
OQ771,Male,B1,SUS,B1|sys.5|CC1,7.166666666666667,0.9842555324181362,0.9755991435216533,0.9490597667646313,-0.8894992471347187
OQ772,Male,B1,RES,B1|sys.1|CC1,6,0.9850495601804168,0.974973564815742,0.8883360365040213,-0.0708303837557376
OQ773,Male,B1,RES,B1|sys.4|CC1,2.8333333333333335,0.9928926157344271,0.9894553472156878,0.936785362345951,-0.26588896986568406
OR104,Male,B2,RES,B2|sys.1|CC1,1.6666666666666667,0.9949384953688692,0.9937860416648564,0.9599792928229199,1.1127925879543379
OR105,Male,B2,RES,B2|sys.2|CC1,1.8333333333333333,0.9944222453678095,0.9944222453678095,0.9578785912793911,0.2814820685790306
OR106,Male,B2,RES,B2|sys.3|CC1,3.8333333333333335,0.988971689818082,0.9847375462949276,0.966226851245376,0.11665299797880783
OR111,Male,B2,SUS,B2|sys.5|CC1,1.8333333333333333,0.9963049305478732,0.9963049305478732,0.9653588387245549,-0.5679793152264747
OR112,Male,B2,RES,B2|sys.1|CC1,2.3333333333333335,0.9959513657402109,0.9917498842599215,0.9784844811577471,0.49121981811299087
OR113,Male,B2,SUS,B2|sys.2|CC1,1.3333333333333333,0.9974261342651314,0.9974261342651314,0.9703273878486425,-0.48359895882887166
OR120,Male,B2,RES,B2|sys.3|CC1,0.8333333333333334,0.9980847222220015,0.9960825462970468,0.9610887082999574,0.017851251796841796
OR122,Male,B2,RES,B2|sys.5|CC1,0.6666666666666666,0.9988518750005299,0.9988518750005299,0.9628748074451463,1.0573961791203055
OR130,Male,B2,RES,B2|sys.1|CC1,2.1666666666666665,0.9938380092603188,0.9913699768538828,0.9637955588172272,0.5902636626850265
OR131,Male,B2,RES,B2|sys.2|CC1,0.8333333333333334,0.9971524536995976,0.9971524536995976,0.9611746290320407,0.5953647756120027
OR134,Male,B2,RES,B2|sys.3|CC1,2.6666666666666665,0.9926230555496834,0.9904428009192149,0.960394020219643,-0.4263357179509503
OR135,Male,B2,RES,B2|sys.5|CC1,2,0.9948679861040027,0.992635717585131,0.9461020293774502,0.7819220569971009
OR138,Male,B2,RES,B2|sys.1|CC1,1.1666666666666667,0.9968509490732793,0.9918969212969144,0.9762126333230071,0.2344678804046526
OR139,Male,B2,RES,B2|sys.2|CC1,1.3333333333333333,0.9982513657433015,0.9969732407452884,0.9679502708969692,1.2677470809385187
OR140,Male,B2,RES,B2|sys.3|CC1,3.8333333333333335,0.9921336574079814,0.9879674768558255,0.9682639000929489,1.0870378540161314
OR141,Male,B2,RES,B2|sys.5|CC1,1.6666666666666667,0.9981325231492519,0.997179351851896,0.960892212153175,1.6495714850693983
1545,Female,B3,SUS,B3|sys.2|CC1,1.1666666666666667,0.9966405092566102,0.995395532404935,0.9428630625652491,-1.1408416844123752
1546,Female,B3,SUS,B3|sys.4|CC1,2.25,0.9925309027786609,0.9916047685179445,0.9426244824604684,-1.6528329135937845
1547,Female,B3,SUS,B3|sys.5|CC1,2.8333333333333335,0.9910309490727054,0.9897688888841205,0.9104739155112618,-0.6706909727150354
OR419,Female,B3,RES,B3|sys.1|CC1,1.25,0.996729328704101,0.9957045833324945,0.9240591652704316,0.6525396906490052
OR420,Female,B3,SUS,B3|sys.2|CC1,1.9166666666666667,0.9940344907398577,0.9894706481474417,0.9384886840621339,-0.5195203698866675
OR424,Female,B3,RES,B3|sys.1|CC1,0.5,0.9992495138888006,0.9992495138888006,0.9296771464524709,-0.2432547283136023
OR425,Female,B3,RES,B3|sys.2|CC1,0.5,0.9991824074034338,0.9978809490689525,0.9428505899064058,0.16902908407461073
OR426,Female,B3,SUS,B3|sys.5|CC1,7.833333333333333,0.9786438657398577,0.9725700694432965,0.9456621538397744,-0.3442205594992358
OR428,Female,B3,SUS,B3|sys.1|CC1,3.1666666666666665,0.9912099768442136,0.9887612268439046,0.8781977410415441,-1.6117914138700407
OR429,Female,B3,RES,B3|sys.4|CC1,0.5,0.999784351852205,0.9987461574099682,0.923650303239552,0.020705469656809024
OR430,Female,B3,RES,B3|sys.5|CC1,0.75,0.9989935648165367,0.9989935648165367,0.9296846578691282,-0.2509088046653395
OR432,Female,B3,SUS,B3|sys.1|CC1,2.5,0.9960959027707577,0.9912461111059895,0.8955992759019613,-1.3148145442876433
OR433,Female,B3,SUS,B3|sys.4|CC1,0.5,0.9990935879614619,0.9990935879614619,0.9304638047811284,-0.38315672628636666
OR434,Female,B3,RES,B3|sys.5|CC1,1.0833333333333333,0.9995378935171498,0.9983013888862398,0.8989292664979883,-0.22748471409051668
OR436,Female,B3,SUS,B3|sys.2|CC1,0.16666666666666666,1,0.9990649305559971,0.9533893122151796,-0.4265021315175569
OR437,Female,B3,RES,B3|sys.4|CC1,2.6666666666666665,0.9947646064835566,0.9903512037076332,0.921193398618843,0.22652835999083118
OR529,Female,B4,SUS,B4|sys.2|CC1,3.4166666666666665,0.9908376157394162,0.9908376157394162,0.9331479758993964,-0.646417507112976
OR530,Female,B4,RES,B4|sys.4|CC1,0.16666666666666666,0.9996809953727104,0.9996809953727104,0.9289943257713725,-0.14835591236024645
OR531,Female,B4,RES,B4|sys.5|CC1,3.1666666666666665,0.9943456944436939,0.9901108333358059,0.9542633752415243,-0.018398943217598766
OR550,Female,B4,SUS,B4|sys.1|CC1,4.333333333333333,0.98915456019066,0.9830998611174248,0.9227616507753283,-0.7900042462478563
OR551,Female,B4,SUS,B4|sys.2|CC1,5,0.9884990972225313,0.9784987731498701,0.9250067243898855,-0.5610663696333966
OR552,Female,B4,SUS,B4|sys.4|CC1,2.1666666666666665,0.9979303240776062,0.9933846527779544,0.9431638578664576,-0.7106881081665013
OR553,Female,B4,RES,B4|sys.1|CC1,0.5,0.9995722453682511,0.998530555555114,0.945559419665634,-0.10306437550066719
OR554,Female,B4,RES,B4|sys.2|CC1,1.5,0.9977510185208586,0.9943123148160952,0.9359235209692556,0.07567965618743092
OR555,Female,B4,SUS,B4|sys.4|CC1,0.8333333333333334,0.9980856712935148,0.9959884722199704,0.9349856963295303,-1.1354531408405533
OR556,Female,B4,SUS,B4|sys.5|CC1,2.8333333333333335,0.994208796294751,0.9895241666612802,0.9347963530507055,-0.678817876495425
OR559,Female,B4,RES,B4|sys.1|CC1,2.1666666666666665,0.9961934259257935,0.9927031944471377,0.9405508882186527,0.17782190029552486
OR560,Female,B4,RES,B4|sys.2|CC1,3.3333333333333335,0.9938604166717441,0.9916521064881926,0.9448475241331891,0.7413568562340638
OR561,Female,B4,RES,B4|sys.4|CC1,4.333333333333333,0.9901797916602205,0.9875022685141475,0.9455118349220303,0.3355180577651523
OR562,Female,B4,RES,B4|sys.5|CC1,3,0.9950476620318713,0.9893691666645033,0.9438342122629749,0.1210541173331541
OR568,Female,B4,RES,B4|sys.5|CC1,2.3333333333333335,0.9954679166663576,0.9942558564797596,0.9117781660931714,0.11850850467184608
13856,Male,B5,SUS,B5|sys.4|CC1,2.5833333333333335,0.9939379861123032,0.9897288194409123,0.9321863548414149,-0.44353029885773526
13857,Male,B5,RES,B5|sys.5|CC1,3.6666666666666665,0.9901899537002599,0.9880093055522,0.9242539582799684,0.1231321144480301
303,Male,B5,SUS,B5|sys.5|CC1,1.3333333333333333,0.9951632870347411,0.9951632870347411,0.9156089771286635,-0.6110903113479307
304,Male,B5,RES,B5|sys.4|CC1,3.0833333333333335,0.9932250925898551,0.9905866435170174,0.9425063414478148,-0.33343032621235696
310,Male,B5,RES,B5|sys.1|CC1,2.8333333333333335,0.9964161342658379,0.99421918982157,0.9391362130530813,0.006508194878095726
313,Male,B5,SUS,B5|sys.2|CC1,2.4166666666666665,0.9946203703736818,0.9923018981516362,0.944012559233183,-1.4204248723117987
314,Male,B5,RES,B5|sys.5|CC1,5.916666666666667,0.9886381944462105,0.9793053703672356,0.9233207528477692,0.16425188378718844
317,Male,B5,SUS,B5|sys.1|CC1,2.8333333333333335,0.991279166660927,0.9880582870322245,0.946746776324348,-1.2929071246966632
318,Male,B5,RES,B5|sys.2|CC1,4.5,0.9874347222182486,0.9841976851831984,0.9223000630177295,-0.2652901788878367
319,Male,B5,SUS,B5|sys.4|CC1,3.3333333333333335,0.9924446759234976,0.9903422222148489,0.9478975699898657,-0.571812546855905
OR620,Male,B5,SUS,B5|sys.1|CC1,1.75,0.9960535416724505,0.9960535416724505,0.9588597183994316,-0.6717962066897556
OR625,Male,B5,SUS,B5|sys.2|CC1,2,0.9946701851873486,0.9899706481507531,0.9498623689299194,-0.44627038128423574
OR628,Male,B5,SUS,B5|sys.1|CC1,3.8333333333333335,0.9906374536951383,0.9884650694385723,0.9444249790197767,-0.5316262397200733
OR629,Male,B5,RES,B5|sys.2|CC1,0.8333333333333334,0.9974203935155163,0.9963572453679862,0.9428332909462321,0.10228944843337334
OR630,Male,B5,RES,B5|sys.4|CC1,5.166666666666667,0.9843517824124407,0.9797424074124407,0.956558270064057,0.18742347006009583
654,Female,B6,RES,B6|sys.4|CC1,1.4166666666666667,0.9977590509200538,0.9946835648075298,0.9551096566051991,0.39762332846976617
656,Female,B6,SUS,B6|sys.3|CC1,4.333333333333333,0.9896116666771747,0.9825626389020019,0.9666022852176711,-0.5169253654747157
662,Female,B6,SUS,B6|sys.5|CC1,1,0.9979258101847437,0.9969156018506597,0.9447600603961634,-0.4986644336123656
663,Female,B6,SUS,B6|sys.4|CC1,0.3333333333333333,0.9993372222229286,0.9993372222229286,0.9668683904613755,-0.619998081410667
675,Female,B6,RES,B6|sys.3|CC1,4.833333333333333,0.9898659027781751,0.9827398379643758,0.9603178918306479,1.2649876700580633
676,Female,B6,RES,B6|sys.1|CC1,3.5,0.9923343055502132,0.9923343055502132,0.9070145451149011,0.1536033567370919
690,Female,B6,RES,B6|sys.3|CC1,1.1666666666666667,0.999018217595639,0.9967138888880058,0.9843375079049528,1.5650303756511617
691,Female,B6,RES,B6|sys.1|CC1,1.1666666666666667,0.9993142592631005,0.9970597916731128,0.9620382742514338,0.9973748376187196
692,Female,B6,RES,B6|sys.5|CC1,1.1666666666666667,0.9957776851786507,0.9945859490666125,0.9889066452166982,0.8675608576209851
693,Female,B6,RES,B6|sys.4|CC1,1,0.9976728240704095,0.996460740737341,0.9665497693544566,0.8001278710546966
694,Female,B6,RES,B6|sys.1|CC1,1.6666666666666667,0.9966646759212017,0.9966646759212017,0.9679811288010671,0.9590809873476528
695,Female,B6,RES,B6|sys.5|CC1,1.75,0.9965963657365905,0.9955624768469069,0.9728094589164101,0.45312955862742776
696,Female,B6,RES,B6|sys.4|CC1,1.1666666666666667,0.9976777546328527,0.9953779629645524,0.9471142752077929,0.15537868831562615
OR646,Female,B6,RES,B6|sys.3|CC1,1.6666666666666667,0.9975695370358449,0.9963606250010155,0.9226178872613303,0.016182582621944788
OR647,Female,B6,RES,B6|sys.1|CC1,0.6666666666666666,0.9986179861095217,0.9975647453687809,0.9600265492745007,0.033349472530636484
