scope,Sex,Group,measure,n,median,q25,q75,min,max,n_ge_0.99
sex_group,Female,RES,light_phase_crossing_rate,28,1.3333333333333335,0.9375,2.4166666666666665,0.16666666666666666,4.833333333333333,
sex_group,Female,RES,posinact40_light,28,0.9976211805531272,0.9953628530077361,0.9990592650475878,0.9898659027781751,0.999784351852205,27
sex_group,Female,SUS,light_phase_crossing_rate,18,2.375,1.0416666666666667,3.3541666666666665,0.16666666666666666,7.833333333333333,
sex_group,Female,SUS,posinact40_light,18,0.9941216435173044,0.9908859490727384,0.9979291956043905,0.9786438657398577,1,14
sex_group,Male,RES,light_phase_crossing_rate,25,2.3333333333333335,1.6666666666666667,3.6666666666666665,0.6666666666666666,6,
sex_group,Male,RES,posinact40_light,25,0.9944195138856217,0.9921336574079814,0.9968509490732793,0.9843517824124407,0.9988518750005299,20
sex_group,Male,SUS,light_phase_crossing_rate,16,2.458333333333333,1.9583333333333333,2.9166666666666665,1.3333333333333333,7.166666666666667,
sex_group,Male,SUS,posinact40_light,16,0.9946452777805153,0.992990509253685,0.9960269444449632,0.9842555324181362,0.9985053240756194,15
overall_87,all,all,light_phase_crossing_rate,87,2.1666666666666665,1.1666666666666667,3.1666666666666665,0.16666666666666666,7.833333333333333,
overall_87,all,all,posinact40_light,87,0.9954679166663576,0.9925769791641721,0.9977550347204562,0.9786438657398577,1,76
