AnimalNum,Sex,Batch,Group,CombZ,PRE60,POST60,dcookie60,PRE45,POST45,dcookie45,or646_protocol_deviation,epm1_date
OR104,Male,B2,RES,1.1127925879543379,3,17,14,4,22.6666666666667,18.6666666666667,FALSE,2023-02-23
OR105,Male,B2,RES,0.2814820685790306,4,52,48,5.33333333333333,65.3333333333333,60,FALSE,2023-02-23
OR106,Male,B2,RES,0.11665299797880783,4,91,87,5.33333333333333,120,114.666666666667,FALSE,2023-02-23
OR111,Male,B2,SUS,-0.5679793152264747,6,32,26,5.33333333333333,41.3333333333333,36,FALSE,2023-02-23
OR112,Male,B2,RES,0.49121981811299087,4,14,10,5.33333333333333,18.6666666666667,13.3333333333333,FALSE,2023-02-23
OR113,Male,B2,SUS,-0.48359895882887166,0,30,30,0,40,40,FALSE,2023-02-23
OR120,Male,B2,RES,0.017851251796841796,14,44,30,18.6666666666667,58.6666666666667,40,FALSE,2023-02-23
OR122,Male,B2,RES,1.0573961791203055,0,18,18,0,22.6666666666667,22.6666666666667,FALSE,2023-02-23
OR130,Male,B2,RES,0.5902636626850265,0,18,18,0,24,24,FALSE,2023-02-23
OR131,Male,B2,RES,0.5953647756120027,0,28,28,0,37.3333333333333,37.3333333333333,FALSE,2023-02-23
OR134,Male,B2,RES,-0.4263357179509503,8,10,2,5.33333333333333,13.3333333333333,8,FALSE,2023-02-23
OR135,Male,B2,RES,0.7819220569971009,0,50,50,0,66.6666666666667,66.6666666666667,FALSE,2023-02-23
OR138,Male,B2,RES,0.2344678804046526,0,46,46,0,56,56,FALSE,2023-02-23
OR139,Male,B2,RES,1.2677470809385187,8,30,22,8,40,32,FALSE,2023-02-23
OR140,Male,B2,RES,1.0870378540161314,14,58,44,18.6666666666667,76,57.3333333333333,FALSE,2023-02-23
OR141,Male,B2,RES,1.6495714850693983,10,77,67,13.3333333333333,98.6666666666667,85.3333333333334,FALSE,2023-02-23
1545,Female,B3,SUS,-1.1408416844123752,20,22,2,13.3333333333333,29.3333333333333,16,FALSE,2023-05-19
1546,Female,B3,SUS,-1.6528329135937845,4,56,52,5.33333333333333,74.6666666666667,69.3333333333333,FALSE,2023-05-19
1547,Female,B3,SUS,-0.6706909727150354,2,12,10,2.66666666666667,16,13.3333333333333,FALSE,2023-05-19
OR419,Female,B3,RES,0.6525396906490052,0,4,4,0,5.33333333333333,5.33333333333333,FALSE,2023-05-19
OR420,Female,B3,SUS,-0.5195203698866675,0,22,22,0,29.3333333333333,29.3333333333333,FALSE,2023-05-19
OR424,Female,B3,RES,-0.2432547283136023,4,11,7,5.33333333333333,14.6666666666667,9.33333333333333,FALSE,2023-05-19
OR425,Female,B3,RES,0.16902908407461073,2,6,4,2.66666666666667,8,5.33333333333333,FALSE,2023-05-19
OR426,Female,B3,SUS,-0.3442205594992358,0,39,39,0,37.3333333333333,37.3333333333333,FALSE,2023-05-19
OR428,Female,B3,SUS,-1.6117914138700407,0,8,8,0,10.6666666666667,10.6666666666667,FALSE,2023-05-19
OR429,Female,B3,RES,0.020705469656809024,2,8,6,2.66666666666667,10.6666666666667,8,FALSE,2023-05-19
OR430,Female,B3,RES,-0.2509088046653395,0,14,14,0,18.6666666666667,18.6666666666667,FALSE,2023-05-19
OR432,Female,B3,SUS,-1.3148145442876433,8,20,12,8,25.3333333333333,17.3333333333333,FALSE,2023-05-19
OR433,Female,B3,SUS,-0.38315672628636666,0,2,2,0,2.66666666666667,2.66666666666667,FALSE,2023-05-19
OR434,Female,B3,RES,-0.22748471409051668,2,6,4,2.66666666666667,8,5.33333333333333,FALSE,2023-05-19
OR436,Female,B3,SUS,-0.4265021315175569,0,6,6,0,8,8,FALSE,2023-05-19
OR437,Female,B3,RES,0.22652835999083118,2,17,15,2.66666666666667,21.3333333333333,18.6666666666667,FALSE,2023-05-19
OR529,Female,B4,SUS,-0.646417507112976,0,18,18,0,22.6666666666667,22.6666666666667,FALSE,2023-08-19
OR530,Female,B4,RES,-0.14835591236024645,2,4,2,2.66666666666667,5.33333333333333,2.66666666666667,FALSE,2023-08-19
OR531,Female,B4,RES,-0.018398943217598766,5,47,42,6.66666666666667,62.6666666666667,56,FALSE,2023-08-19
OR550,Female,B4,SUS,-0.7900042462478563,2,32,30,2.66666666666667,42.6666666666667,40,FALSE,2023-08-19
OR551,Female,B4,SUS,-0.5610663696333966,12,40,28,8,53.3333333333333,45.3333333333333,FALSE,2023-08-19
OR552,Female,B4,SUS,-0.7106881081665013,3,39,36,4,50.6666666666667,46.6666666666667,FALSE,2023-08-19
OR553,Female,B4,RES,-0.10306437550066719,3,10,7,2.66666666666667,13.3333333333333,10.6666666666667,FALSE,2023-08-19
OR554,Female,B4,RES,0.07567965618743092,2,26,24,2.66666666666667,34.6666666666667,32,FALSE,2023-08-19
OR555,Female,B4,SUS,-1.1354531408405533,0,8,8,0,10.6666666666667,10.6666666666667,FALSE,2023-08-19
OR556,Female,B4,SUS,-0.678817876495425,10,44,34,8,58.6666666666667,50.6666666666667,FALSE,2023-08-19
OR559,Female,B4,RES,0.17782190029552486,2,28,26,2.66666666666667,37.3333333333333,34.6666666666667,FALSE,2023-08-19
OR560,Female,B4,RES,0.7413568562340638,4,11,7,5.33333333333333,14.6666666666667,9.33333333333333,FALSE,2023-08-19
OR561,Female,B4,RES,0.3355180577651523,22,70,48,24,93.3333333333333,69.3333333333333,FALSE,2023-08-19
OR562,Female,B4,RES,0.1210541173331541,6,34,28,8,45.3333333333333,37.3333333333333,FALSE,2023-08-19
OR568,Female,B4,RES,0.11850850467184608,0,32,32,0,42.6666666666667,42.6666666666667,FALSE,2023-08-19
13856,Male,B5,SUS,-0.44353029885773526,2,40,38,2.66666666666667,49.3333333333333,46.6666666666667,FALSE,2023-12-15
13857,Male,B5,RES,0.1231321144480301,0,6,6,0,8,8,FALSE,2023-12-15
303,Male,B5,SUS,-0.6110903113479307,2,28,26,0,37.3333333333333,37.3333333333333,FALSE,2023-12-15
304,Male,B5,RES,-0.33343032621235696,2,38,36,0,50.6666666666667,50.6666666666667,FALSE,2023-12-15
310,Male,B5,RES,0.006508194878095726,0,34,34,0,44,44,FALSE,2023-12-15
313,Male,B5,SUS,-1.4204248723117987,0,37,37,0,49.3333333333333,49.3333333333333,FALSE,2023-12-15
314,Male,B5,RES,0.16425188378718844,10,62,52,5.33333333333333,82.6666666666667,77.3333333333333,FALSE,2023-12-15
317,Male,B5,SUS,-1.2929071246966632,3,64,61,1.33333333333333,85.3333333333333,84,FALSE,2023-12-15
318,Male,B5,RES,-0.2652901788878367,4,62,58,0,80,80,FALSE,2023-12-15
319,Male,B5,SUS,-0.571812546855905,0,42,42,0,53.3333333333333,53.3333333333333,FALSE,2023-12-15
OR620,Male,B5,SUS,-0.6717962066897556,12,58,46,8,77.3333333333333,69.3333333333333,FALSE,2023-12-15
OR625,Male,B5,SUS,-0.44627038128423574,8,30,22,2.66666666666667,38.6666666666667,36,FALSE,2023-12-15
OR628,Male,B5,SUS,-0.5316262397200733,2,51,49,2.66666666666667,68,65.3333333333333,FALSE,2023-12-15
OR629,Male,B5,RES,0.10228944843337334,0,28,28,0,36,36,FALSE,2023-12-15
OR630,Male,B5,RES,0.18742347006009583,6,50,44,5.33333333333333,66.6666666666667,61.3333333333333,FALSE,2023-12-15
654,Female,B6,RES,0.39762332846976617,2,13,11,0,17.3333333333333,17.3333333333333,FALSE,2024-05-02
656,Female,B6,SUS,-0.5169253654747157,25,41,16,18.6666666666667,52,33.3333333333333,FALSE,2024-05-02
662,Female,B6,SUS,-0.4986644336123656,4,14,10,2.66666666666667,18.6666666666667,16,FALSE,2024-05-02
663,Female,B6,SUS,-0.619998081410667,4,8,4,0,10.6666666666667,10.6666666666667,FALSE,2024-05-02
675,Female,B6,RES,1.2649876700580633,27,56,29,29.3333333333333,74.6666666666667,45.3333333333333,FALSE,2024-05-02
676,Female,B6,RES,0.1536033567370919,23,68,45,30.6666666666667,86.6666666666667,56,FALSE,2024-05-02
690,Female,B6,RES,1.5650303756511617,2,18,16,2.66666666666667,24,21.3333333333333,FALSE,2024-05-02
691,Female,B6,RES,0.9973748376187196,8,10,2,0,13.3333333333333,13.3333333333333,FALSE,2024-05-02
692,Female,B6,RES,0.8675608576209851,2,6,4,2.66666666666667,8,5.33333333333333,FALSE,2024-05-02
693,Female,B6,RES,0.8001278710546966,15,73,58,20,94.6666666666667,74.6666666666667,FALSE,2024-05-02
694,Female,B6,RES,0.9590809873476528,6,12,6,5.33333333333333,16,10.6666666666667,FALSE,2024-05-02
695,Female,B6,RES,0.45312955862742776,15,77,62,20,102.666666666667,82.6666666666667,FALSE,2024-05-02
696,Female,B6,RES,0.15537868831562615,8,60,52,5.33333333333333,80,74.6666666666667,FALSE,2024-05-02
OR646,Female,B6,RES,0.016182582621944788,8,10,2,6.66666666666667,13.3333333333333,6.66666666666667,TRUE,2024-05-02
OR647,Female,B6,RES,0.033349472530636484,2,8,6,2.66666666666667,10.6666666666667,8,FALSE,2024-05-02
