AnimalNum,Sex,Batch,Group,component,component_order,raw_value,reference_mean,reference_sd,z,direction,signed_z,present,n_components_present,CombZ,susceptibility_threshold,below_threshold,heatmap_order_within_sex
1546,Female,B3,SUS,NOR,1,,,,-1.495218092284334,1,-1.495218092284334,TRUE,6,-1.6528329135937845,-0.3166285919797661,TRUE,1
1546,Female,B3,SUS,sucrose_pref,2,,,,-3.015990677876925,1,-3.015990677876925,TRUE,6,-1.6528329135937845,-0.3166285919797661,TRUE,1
1546,Female,B3,SUS,weight_dev,3,,,,0.15617376188860635,1,0.15617376188860635,TRUE,6,-1.6528329135937845,-0.3166285919797661,TRUE,1
1546,Female,B3,SUS,delta_cort,4,,,,6.3237987129100945,-1,-6.3237987129100945,TRUE,6,-1.6528329135937845,-0.3166285919797661,TRUE,1
1546,Female,B3,SUS,adrenal_weight,5,,,,-0.5690036747258945,-1,0.5690036747258945,TRUE,6,-1.6528329135937845,-0.3166285919797661,TRUE,1
1546,Female,B3,SUS,spleen_weight,6,,,,-0.19283256489414577,-1,0.19283256489414577,TRUE,6,-1.6528329135937845,-0.3166285919797661,TRUE,1
OR428,Female,B3,SUS,NOR,1,,,,0.5029567046936539,1,0.5029567046936539,TRUE,6,-1.6117914138700407,-0.3166285919797661,TRUE,2
OR428,Female,B3,SUS,sucrose_pref,2,,,,-2.7411112940898033,1,-2.7411112940898033,TRUE,6,-1.6117914138700407,-0.3166285919797661,TRUE,2
OR428,Female,B3,SUS,weight_dev,3,,,,-3.591996523437939,1,-3.591996523437939,TRUE,6,-1.6117914138700407,-0.3166285919797661,TRUE,2
OR428,Female,B3,SUS,delta_cort,4,,,,2.104984200553351,-1,-2.104984200553351,TRUE,6,-1.6117914138700407,-0.3166285919797661,TRUE,2
OR428,Female,B3,SUS,adrenal_weight,5,,,,2.0931643239427347,-1,-2.0931643239427347,TRUE,6,-1.6117914138700407,-0.3166285919797661,TRUE,2
OR428,Female,B3,SUS,spleen_weight,6,,,,-0.3575511541099297,-1,0.3575511541099297,TRUE,6,-1.6117914138700407,-0.3166285919797661,TRUE,2
OR432,Female,B3,SUS,NOR,1,,,,-0.2746196980434858,1,-0.2746196980434858,TRUE,6,-1.3148145442876433,-0.3166285919797661,TRUE,3
OR432,Female,B3,SUS,sucrose_pref,2,,,,-2.426585404307979,1,-2.426585404307979,TRUE,6,-1.3148145442876433,-0.3166285919797661,TRUE,3
OR432,Female,B3,SUS,weight_dev,3,,,,-3.591996523437939,1,-3.591996523437939,TRUE,6,-1.3148145442876433,-0.3166285919797661,TRUE,3
OR432,Female,B3,SUS,delta_cort,4,,,,1.8120419798312692,-1,-1.8120419798312692,TRUE,6,-1.3148145442876433,-0.3166285919797661,TRUE,3
OR432,Female,B3,SUS,adrenal_weight,5,,,,-0.5308363915908594,-1,0.5308363915908594,TRUE,6,-1.3148145442876433,-0.3166285919797661,TRUE,3
OR432,Female,B3,SUS,spleen_weight,6,,,,0.31448005169604637,-1,-0.31448005169604637,TRUE,6,-1.3148145442876433,-0.3166285919797661,TRUE,3
1545,Female,B3,SUS,NOR,1,,,,-0.09777962112787623,1,-0.09777962112787623,TRUE,6,-1.1408416844123752,-0.3166285919797661,TRUE,4
1545,Female,B3,SUS,sucrose_pref,2,,,,-1.391626973285358,1,-1.391626973285358,TRUE,6,-1.1408416844123752,-0.3166285919797661,TRUE,4
1545,Female,B3,SUS,weight_dev,3,,,,0.15617376188860635,1,0.15617376188860635,TRUE,6,-1.1408416844123752,-0.3166285919797661,TRUE,4
1545,Female,B3,SUS,delta_cort,4,,,,1.7807290908928628,-1,-1.7807290908928628,TRUE,6,-1.1408416844123752,-0.3166285919797661,TRUE,4
1545,Female,B3,SUS,adrenal_weight,5,,,,3.877484810505581,-1,-3.877484810505581,TRUE,6,-1.1408416844123752,-0.3166285919797661,TRUE,4
1545,Female,B3,SUS,spleen_weight,6,,,,-0.14639662744882034,-1,0.14639662744882034,TRUE,6,-1.1408416844123752,-0.3166285919797661,TRUE,4
OR555,Female,B4,SUS,NOR,1,,,,0.028942225464306342,1,0.028942225464306342,TRUE,6,-1.1354531408405533,-0.3166285919797661,TRUE,5
OR555,Female,B4,SUS,sucrose_pref,2,,,,-1.0345932975664907,1,-1.0345932975664907,TRUE,6,-1.1354531408405533,-0.3166285919797661,TRUE,5
OR555,Female,B4,SUS,weight_dev,3,,,,-0.78086880944303,1,-0.78086880944303,TRUE,6,-1.1354531408405533,-0.3166285919797661,TRUE,5
OR555,Female,B4,SUS,delta_cort,4,,,,0.06922420272215574,-1,-0.06922420272215574,TRUE,6,-1.1354531408405533,-0.3166285919797661,TRUE,5
OR555,Female,B4,SUS,adrenal_weight,5,,,,1.6036689177359214,-1,-1.6036689177359214,TRUE,6,-1.1354531408405533,-0.3166285919797661,TRUE,5
OR555,Female,B4,SUS,spleen_weight,6,,,,3.353305843040028,-1,-3.353305843040028,TRUE,6,-1.1354531408405533,-0.3166285919797661,TRUE,5
OR550,Female,B4,SUS,NOR,1,,,,-0.8662601875672686,1,-0.8662601875672686,TRUE,6,-0.7900042462478563,-0.3166285919797661,TRUE,6
OR550,Female,B4,SUS,sucrose_pref,2,,,,0.548785150037689,1,0.548785150037689,TRUE,6,-0.7900042462478563,-0.3166285919797661,TRUE,6
OR550,Female,B4,SUS,weight_dev,3,,,,-1.7179113807746664,1,-1.7179113807746664,TRUE,6,-0.7900042462478563,-0.3166285919797661,TRUE,6
OR550,Female,B4,SUS,delta_cort,4,,,,0.1684660265536306,-1,-0.1684660265536306,TRUE,6,-0.7900042462478563,-0.3166285919797661,TRUE,6
OR550,Female,B4,SUS,adrenal_weight,5,,,,3.03780458153483,-1,-3.03780458153483,TRUE,6,-0.7900042462478563,-0.3166285919797661,TRUE,6
OR550,Female,B4,SUS,spleen_weight,6,,,,-0.5016315489055692,-1,0.5016315489055692,TRUE,6,-0.7900042462478563,-0.3166285919797661,TRUE,6
OR552,Female,B4,SUS,NOR,1,,,,-0.18442502032356378,1,-0.18442502032356378,TRUE,6,-0.7106881081665013,-0.3166285919797661,TRUE,7
OR552,Female,B4,SUS,sucrose_pref,2,,,,-0.5419621055878647,1,-0.5419621055878647,TRUE,6,-0.7106881081665013,-0.3166285919797661,TRUE,7
OR552,Female,B4,SUS,weight_dev,3,,,,-0.78086880944303,1,-0.78086880944303,TRUE,6,-0.7106881081665013,-0.3166285919797661,TRUE,7
OR552,Female,B4,SUS,delta_cort,4,,,,0.16924847619123995,-1,-0.16924847619123995,TRUE,6,-0.7106881081665013,-0.3166285919797661,TRUE,7
OR552,Female,B4,SUS,adrenal_weight,5,,,,0.13709106327223727,-1,-0.13709106327223727,TRUE,6,-0.7106881081665013,-0.3166285919797661,TRUE,7
OR552,Female,B4,SUS,spleen_weight,6,,,,2.450533174181072,-1,-2.450533174181072,TRUE,6,-0.7106881081665013,-0.3166285919797661,TRUE,7
OR556,Female,B4,SUS,NOR,1,,,,0.6258193047759663,1,0.6258193047759663,TRUE,6,-0.678817876495425,-0.3166285919797661,TRUE,8
OR556,Female,B4,SUS,sucrose_pref,2,,,,-1.4724922551651765,1,-1.4724922551651765,TRUE,6,-0.678817876495425,-0.3166285919797661,TRUE,8
OR556,Female,B4,SUS,weight_dev,3,,,,-0.78086880944303,1,-0.78086880944303,TRUE,6,-0.678817876495425,-0.3166285919797661,TRUE,8
OR556,Female,B4,SUS,delta_cort,4,,,,-0.5868476710033953,-1,0.5868476710033953,TRUE,6,-0.678817876495425,-0.3166285919797661,TRUE,8
OR556,Female,B4,SUS,adrenal_weight,5,,,,1.376619020324297,-1,-1.376619020324297,TRUE,6,-0.678817876495425,-0.3166285919797661,TRUE,8
OR556,Female,B4,SUS,spleen_weight,6,,,,1.655594149819408,-1,-1.655594149819408,TRUE,6,-0.678817876495425,-0.3166285919797661,TRUE,8
1547,Female,B3,SUS,NOR,1,,,,0.2716010413420733,1,0.2716010413420733,TRUE,6,-0.6706909727150354,-0.3166285919797661,TRUE,9
1547,Female,B3,SUS,sucrose_pref,2,,,,-1.067043863495699,1,-1.067043863495699,TRUE,6,-0.6706909727150354,-0.3166285919797661,TRUE,9
1547,Female,B3,SUS,weight_dev,3,,,,-0.78086880944303,1,-0.78086880944303,TRUE,6,-0.6706909727150354,-0.3166285919797661,TRUE,9
1547,Female,B3,SUS,delta_cort,4,,,,3.9386920111583645,-1,-3.9386920111583645,TRUE,6,-0.6706909727150354,-0.3166285919797661,TRUE,9
1547,Female,B3,SUS,adrenal_weight,5,,,,-0.13569275442815384,-1,0.13569275442815384,TRUE,6,-0.6706909727150354,-0.3166285919797661,TRUE,9
1547,Female,B3,SUS,spleen_weight,6,,,,-1.3551650520366536,-1,1.3551650520366536,TRUE,6,-0.6706909727150354,-0.3166285919797661,TRUE,9
OR529,Female,B4,SUS,NOR,1,,,,-1.6054120449101,1,-1.6054120449101,TRUE,6,-0.646417507112976,-0.3166285919797661,TRUE,10
OR529,Female,B4,SUS,sucrose_pref,2,,,,-0.4137534526884464,1,-0.4137534526884464,TRUE,6,-0.646417507112976,-0.3166285919797661,TRUE,10
OR529,Female,B4,SUS,weight_dev,3,,,,-2.6549539521063026,1,-2.6549539521063026,TRUE,6,-0.646417507112976,-0.3166285919797661,TRUE,10
OR529,Female,B4,SUS,delta_cort,4,,,,-3.272088594509631,-1,3.272088594509631,TRUE,6,-0.646417507112976,-0.3166285919797661,TRUE,10
OR529,Female,B4,SUS,adrenal_weight,5,,,,2.236291635699114,-1,-2.236291635699114,TRUE,6,-0.646417507112976,-0.3166285919797661,TRUE,10
OR529,Female,B4,SUS,spleen_weight,6,,,,0.24018255178352418,-1,-0.24018255178352418,TRUE,6,-0.646417507112976,-0.3166285919797661,TRUE,10
663,Female,B6,SUS,NOR,1,,,,0.21493058996995942,1,0.21493058996995942,TRUE,6,-0.619998081410667,-0.3166285919797661,TRUE,11
663,Female,B6,SUS,sucrose_pref,2,,,,-4.347200260597565,1,-4.347200260597565,TRUE,6,-0.619998081410667,-0.3166285919797661,TRUE,11
663,Female,B6,SUS,weight_dev,3,,,,0.15617376188860635,1,0.15617376188860635,TRUE,6,-0.619998081410667,-0.3166285919797661,TRUE,11
663,Female,B6,SUS,delta_cort,4,,,,-3.2386669438907543,-1,3.2386669438907543,TRUE,6,-0.619998081410667,-0.3166285919797661,TRUE,11
663,Female,B6,SUS,adrenal_weight,5,,,,-0.5835970476892891,-1,0.5835970476892891,TRUE,6,-0.619998081410667,-0.3166285919797661,TRUE,11
663,Female,B6,SUS,spleen_weight,6,,,,3.5661565713050463,-1,-3.5661565713050463,TRUE,6,-0.619998081410667,-0.3166285919797661,TRUE,11
OR551,Female,B4,SUS,NOR,1,,,,-0.3507373072301483,1,-0.3507373072301483,TRUE,6,-0.5610663696333966,-0.3166285919797661,TRUE,12
OR551,Female,B4,SUS,sucrose_pref,2,,,,0.25019010349951276,1,0.25019010349951276,TRUE,6,-0.5610663696333966,-0.3166285919797661,TRUE,12
OR551,Female,B4,SUS,weight_dev,3,,,,-0.78086880944303,1,-0.78086880944303,TRUE,6,-0.5610663696333966,-0.3166285919797661,TRUE,12
OR551,Female,B4,SUS,delta_cort,4,,,,0.771590925707288,-1,-0.771590925707288,TRUE,6,-0.5610663696333966,-0.3166285919797661,TRUE,12
OR551,Female,B4,SUS,adrenal_weight,5,,,,1.09127314164809,-1,-1.09127314164809,TRUE,6,-0.5610663696333966,-0.3166285919797661,TRUE,12
OR551,Female,B4,SUS,spleen_weight,6,,,,0.6221181372713359,-1,-0.6221181372713359,TRUE,6,-0.5610663696333966,-0.3166285919797661,TRUE,12
OR420,Female,B3,SUS,NOR,1,,,,1.594204863549038,1,1.594204863549038,TRUE,6,-0.5195203698866675,-0.3166285919797661,TRUE,13
OR420,Female,B3,SUS,sucrose_pref,2,,,,-0.056553139171309746,1,-0.056553139171309746,TRUE,6,-0.5195203698866675,-0.3166285919797661,TRUE,13
OR420,Female,B3,SUS,weight_dev,3,,,,-1.7179113807746664,1,-1.7179113807746664,TRUE,6,-0.5195203698866675,-0.3166285919797661,TRUE,13
OR420,Female,B3,SUS,delta_cort,4,,,,1.810763231282075,-1,-1.810763231282075,TRUE,6,-0.5195203698866675,-0.3166285919797661,TRUE,13
OR420,Female,B3,SUS,adrenal_weight,5,,,,-0.6607869032172863,-1,0.6607869032172863,TRUE,6,-0.5195203698866675,-0.3166285919797661,TRUE,13
OR420,Female,B3,SUS,spleen_weight,6,,,,1.7868862348582781,-1,-1.7868862348582781,TRUE,6,-0.5195203698866675,-0.3166285919797661,TRUE,13
656,Female,B6,SUS,NOR,1,,,,0.20710550758225152,1,0.20710550758225152,TRUE,6,-0.5169253654747157,-0.3166285919797661,TRUE,14
656,Female,B6,SUS,sucrose_pref,2,,,,-5.877469362379298,1,-5.877469362379298,TRUE,6,-0.5169253654747157,-0.3166285919797661,TRUE,14
656,Female,B6,SUS,weight_dev,3,,,,-1.7179113807746664,1,-1.7179113807746664,TRUE,6,-0.5169253654747157,-0.3166285919797661,TRUE,14
656,Female,B6,SUS,delta_cort,4,,,,-1.818853392199761,-1,1.818853392199761,TRUE,6,-0.5169253654747157,-0.3166285919797661,TRUE,14
656,Female,B6,SUS,adrenal_weight,5,,,,-0.8552582982386495,-1,0.8552582982386495,TRUE,6,-0.5169253654747157,-0.3166285919797661,TRUE,14
656,Female,B6,SUS,spleen_weight,6,,,,-1.6126113522850083,-1,1.6126113522850083,TRUE,6,-0.5169253654747157,-0.3166285919797661,TRUE,14
662,Female,B6,SUS,NOR,1,,,,-1.166270440192193,1,-1.166270440192193,TRUE,6,-0.4986644336123656,-0.3166285919797661,TRUE,15
662,Female,B6,SUS,sucrose_pref,2,,,,-1.3498003594712948,1,-1.3498003594712948,TRUE,6,-0.4986644336123656,-0.3166285919797661,TRUE,15
662,Female,B6,SUS,weight_dev,3,,,,-0.78086880944303,1,-0.78086880944303,TRUE,6,-0.4986644336123656,-0.3166285919797661,TRUE,15
662,Female,B6,SUS,delta_cort,4,,,,-2.399993550557452,-1,2.399993550557452,TRUE,6,-0.4986644336123656,-0.3166285919797661,TRUE,15
662,Female,B6,SUS,adrenal_weight,5,,,,2.1535958555732044,-1,-2.1535958555732044,TRUE,6,-0.4986644336123656,-0.3166285919797661,TRUE,15
662,Female,B6,SUS,spleen_weight,6,,,,-0.058555312448076845,-1,0.058555312448076845,TRUE,6,-0.4986644336123656,-0.3166285919797661,TRUE,15
OR644,Female,B6,CON,NOR,1,,,,-1.76997586339048,1,-1.76997586339048,TRUE,6,-0.4910994695753458,-0.3166285919797661,TRUE,16
OR644,Female,B6,CON,sucrose_pref,2,,,,-0.37104405279797703,1,-0.37104405279797703,TRUE,6,-0.4910994695753458,-0.3166285919797661,TRUE,16
OR644,Female,B6,CON,weight_dev,3,,,,-0.78086880944303,1,-0.78086880944303,TRUE,6,-0.4910994695753458,-0.3166285919797661,TRUE,16
OR644,Female,B6,CON,delta_cort,4,,,,-0.34524565373092103,-1,0.34524565373092103,TRUE,6,-0.4910994695753458,-0.3166285919797661,TRUE,16
OR644,Female,B6,CON,adrenal_weight,5,,,,0.8454309355724293,-1,-0.8454309355724293,TRUE,6,-0.4910994695753458,-0.3166285919797661,TRUE,16
OR644,Female,B6,CON,spleen_weight,6,,,,-0.4754771900209207,-1,0.4754771900209207,TRUE,6,-0.4910994695753458,-0.3166285919797661,TRUE,16
OR415,Female,B3,CON,NOR,1,,,,-0.9320256988238139,1,-0.9320256988238139,TRUE,6,-0.42667115993774507,-0.3166285919797661,TRUE,17
OR415,Female,B3,CON,sucrose_pref,2,,,,0.7365764975241866,1,0.7365764975241866,TRUE,6,-0.42667115993774507,-0.3166285919797661,TRUE,17
OR415,Female,B3,CON,weight_dev,3,,,,0.15617376188860635,1,0.15617376188860635,TRUE,6,-0.42667115993774507,-0.3166285919797661,TRUE,17
OR415,Female,B3,CON,delta_cort,4,,,,-0.029354519400232884,-1,0.029354519400232884,TRUE,6,-0.42667115993774507,-0.3166285919797661,TRUE,17
OR415,Female,B3,CON,adrenal_weight,5,,,,0.88453369133332,-1,-0.88453369133332,TRUE,6,-0.42667115993774507,-0.3166285919797661,TRUE,17
OR415,Female,B3,CON,spleen_weight,6,,,,1.6655723482823623,-1,-1.6655723482823623,TRUE,6,-0.42667115993774507,-0.3166285919797661,TRUE,17
OR436,Female,B3,SUS,NOR,1,,,,0.3794679790249269,1,0.3794679790249269,TRUE,6,-0.4265021315175569,-0.3166285919797661,TRUE,18
OR436,Female,B3,SUS,sucrose_pref,2,,,,-3.4600879699100235,1,-3.4600879699100235,TRUE,6,-0.4265021315175569,-0.3166285919797661,TRUE,18
OR436,Female,B3,SUS,weight_dev,3,,,,-1.7179113807746664,1,-1.7179113807746664,TRUE,6,-0.4265021315175569,-0.3166285919797661,TRUE,18
OR436,Female,B3,SUS,delta_cort,4,,,,-1.392065461680912,-1,1.392065461680912,TRUE,6,-0.4265021315175569,-0.3166285919797661,TRUE,18
OR436,Female,B3,SUS,adrenal_weight,5,,,,-0.8800670322764239,-1,0.8800670322764239,TRUE,6,-0.4265021315175569,-0.3166285919797661,TRUE,18
OR436,Female,B3,SUS,spleen_weight,6,,,,0.03261391140291427,-1,-0.03261391140291427,TRUE,6,-0.4265021315175569,-0.3166285919797661,TRUE,18
OR433,Female,B3,SUS,NOR,1,,,,0.7838659405069489,1,0.7838659405069489,TRUE,6,-0.38315672628636666,-0.3166285919797661,TRUE,19
OR433,Female,B3,SUS,sucrose_pref,2,,,,0.5285082370266561,1,0.5285082370266561,TRUE,6,-0.38315672628636666,-0.3166285919797661,TRUE,19
OR433,Female,B3,SUS,weight_dev,3,,,,-1.7179113807746664,1,-1.7179113807746664,TRUE,6,-0.38315672628636666,-0.3166285919797661,TRUE,19
OR433,Female,B3,SUS,delta_cort,4,,,,1.0960983346219781,-1,-1.0960983346219781,TRUE,6,-0.38315672628636666,-0.3166285919797661,TRUE,19
OR433,Female,B3,SUS,adrenal_weight,5,,,,-1.8285240181820213,-1,1.8285240181820213,TRUE,6,-0.38315672628636666,-0.3166285919797661,TRUE,19
OR433,Female,B3,SUS,spleen_weight,6,,,,2.6258288380371817,-1,-2.6258288380371817,TRUE,6,-0.38315672628636666,-0.3166285919797661,TRUE,19
OR537,Female,B4,CON,NOR,1,,,,-0.0733482388605098,1,-0.0733482388605098,TRUE,6,-0.3684357948848838,-0.3166285919797661,TRUE,20
OR537,Female,B4,CON,sucrose_pref,2,,,,-1.4032117925420031,1,-1.4032117925420031,TRUE,6,-0.3684357948848838,-0.3166285919797661,TRUE,20
OR537,Female,B4,CON,weight_dev,3,,,,0.15617376188860635,1,0.15617376188860635,TRUE,6,-0.3684357948848838,-0.3166285919797661,TRUE,20
OR537,Female,B4,CON,delta_cort,4,,,,1.0697175451698673,-1,-1.0697175451698673,TRUE,6,-0.3684357948848838,-0.3166285919797661,TRUE,20
OR537,Female,B4,CON,adrenal_weight,5,,,,-0.9370453335280097,-1,0.9370453335280097,TRUE,6,-0.3684357948848838,-0.3166285919797661,TRUE,20
OR537,Female,B4,CON,spleen_weight,6,,,,0.7575562881535386,-1,-0.7575562881535386,TRUE,6,-0.3684357948848838,-0.3166285919797661,TRUE,20
OR426,Female,B3,SUS,NOR,1,,,,0.7532725112210193,1,0.7532725112210193,TRUE,6,-0.3442205594992358,-0.3166285919797661,TRUE,21
OR426,Female,B3,SUS,sucrose_pref,2,,,,-0.33063327117294367,1,-0.33063327117294367,TRUE,6,-0.3442205594992358,-0.3166285919797661,TRUE,21
OR426,Female,B3,SUS,weight_dev,3,,,,-0.78086880944303,1,-0.78086880944303,TRUE,6,-0.3442205594992358,-0.3166285919797661,TRUE,21
OR426,Female,B3,SUS,delta_cort,4,,,,1.1987810145190105,-1,-1.1987810145190105,TRUE,6,-0.3442205594992358,-0.3166285919797661,TRUE,21
OR426,Female,B3,SUS,adrenal_weight,5,,,,0.1752583464072712,-1,-0.1752583464072712,TRUE,6,-0.3442205594992358,-0.3166285919797661,TRUE,21
OR426,Female,B3,SUS,spleen_weight,6,,,,0.33305442667417884,-1,-0.33305442667417884,TRUE,6,-0.3442205594992358,-0.3166285919797661,TRUE,21
OR430,Female,B3,RES,NOR,1,,,,0.8979955510839268,1,0.8979955510839268,TRUE,6,-0.2509088046653395,-0.3166285919797661,FALSE,22
OR430,Female,B3,RES,sucrose_pref,2,,,,-1.7960351363555214,1,-1.7960351363555214,TRUE,6,-0.2509088046653395,-0.3166285919797661,FALSE,22
OR430,Female,B3,RES,weight_dev,3,,,,-0.78086880944303,1,-0.78086880944303,TRUE,6,-0.2509088046653395,-0.3166285919797661,FALSE,22
OR430,Female,B3,RES,delta_cort,4,,,,-0.5246925725568454,-1,0.5246925725568454,TRUE,6,-0.2509088046653395,-0.3166285919797661,FALSE,22
OR430,Female,B3,RES,adrenal_weight,5,,,,1.1866913494856743,-1,-1.1866913494856743,TRUE,6,-0.2509088046653395,-0.3166285919797661,FALSE,22
OR430,Female,B3,RES,spleen_weight,6,,,,-0.8354543436514167,-1,0.8354543436514167,TRUE,6,-0.2509088046653395,-0.3166285919797661,FALSE,22
OR424,Female,B3,RES,NOR,1,,,,0.2211864008944066,1,0.2211864008944066,TRUE,6,-0.2432547283136023,-0.3166285919797661,FALSE,23
OR424,Female,B3,RES,sucrose_pref,2,,,,1.1548885280853405,1,1.1548885280853405,TRUE,6,-0.2432547283136023,-0.3166285919797661,FALSE,23
OR424,Female,B3,RES,weight_dev,3,,,,-1.7179113807746664,1,-1.7179113807746664,TRUE,6,-0.2432547283136023,-0.3166285919797661,FALSE,23
OR424,Female,B3,RES,delta_cort,4,,,,1.895922144344069,-1,-1.895922144344069,TRUE,6,-0.2432547283136023,-0.3166285919797661,FALSE,23
OR424,Female,B3,RES,adrenal_weight,5,,,,0.20252069150372418,-1,-0.20252069150372418,TRUE,6,-0.2432547283136023,-0.3166285919797661,FALSE,23
OR424,Female,B3,RES,spleen_weight,6,,,,-0.9807509177610989,-1,0.9807509177610989,TRUE,6,-0.2432547283136023,-0.3166285919797661,FALSE,23
OR434,Female,B3,RES,NOR,1,,,,1.9393892076142263,1,1.9393892076142263,TRUE,6,-0.22748471409051668,-0.3166285919797661,FALSE,24
OR434,Female,B3,RES,sucrose_pref,2,,,,0.5599130767352797,1,0.5599130767352797,TRUE,6,-0.22748471409051668,-0.3166285919797661,FALSE,24
OR434,Female,B3,RES,weight_dev,3,,,,-2.6549539521063026,1,-2.6549539521063026,TRUE,6,-0.22748471409051668,-0.3166285919797661,FALSE,24
OR434,Female,B3,RES,delta_cort,4,,,,1.2271926413040062,-1,-1.2271926413040062,TRUE,6,-0.22748471409051668,-0.3166285919797661,FALSE,24
OR434,Female,B3,RES,adrenal_weight,5,,,,-0.20323387801515216,-1,0.20323387801515216,TRUE,6,-0.22748471409051668,-0.3166285919797661,FALSE,24
OR434,Female,B3,RES,spleen_weight,6,,,,0.18529785349744937,-1,-0.18529785349744937,TRUE,6,-0.22748471409051668,-0.3166285919797661,FALSE,24
OR539,Female,B4,CON,NOR,1,,,,0.4329697593736591,1,0.4329697593736591,TRUE,6,-0.19318953090095972,-0.3166285919797661,FALSE,25
OR539,Female,B4,CON,sucrose_pref,2,,,,-1.5487300862929931,1,-1.5487300862929931,TRUE,6,-0.19318953090095972,-0.3166285919797661,FALSE,25
OR539,Female,B4,CON,weight_dev,3,,,,0.15617376188860635,1,0.15617376188860635,TRUE,6,-0.19318953090095972,-0.3166285919797661,FALSE,25
OR539,Female,B4,CON,delta_cort,4,,,,-0.5711572910297553,-1,0.5711572910297553,TRUE,6,-0.19318953090095972,-0.3166285919797661,FALSE,25
OR539,Female,B4,CON,adrenal_weight,5,,,,-0.3276517372543554,-1,0.3276517372543554,TRUE,6,-0.19318953090095972,-0.3166285919797661,FALSE,25
OR539,Female,B4,CON,spleen_weight,6,,,,1.0983596486591414,-1,-1.0983596486591414,TRUE,6,-0.19318953090095972,-0.3166285919797661,FALSE,25
OR530,Female,B4,RES,NOR,1,,,,0.5942349629164879,1,0.5942349629164879,TRUE,6,-0.14835591236024645,-0.3166285919797661,FALSE,26
OR530,Female,B4,RES,sucrose_pref,2,,,,-2.3477856362017393,1,-2.3477856362017393,TRUE,6,-0.14835591236024645,-0.3166285919797661,FALSE,26
OR530,Female,B4,RES,weight_dev,3,,,,-1.7179113807746664,1,-1.7179113807746664,TRUE,6,-0.14835591236024645,-0.3166285919797661,FALSE,26
OR530,Female,B4,RES,delta_cort,4,,,,-4.5773254453876095,-1,4.5773254453876095,TRUE,6,-0.14835591236024645,-0.3166285919797661,FALSE,26
OR530,Female,B4,RES,adrenal_weight,5,,,,1.1103567832156065,-1,-1.1103567832156065,TRUE,6,-0.14835591236024645,-0.3166285919797661,FALSE,26
OR530,Female,B4,RES,spleen_weight,6,,,,0.8856420822735639,-1,-0.8856420822735639,TRUE,6,-0.14835591236024645,-0.3166285919797661,FALSE,26
OR645,Female,B6,CON,NOR,1,,,,-0.530839375557076,1,-0.530839375557076,TRUE,6,-0.14686227659648718,-0.3166285919797661,FALSE,27
OR645,Female,B6,CON,sucrose_pref,2,,,,1.0208852533466686,1,1.0208852533466686,TRUE,6,-0.14686227659648718,-0.3166285919797661,FALSE,27
OR645,Female,B6,CON,weight_dev,3,,,,0.15617376188860635,1,0.15617376188860635,TRUE,6,-0.14686227659648718,-0.3166285919797661,FALSE,27
OR645,Female,B6,CON,delta_cort,4,,,,-0.2519899927551758,-1,0.2519899927551758,TRUE,6,-0.14686227659648718,-0.3166285919797661,FALSE,27
OR645,Female,B6,CON,adrenal_weight,5,,,,1.6761867556924872,-1,-1.6761867556924872,TRUE,6,-0.14686227659648718,-0.3166285919797661,FALSE,27
OR645,Female,B6,CON,spleen_weight,6,,,,0.10319653631981049,-1,-0.10319653631981049,TRUE,6,-0.14686227659648718,-0.3166285919797661,FALSE,27
OR553,Female,B4,RES,NOR,1,,,,1.3772031999877172,1,1.3772031999877172,TRUE,6,-0.10306437550066719,-0.3166285919797661,FALSE,28
OR553,Female,B4,RES,sucrose_pref,2,,,,-0.6487252609388455,1,-0.6487252609388455,TRUE,6,-0.10306437550066719,-0.3166285919797661,FALSE,28
OR553,Female,B4,RES,weight_dev,3,,,,-0.78086880944303,1,-0.78086880944303,TRUE,6,-0.10306437550066719,-0.3166285919797661,FALSE,28
OR553,Female,B4,RES,delta_cort,4,,,,-0.24834241180703612,-1,0.24834241180703612,TRUE,6,-0.10306437550066719,-0.3166285919797661,FALSE,28
OR553,Female,B4,RES,adrenal_weight,5,,,,0.13345608392604363,-1,-0.13345608392604363,TRUE,6,-0.10306437550066719,-0.3166285919797661,FALSE,28
OR553,Female,B4,RES,spleen_weight,6,,,,0.6808817104908372,-1,-0.6808817104908372,TRUE,6,-0.10306437550066719,-0.3166285919797661,FALSE,28
OR416,Female,B3,CON,NOR,1,,,,0.7261892707010729,1,0.7261892707010729,TRUE,6,-0.05855711404395053,-0.3166285919797661,FALSE,29
OR416,Female,B3,CON,sucrose_pref,2,,,,-0.8796406479423025,1,-0.8796406479423025,TRUE,6,-0.05855711404395053,-0.3166285919797661,FALSE,29
OR416,Female,B3,CON,weight_dev,3,,,,1.0932163332202427,1,1.0932163332202427,TRUE,6,-0.05855711404395053,-0.3166285919797661,FALSE,29
OR416,Female,B3,CON,delta_cort,4,,,,0.9761231560350109,-1,-0.9761231560350109,TRUE,6,-0.05855711404395053,-0.3166285919797661,FALSE,29
OR416,Female,B3,CON,adrenal_weight,5,,,,-1.3705166205616104,-1,1.3705166205616104,TRUE,6,-0.05855711404395053,-0.3166285919797661,FALSE,29
OR416,Female,B3,CON,spleen_weight,6,,,,1.6855011047693158,-1,-1.6855011047693158,TRUE,6,-0.05855711404395053,-0.3166285919797661,FALSE,29
OR531,Female,B4,RES,NOR,1,,,,-0.3931254720421123,1,-0.3931254720421123,TRUE,6,-0.018398943217598766,-0.3166285919797661,FALSE,30
OR531,Female,B4,RES,sucrose_pref,2,,,,-1.1880219063280004,1,-1.1880219063280004,TRUE,6,-0.018398943217598766,-0.3166285919797661,FALSE,30
OR531,Female,B4,RES,weight_dev,3,,,,-0.78086880944303,1,-0.78086880944303,TRUE,6,-0.018398943217598766,-0.3166285919797661,FALSE,30
OR531,Female,B4,RES,delta_cort,4,,,,-1.6558178885701407,-1,1.6558178885701407,TRUE,6,-0.018398943217598766,-0.3166285919797661,FALSE,30
OR531,Female,B4,RES,adrenal_weight,5,,,,-0.046111895775928315,-1,0.046111895775928315,TRUE,6,-0.018398943217598766,-0.3166285919797661,FALSE,30
OR531,Female,B4,RES,spleen_weight,6,,,,-0.5496927441614812,-1,0.5496927441614812,TRUE,6,-0.018398943217598766,-0.3166285919797661,FALSE,30
OR646,Female,B6,RES,NOR,1,,,,-1.1512550847438336,1,-1.1512550847438336,TRUE,6,0.016182582621944788,-0.3166285919797661,FALSE,31
OR646,Female,B6,RES,sucrose_pref,2,,,,1.8447169023285404,1,1.8447169023285404,TRUE,6,0.016182582621944788,-0.3166285919797661,FALSE,31
OR646,Female,B6,RES,weight_dev,3,,,,-1.7179113807746664,1,-1.7179113807746664,TRUE,6,0.016182582621944788,-0.3166285919797661,FALSE,31
OR646,Female,B6,RES,delta_cort,4,,,,-0.9096732268361916,-1,0.9096732268361916,TRUE,6,0.016182582621944788,-0.3166285919797661,FALSE,31
OR646,Female,B6,RES,adrenal_weight,5,,,,-0.4449600045370353,-1,0.4449600045370353,TRUE,6,0.016182582621944788,-0.3166285919797661,FALSE,31
OR646,Female,B6,RES,spleen_weight,6,,,,0.23308817245159844,-1,-0.23308817245159844,TRUE,6,0.016182582621944788,-0.3166285919797661,FALSE,31
OR429,Female,B3,RES,NOR,1,,,,1.2382862797576364,1,1.2382862797576364,TRUE,6,0.020705469656809024,-0.3166285919797661,FALSE,32
OR429,Female,B3,RES,sucrose_pref,2,,,,1.5427139659460083,1,1.5427139659460083,TRUE,6,0.020705469656809024,-0.3166285919797661,FALSE,32
OR429,Female,B3,RES,weight_dev,3,,,,-1.7179113807746664,1,-1.7179113807746664,TRUE,6,0.020705469656809024,-0.3166285919797661,FALSE,32
OR429,Female,B3,RES,delta_cort,4,,,,1.259431111603825,-1,-1.259431111603825,TRUE,6,0.020705469656809024,-0.3166285919797661,FALSE,32
OR429,Female,B3,RES,adrenal_weight,5,,,,-0.06424135526506977,-1,0.06424135526506977,TRUE,6,0.020705469656809024,-0.3166285919797661,FALSE,32
OR429,Female,B3,RES,spleen_weight,6,,,,-0.25633370935063116,-1,0.25633370935063116,TRUE,6,0.020705469656809024,-0.3166285919797661,FALSE,32
OR647,Female,B6,RES,NOR,1,,,,-0.14107503730524312,1,-0.14107503730524312,TRUE,6,0.033349472530636484,-0.3166285919797661,FALSE,33
OR647,Female,B6,RES,sucrose_pref,2,,,,-1.906365837520162,1,-1.906365837520162,TRUE,6,0.033349472530636484,-0.3166285919797661,FALSE,33
OR647,Female,B6,RES,weight_dev,3,,,,0.15617376188860635,1,0.15617376188860635,TRUE,6,0.033349472530636484,-0.3166285919797661,FALSE,33
OR647,Female,B6,RES,delta_cort,4,,,,-2.091488274025266,-1,2.091488274025266,TRUE,6,0.033349472530636484,-0.3166285919797661,FALSE,33
OR647,Female,B6,RES,adrenal_weight,5,,,,0.1629101077459368,-1,-0.1629101077459368,TRUE,6,0.033349472530636484,-0.3166285919797661,FALSE,33
OR647,Female,B6,RES,spleen_weight,6,,,,-0.16278578184128842,-1,0.16278578184128842,TRUE,6,0.033349472530636484,-0.3166285919797661,FALSE,33
OR554,Female,B4,RES,NOR,1,,,,-0.4370658152101456,1,-0.4370658152101456,TRUE,6,0.07567965618743092,-0.3166285919797661,FALSE,34
OR554,Female,B4,RES,sucrose_pref,2,,,,0.42478749662822207,1,0.42478749662822207,TRUE,6,0.07567965618743092,-0.3166285919797661,FALSE,34
OR554,Female,B4,RES,weight_dev,3,,,,-2.6549539521063026,1,-2.6549539521063026,TRUE,6,0.07567965618743092,-0.3166285919797661,FALSE,34
OR554,Female,B4,RES,delta_cort,4,,,,-2.063352760654544,-1,2.063352760654544,TRUE,6,0.07567965618743092,-0.3166285919797661,FALSE,34
OR554,Female,B4,RES,adrenal_weight,5,,,,0.11705323962634355,-1,-0.11705323962634355,TRUE,6,0.07567965618743092,-0.3166285919797661,FALSE,34
OR554,Female,B4,RES,spleen_weight,6,,,,-1.1750106867846113,-1,1.1750106867846113,TRUE,6,0.07567965618743092,-0.3166285919797661,FALSE,34
OR643,Female,B6,CON,NOR,1,,,,-0.3914528660549725,1,-0.3914528660549725,TRUE,6,0.09954683710440122,-0.3166285919797661,FALSE,35
OR643,Female,B6,CON,sucrose_pref,2,,,,1.2708795030799198,1,1.2708795030799198,TRUE,6,0.09954683710440122,-0.3166285919797661,FALSE,35
OR643,Female,B6,CON,weight_dev,3,,,,-0.78086880944303,1,-0.78086880944303,TRUE,6,0.09954683710440122,-0.3166285919797661,FALSE,35
OR643,Female,B6,CON,delta_cort,4,,,,-0.49612223237721864,-1,0.49612223237721864,TRUE,6,0.09954683710440122,-0.3166285919797661,FALSE,35
OR643,Female,B6,CON,adrenal_weight,5,,,,1.1061159739783804,-1,-1.1061159739783804,TRUE,6,0.09954683710440122,-0.3166285919797661,FALSE,35
OR643,Female,B6,CON,spleen_weight,6,,,,-1.1087169366456517,-1,1.1087169366456517,TRUE,6,0.09954683710440122,-0.3166285919797661,FALSE,35
OR568,Female,B4,RES,NOR,1,,,,-2.407539823923566,1,-2.407539823923566,TRUE,6,0.11850850467184608,-0.3166285919797661,FALSE,36
OR568,Female,B4,RES,sucrose_pref,2,,,,1.13805692948862,1,1.13805692948862,TRUE,6,0.11850850467184608,-0.3166285919797661,FALSE,36
OR568,Female,B4,RES,weight_dev,3,,,,-0.78086880944303,1,-0.78086880944303,TRUE,6,0.11850850467184608,-0.3166285919797661,FALSE,36
OR568,Female,B4,RES,delta_cort,4,,,,-2.587594514756335,-1,2.587594514756335,TRUE,6,0.11850850467184608,-0.3166285919797661,FALSE,36
OR568,Female,B4,RES,adrenal_weight,5,,,,-0.11099627710548506,-1,0.11099627710548506,TRUE,6,0.11850850467184608,-0.3166285919797661,FALSE,36
OR568,Female,B4,RES,spleen_weight,6,,,,-0.06281194004723253,-1,0.06281194004723253,TRUE,6,0.11850850467184608,-0.3166285919797661,FALSE,36
OR562,Female,B4,RES,NOR,1,,,,0.9548916146357115,1,0.9548916146357115,TRUE,6,0.1210541173331541,-0.3166285919797661,FALSE,37
OR562,Female,B4,RES,sucrose_pref,2,,,,-1.0406406292870265,1,-1.0406406292870265,TRUE,6,0.1210541173331541,-0.3166285919797661,FALSE,37
OR562,Female,B4,RES,weight_dev,3,,,,0.15617376188860635,1,0.15617376188860635,TRUE,6,0.1210541173331541,-0.3166285919797661,FALSE,37
OR562,Female,B4,RES,delta_cort,4,,,,-1.515674490785014,-1,1.515674490785014,TRUE,6,0.1210541173331541,-0.3166285919797661,FALSE,37
OR562,Female,B4,RES,adrenal_weight,5,,,,-0.8361746566711332,-1,0.8361746566711332,TRUE,6,0.1210541173331541,-0.3166285919797661,FALSE,37
OR562,Female,B4,RES,spleen_weight,6,,,,1.6959491906945139,-1,-1.6959491906945139,TRUE,6,0.1210541173331541,-0.3166285919797661,FALSE,37
676,Female,B6,RES,NOR,1,,,,-0.23835517542734927,1,-0.23835517542734927,TRUE,6,0.1536033567370919,-0.3166285919797661,FALSE,38
676,Female,B6,RES,sucrose_pref,2,,,,-1.0791853379208538,1,-1.0791853379208538,TRUE,6,0.1536033567370919,-0.3166285919797661,FALSE,38
676,Female,B6,RES,weight_dev,3,,,,0.15617376188860635,1,0.15617376188860635,TRUE,6,0.1536033567370919,-0.3166285919797661,FALSE,38
676,Female,B6,RES,delta_cort,4,,,,-1.2845794360585876,-1,1.2845794360585876,TRUE,6,0.1536033567370919,-0.3166285919797661,FALSE,38
676,Female,B6,RES,adrenal_weight,5,,,,-1.3151740600158113,-1,1.3151740600158113,TRUE,6,0.1536033567370919,-0.3166285919797661,FALSE,38
676,Female,B6,RES,spleen_weight,6,,,,0.5167666041922507,-1,-0.5167666041922507,TRUE,6,0.1536033567370919,-0.3166285919797661,FALSE,38
696,Female,B6,RES,NOR,1,,,,-1.0858833427031882,1,-1.0858833427031882,TRUE,6,0.15537868831562615,-0.3166285919797661,FALSE,39
696,Female,B6,RES,sucrose_pref,2,,,,-2.1732046030200824,1,-2.1732046030200824,TRUE,6,0.15537868831562615,-0.3166285919797661,FALSE,39
696,Female,B6,RES,weight_dev,3,,,,0.15617376188860635,1,0.15617376188860635,TRUE,6,0.15537868831562615,-0.3166285919797661,FALSE,39
696,Female,B6,RES,delta_cort,4,,,,-2.661715205209117,-1,2.661715205209117,TRUE,6,0.15537868831562615,-0.3166285919797661,FALSE,39
696,Female,B6,RES,adrenal_weight,5,,,,-1.3896002621291281,-1,1.3896002621291281,TRUE,6,0.15537868831562615,-0.3166285919797661,FALSE,39
696,Female,B6,RES,spleen_weight,6,,,,0.016129153609823723,-1,-0.016129153609823723,TRUE,6,0.15537868831562615,-0.3166285919797661,FALSE,39
OR425,Female,B3,RES,NOR,1,,,,1.6103235856979414,1,1.6103235856979414,TRUE,6,0.16902908407461073,-0.3166285919797661,FALSE,40
OR425,Female,B3,RES,sucrose_pref,2,,,,-3.448063879755296,1,-3.448063879755296,TRUE,6,0.16902908407461073,-0.3166285919797661,FALSE,40
OR425,Female,B3,RES,weight_dev,3,,,,1.0932163332202427,1,1.0932163332202427,TRUE,6,0.16902908407461073,-0.3166285919797661,FALSE,40
OR425,Female,B3,RES,delta_cort,4,,,,-2.1941971082371428,-1,2.1941971082371428,TRUE,6,0.16902908407461073,-0.3166285919797661,FALSE,40
OR425,Female,B3,RES,adrenal_weight,5,,,,-0.08237081475420995,-1,0.08237081475420995,TRUE,6,0.16902908407461073,-0.3166285919797661,FALSE,40
OR425,Female,B3,RES,spleen_weight,6,,,,0.5178694577065763,-1,-0.5178694577065763,TRUE,6,0.16902908407461073,-0.3166285919797661,FALSE,40
OR559,Female,B4,RES,NOR,1,,,,-0.4909966186960627,1,-0.4909966186960627,TRUE,6,0.17782190029552486,-0.3166285919797661,FALSE,41
OR559,Female,B4,RES,sucrose_pref,2,,,,0.758226180751187,1,0.758226180751187,TRUE,6,0.17782190029552486,-0.3166285919797661,FALSE,41
OR559,Female,B4,RES,weight_dev,3,,,,0.15617376188860635,1,0.15617376188860635,TRUE,6,0.17782190029552486,-0.3166285919797661,FALSE,41
OR559,Female,B4,RES,delta_cort,4,,,,-3.82690198419786,-1,3.82690198419786,TRUE,6,0.17782190029552486,-0.3166285919797661,FALSE,41
OR559,Female,B4,RES,adrenal_weight,5,,,,0.4615129699200249,-1,-0.4615129699200249,TRUE,6,0.17782190029552486,-0.3166285919797661,FALSE,41
OR559,Female,B4,RES,spleen_weight,6,,,,2.7218609364484165,-1,-2.7218609364484165,TRUE,6,0.17782190029552486,-0.3166285919797661,FALSE,41
OR540,Female,B4,CON,NOR,1,,,,0.10411182083651191,1,0.10411182083651191,TRUE,6,0.21870403670984523,-0.3166285919797661,FALSE,42
OR540,Female,B4,CON,sucrose_pref,2,,,,0.6937792552682794,1,0.6937792552682794,TRUE,6,0.21870403670984523,-0.3166285919797661,FALSE,42
OR540,Female,B4,CON,weight_dev,3,,,,-0.78086880944303,1,-0.78086880944303,TRUE,6,0.21870403670984523,-0.3166285919797661,FALSE,42
OR540,Female,B4,CON,delta_cort,4,,,,0.8903097018161815,-1,-0.8903097018161815,TRUE,6,0.21870403670984523,-0.3166285919797661,FALSE,42
OR540,Female,B4,CON,adrenal_weight,5,,,,-1.3917206667477424,-1,1.3917206667477424,TRUE,6,0.21870403670984523,-0.3166285919797661,FALSE,42
OR540,Female,B4,CON,spleen_weight,6,,,,-0.7937909886657493,-1,0.7937909886657493,TRUE,6,0.21870403670984523,-0.3166285919797661,FALSE,42
OR437,Female,B3,RES,NOR,1,,,,1.5835849399765285,1,1.5835849399765285,TRUE,6,0.22652835999083118,-0.3166285919797661,FALSE,43
OR437,Female,B3,RES,sucrose_pref,2,,,,-0.5942327180012142,1,-0.5942327180012142,TRUE,6,0.22652835999083118,-0.3166285919797661,FALSE,43
OR437,Female,B3,RES,weight_dev,3,,,,-2.6549539521063026,1,-2.6549539521063026,TRUE,6,0.22652835999083118,-0.3166285919797661,FALSE,43
OR437,Female,B3,RES,delta_cort,4,,,,1.157466392610605,-1,-1.157466392610605,TRUE,6,0.22652835999083118,-0.3166285919797661,FALSE,43
OR437,Female,B3,RES,adrenal_weight,5,,,,-2.5082651559202467,-1,2.5082651559202467,TRUE,6,0.22652835999083118,-0.3166285919797661,FALSE,43
OR437,Female,B3,RES,spleen_weight,6,,,,-1.6739731267663338,-1,1.6739731267663338,TRUE,6,0.22652835999083118,-0.3166285919797661,FALSE,43
OR414,Female,B3,CON,NOR,1,,,,0.1963509419597697,1,0.1963509419597697,TRUE,6,0.26908172340639464,-0.3166285919797661,FALSE,44
OR414,Female,B3,CON,sucrose_pref,2,,,,1.1875392982961908,1,1.1875392982961908,TRUE,6,0.26908172340639464,-0.3166285919797661,FALSE,44
OR414,Female,B3,CON,weight_dev,3,,,,1.0932163332202427,1,1.0932163332202427,TRUE,6,0.26908172340639464,-0.3166285919797661,FALSE,44
OR414,Female,B3,CON,delta_cort,4,,,,1.0862609121269715,-1,-1.0862609121269715,TRUE,6,0.26908172340639464,-0.3166285919797661,FALSE,44
OR414,Female,B3,CON,adrenal_weight,5,,,,0.022589213867135555,-1,-0.022589213867135555,TRUE,6,0.26908172340639464,-0.3166285919797661,FALSE,44
OR414,Female,B3,CON,spleen_weight,6,,,,-0.24623389295627165,-1,0.24623389295627165,TRUE,6,0.26908172340639464,-0.3166285919797661,FALSE,44
OR639,Female,B6,CON,NOR,1,,,,-0.8565336425242014,1,-0.8565336425242014,TRUE,6,0.2739466273055891,-0.3166285919797661,FALSE,45
OR639,Female,B6,CON,sucrose_pref,2,,,,0.7481381240444679,1,0.7481381240444679,TRUE,6,0.2739466273055891,-0.3166285919797661,FALSE,45
OR639,Female,B6,CON,weight_dev,3,,,,-0.78086880944303,1,-0.78086880944303,TRUE,6,0.2739466273055891,-0.3166285919797661,FALSE,45
OR639,Female,B6,CON,delta_cort,4,,,,-1.205656200273041,-1,1.205656200273041,TRUE,6,0.2739466273055891,-0.3166285919797661,FALSE,45
OR639,Female,B6,CON,adrenal_weight,5,,,,-0.26366540964562196,-1,0.26366540964562196,TRUE,6,0.2739466273055891,-0.3166285919797661,FALSE,45
OR639,Female,B6,CON,spleen_weight,6,,,,-1.0636224818376352,-1,1.0636224818376352,TRUE,6,0.2739466273055891,-0.3166285919797661,FALSE,45
OR413,Female,B3,CON,NOR,1,,,,0.7497434432735395,1,0.7497434432735395,TRUE,6,0.27492180919674114,-0.3166285919797661,FALSE,46
OR413,Female,B3,CON,sucrose_pref,2,,,,-0.6532474173591682,1,-0.6532474173591682,TRUE,6,0.27492180919674114,-0.3166285919797661,FALSE,46
OR413,Female,B3,CON,weight_dev,3,,,,2.030258904551879,1,2.030258904551879,TRUE,6,0.27492180919674114,-0.3166285919797661,FALSE,46
OR413,Female,B3,CON,delta_cort,4,,,,0.5428808268963617,-1,-0.5428808268963617,TRUE,6,0.27492180919674114,-0.3166285919797661,FALSE,46
OR413,Female,B3,CON,adrenal_weight,5,,,,0.7636706280723791,-1,-0.7636706280723791,TRUE,6,0.27492180919674114,-0.3166285919797661,FALSE,46
OR413,Female,B3,CON,spleen_weight,6,,,,-0.8293273796829375,-1,0.8293273796829375,TRUE,6,0.27492180919674114,-0.3166285919797661,FALSE,46
OR561,Female,B4,RES,NOR,1,,,,0.48242732863765264,1,0.48242732863765264,TRUE,6,0.3355180577651523,-0.3166285919797661,FALSE,47
OR561,Female,B4,RES,sucrose_pref,2,,,,0.8039901551535633,1,0.8039901551535633,TRUE,6,0.3355180577651523,-0.3166285919797661,FALSE,47
OR561,Female,B4,RES,weight_dev,3,,,,2.9673014758835152,1,2.9673014758835152,TRUE,6,0.3355180577651523,-0.3166285919797661,FALSE,47
OR561,Female,B4,RES,delta_cort,4,,,,0.29498518718939953,-1,-0.29498518718939953,TRUE,6,0.3355180577651523,-0.3166285919797661,FALSE,47
OR561,Female,B4,RES,adrenal_weight,5,,,,-0.16824720180803657,-1,0.16824720180803657,TRUE,6,0.3355180577651523,-0.3166285919797661,FALSE,47
OR561,Female,B4,RES,spleen_weight,6,,,,2.113872627702454,-1,-2.113872627702454,TRUE,6,0.3355180577651523,-0.3166285919797661,FALSE,47
654,Female,B6,RES,NOR,1,,,,2.4893185853428905,1,2.4893185853428905,TRUE,6,0.39762332846976617,-0.3166285919797661,FALSE,48
654,Female,B6,RES,sucrose_pref,2,,,,1.6383915249295933,1,1.6383915249295933,TRUE,6,0.39762332846976617,-0.3166285919797661,FALSE,48
654,Female,B6,RES,weight_dev,3,,,,-2.6549539521063026,1,-2.6549539521063026,TRUE,6,0.39762332846976617,-0.3166285919797661,FALSE,48
654,Female,B6,RES,delta_cort,4,,,,-1.7047876509657967,-1,1.7047876509657967,TRUE,6,0.39762332846976617,-0.3166285919797661,FALSE,48
654,Female,B6,RES,adrenal_weight,5,,,,1.0779145925508269,-1,-1.0779145925508269,TRUE,6,0.39762332846976617,-0.3166285919797661,FALSE,48
654,Female,B6,RES,spleen_weight,6,,,,-0.28611075423744614,-1,0.28611075423744614,TRUE,6,0.39762332846976617,-0.3166285919797661,FALSE,48
695,Female,B6,RES,NOR,1,,,,0.5973122200870787,1,0.5973122200870787,TRUE,6,0.45312955862742776,-0.3166285919797661,FALSE,49
695,Female,B6,RES,sucrose_pref,2,,,,-1.8756539658444844,1,-1.8756539658444844,TRUE,6,0.45312955862742776,-0.3166285919797661,FALSE,49
695,Female,B6,RES,weight_dev,3,,,,0.15617376188860635,1,0.15617376188860635,TRUE,6,0.45312955862742776,-0.3166285919797661,FALSE,49
695,Female,B6,RES,delta_cort,4,,,,-3.344294486182681,-1,3.344294486182681,TRUE,6,0.45312955862742776,-0.3166285919797661,FALSE,49
695,Female,B6,RES,adrenal_weight,5,,,,-1.2381238571869617,-1,1.2381238571869617,TRUE,6,0.45312955862742776,-0.3166285919797661,FALSE,49
695,Female,B6,RES,spleen_weight,6,,,,0.7414730077362767,-1,-0.7414730077362767,TRUE,6,0.45312955862742776,-0.3166285919797661,FALSE,49
OR538,Female,B4,CON,NOR,1,,,,2.344810449066497,1,2.344810449066497,TRUE,6,0.5486143122163947,-0.3166285919797661,FALSE,50
OR538,Female,B4,CON,sucrose_pref,2,,,,-0.801923934625277,1,-0.801923934625277,TRUE,6,0.5486143122163947,-0.3166285919797661,FALSE,50
OR538,Female,B4,CON,weight_dev,3,,,,-1.7179113807746664,1,-1.7179113807746664,TRUE,6,0.5486143122163947,-0.3166285919797661,FALSE,50
OR538,Female,B4,CON,delta_cort,4,,,,-1.6657662524780357,-1,1.6657662524780357,TRUE,6,0.5486143122163947,-0.3166285919797661,FALSE,50
OR538,Female,B4,CON,adrenal_weight,5,,,,-1.0079274307787864,-1,1.0079274307787864,TRUE,6,0.5486143122163947,-0.3166285919797661,FALSE,50
OR538,Female,B4,CON,spleen_weight,6,,,,-0.7930170563749925,-1,0.7930170563749925,TRUE,6,0.5486143122163947,-0.3166285919797661,FALSE,50
OR419,Female,B3,RES,NOR,1,,,,0.7836926296363521,1,0.7836926296363521,TRUE,6,0.6525396906490052,-0.3166285919797661,FALSE,51
OR419,Female,B3,RES,sucrose_pref,2,,,,-2.6643631302250648,1,-2.6643631302250648,TRUE,6,0.6525396906490052,-0.3166285919797661,FALSE,51
OR419,Female,B3,RES,weight_dev,3,,,,-1.7179113807746664,1,-1.7179113807746664,TRUE,6,0.6525396906490052,-0.3166285919797661,FALSE,51
OR419,Female,B3,RES,delta_cort,4,,,,1.263447597398227,-1,-1.263447597398227,TRUE,6,0.6525396906490052,-0.3166285919797661,FALSE,51
OR419,Female,B3,RES,adrenal_weight,5,,,,-5.974445148725101,-1,5.974445148725101,TRUE,6,0.6525396906490052,-0.3166285919797661,FALSE,51
OR419,Female,B3,RES,spleen_weight,6,,,,-2.8028224739305365,-1,2.8028224739305365,TRUE,6,0.6525396906490052,-0.3166285919797661,FALSE,51
OR560,Female,B4,RES,NOR,1,,,,0.8143919027532245,1,0.8143919027532245,TRUE,6,0.7413568562340638,-0.3166285919797661,FALSE,52
OR560,Female,B4,RES,sucrose_pref,2,,,,0.6868941550667805,1,0.6868941550667805,TRUE,6,0.7413568562340638,-0.3166285919797661,FALSE,52
OR560,Female,B4,RES,weight_dev,3,,,,0.15617376188860635,1,0.15617376188860635,TRUE,6,0.7413568562340638,-0.3166285919797661,FALSE,52
OR560,Female,B4,RES,delta_cort,4,,,,-4.628507530664416,-1,4.628507530664416,TRUE,6,0.7413568562340638,-0.3166285919797661,FALSE,52
OR560,Female,B4,RES,adrenal_weight,5,,,,0.09892378013720338,-1,-0.09892378013720338,TRUE,6,0.7413568562340638,-0.3166285919797661,FALSE,52
OR560,Female,B4,RES,spleen_weight,6,,,,1.7389024328314417,-1,-1.7389024328314417,TRUE,6,0.7413568562340638,-0.3166285919797661,FALSE,52
693,Female,B6,RES,NOR,1,,,,-0.9420913501236412,1,-0.9420913501236412,TRUE,6,0.8001278710546966,-0.3166285919797661,FALSE,53
693,Female,B6,RES,sucrose_pref,2,,,,0.7577819629575473,1,0.7577819629575473,TRUE,6,0.8001278710546966,-0.3166285919797661,FALSE,53
693,Female,B6,RES,weight_dev,3,,,,1.0932163332202427,1,1.0932163332202427,TRUE,6,0.8001278710546966,-0.3166285919797661,FALSE,53
693,Female,B6,RES,delta_cort,4,,,,-3.5354057121480262,-1,3.5354057121480262,TRUE,6,0.8001278710546966,-0.3166285919797661,FALSE,53
693,Female,B6,RES,adrenal_weight,5,,,,-1.5327275738855062,-1,1.5327275738855062,TRUE,6,0.8001278710546966,-0.3166285919797661,FALSE,53
693,Female,B6,RES,spleen_weight,6,,,,1.1762730057595017,-1,-1.1762730057595017,TRUE,6,0.8001278710546966,-0.3166285919797661,FALSE,53
692,Female,B6,RES,NOR,1,,,,-0.29772159483497024,1,-0.29772159483497024,TRUE,6,0.8675608576209851,-0.3166285919797661,FALSE,54
692,Female,B6,RES,sucrose_pref,2,,,,1.749591132975041,1,1.749591132975041,TRUE,6,0.8675608576209851,-0.3166285919797661,FALSE,54
692,Female,B6,RES,weight_dev,3,,,,1.0932163332202427,1,1.0932163332202427,TRUE,6,0.8675608576209851,-0.3166285919797661,FALSE,54
692,Female,B6,RES,delta_cort,4,,,,-2.0002592094099687,-1,2.0002592094099687,TRUE,6,0.8675608576209851,-0.3166285919797661,FALSE,54
692,Female,B6,RES,adrenal_weight,5,,,,-0.964671176559082,-1,0.964671176559082,TRUE,6,0.8675608576209851,-0.3166285919797661,FALSE,54
692,Female,B6,RES,spleen_weight,6,,,,0.3046511116034536,-1,-0.3046511116034536,TRUE,6,0.8675608576209851,-0.3166285919797661,FALSE,54
694,Female,B6,RES,NOR,1,,,,-1.5741399331980324,1,-1.5741399331980324,TRUE,6,0.9590809873476528,-0.3166285919797661,FALSE,55
694,Female,B6,RES,sucrose_pref,2,,,,1.8025450072380667,1,1.8025450072380667,TRUE,6,0.9590809873476528,-0.3166285919797661,FALSE,55
694,Female,B6,RES,weight_dev,3,,,,1.0932163332202427,1,1.0932163332202427,TRUE,6,0.9590809873476528,-0.3166285919797661,FALSE,55
694,Female,B6,RES,delta_cort,4,,,,-2.7641105861853275,-1,2.7641105861853275,TRUE,6,0.9590809873476528,-0.3166285919797661,FALSE,55
694,Female,B6,RES,adrenal_weight,5,,,,0.01834840462990813,-1,-0.01834840462990813,TRUE,6,0.9590809873476528,-0.3166285919797661,FALSE,55
694,Female,B6,RES,spleen_weight,6,,,,-1.6871023352702204,-1,1.6871023352702204,TRUE,6,0.9590809873476528,-0.3166285919797661,FALSE,55
691,Female,B6,RES,NOR,1,,,,0.32875159428982687,1,0.32875159428982687,TRUE,6,0.9973748376187196,-0.3166285919797661,FALSE,56
691,Female,B6,RES,sucrose_pref,2,,,,0.08957270831689083,1,0.08957270831689083,TRUE,6,0.9973748376187196,-0.3166285919797661,FALSE,56
691,Female,B6,RES,weight_dev,3,,,,2.030258904551879,1,2.030258904551879,TRUE,6,0.9973748376187196,-0.3166285919797661,FALSE,56
691,Female,B6,RES,delta_cort,4,,,,-2.4523109670933323,-1,2.4523109670933323,TRUE,6,0.9973748376187196,-0.3166285919797661,FALSE,56
691,Female,B6,RES,adrenal_weight,5,,,,-2.239776493962014,-1,2.239776493962014,TRUE,6,0.9973748376187196,-0.3166285919797661,FALSE,56
691,Female,B6,RES,spleen_weight,6,,,,1.1564216425016252,-1,-1.1564216425016252,TRUE,6,0.9973748376187196,-0.3166285919797661,FALSE,56
675,Female,B6,RES,NOR,1,,,,0.8069835630915011,1,0.8069835630915011,TRUE,6,1.2649876700580633,-0.3166285919797661,FALSE,57
675,Female,B6,RES,sucrose_pref,2,,,,2.1504737068465185,1,2.1504737068465185,TRUE,6,1.2649876700580633,-0.3166285919797661,FALSE,57
675,Female,B6,RES,weight_dev,3,,,,-0.78086880944303,1,-0.78086880944303,TRUE,6,1.2649876700580633,-0.3166285919797661,FALSE,57
675,Female,B6,RES,delta_cort,4,,,,-3.972273306326127,-1,3.972273306326127,TRUE,6,1.2649876700580633,-0.3166285919797661,FALSE,57
675,Female,B6,RES,adrenal_weight,5,,,,-1.840928385200906,-1,1.840928385200906,TRUE,6,1.2649876700580633,-0.3166285919797661,FALSE,57
675,Female,B6,RES,spleen_weight,6,,,,0.399864131673642,-1,-0.399864131673642,TRUE,6,1.2649876700580633,-0.3166285919797661,FALSE,57
690,Female,B6,RES,NOR,1,,,,-1.143974193210105,1,-1.143974193210105,TRUE,6,1.5650303756511617,-0.3166285919797661,FALSE,58
690,Female,B6,RES,sucrose_pref,2,,,,0.3526833221870295,1,0.3526833221870295,TRUE,6,1.5650303756511617,-0.3166285919797661,FALSE,58
690,Female,B6,RES,weight_dev,3,,,,2.9673014758835152,1,2.9673014758835152,TRUE,6,1.5650303756511617,-0.3166285919797661,FALSE,58
690,Female,B6,RES,delta_cort,4,,,,-3.8055415456814408,-1,3.8055415456814408,TRUE,6,1.5650303756511617,-0.3166285919797661,FALSE,58
690,Female,B6,RES,adrenal_weight,5,,,,-2.716474634647078,-1,2.716474634647078,TRUE,6,1.5650303756511617,-0.3166285919797661,FALSE,58
690,Female,B6,RES,spleen_weight,6,,,,-0.692155468718012,-1,0.692155468718012,TRUE,6,1.5650303756511617,-0.3166285919797661,FALSE,58
313,Male,B5,SUS,NOR,1,,,,-1.6032174869046951,1,-1.6032174869046951,TRUE,6,-1.4204248723117987,-0.4366416981697792,TRUE,1
313,Male,B5,SUS,sucrose_pref,2,,,,-0.8809347146882175,1,-0.8809347146882175,TRUE,6,-1.4204248723117987,-0.4366416981697792,TRUE,1
313,Male,B5,SUS,weight_dev,3,,,,-3.693791343347489,1,-3.693791343347489,TRUE,6,-1.4204248723117987,-0.4366416981697792,TRUE,1
313,Male,B5,SUS,delta_cort,4,,,,1.4541522849347401,-1,-1.4541522849347401,TRUE,6,-1.4204248723117987,-0.4366416981697792,TRUE,1
313,Male,B5,SUS,adrenal_weight,5,,,,0.6492659919823406,-1,-0.6492659919823406,TRUE,6,-1.4204248723117987,-0.4366416981697792,TRUE,1
313,Male,B5,SUS,spleen_weight,6,,,,0.2411874120133099,-1,-0.2411874120133099,TRUE,6,-1.4204248723117987,-0.4366416981697792,TRUE,1
317,Male,B5,SUS,NOR,1,,,,-4.287513617263062,1,-4.287513617263062,TRUE,6,-1.2929071246966632,-0.4366416981697792,TRUE,2
317,Male,B5,SUS,sucrose_pref,2,,,,-1.4363332297924432,1,-1.4363332297924432,TRUE,6,-1.2929071246966632,-0.4366416981697792,TRUE,2
317,Male,B5,SUS,weight_dev,3,,,,-2.721740989834992,1,-2.721740989834992,TRUE,6,-1.2929071246966632,-0.4366416981697792,TRUE,2
317,Male,B5,SUS,delta_cort,4,,,,-0.36972770994327525,-1,0.36972770994327525,TRUE,6,-1.2929071246966632,-0.4366416981697792,TRUE,2
317,Male,B5,SUS,adrenal_weight,5,,,,-0.4813167185192344,-1,0.4813167185192344,TRUE,6,-1.2929071246966632,-0.4366416981697792,TRUE,2
317,Male,B5,SUS,spleen_weight,6,,,,0.16289933975199208,-1,-0.16289933975199208,TRUE,6,-1.2929071246966632,-0.4366416981697792,TRUE,2
OQ754,Male,B1,SUS,NOR,1,,,,-0.7995225710694696,1,-0.7995225710694696,TRUE,6,-0.9346935814868342,-0.4366416981697792,TRUE,3
OQ754,Male,B1,SUS,sucrose_pref,2,,,,-0.5483134778917872,1,-0.5483134778917872,TRUE,6,-0.9346935814868342,-0.4366416981697792,TRUE,3
OQ754,Male,B1,SUS,weight_dev,3,,,,-4.082611484752487,1,-4.082611484752487,TRUE,6,-0.9346935814868342,-0.4366416981697792,TRUE,3
OQ754,Male,B1,SUS,delta_cort,4,,,,-0.7796523735588533,-1,0.7796523735588533,TRUE,6,-0.9346935814868342,-0.4366416981697792,TRUE,3
OQ754,Male,B1,SUS,adrenal_weight,5,,,,-0.13211996950662544,-1,0.13211996950662544,TRUE,6,-0.9346935814868342,-0.4366416981697792,TRUE,3
OQ754,Male,B1,SUS,spleen_weight,6,,,,1.0894862982727402,-1,-1.0894862982727402,TRUE,6,-0.9346935814868342,-0.4366416981697792,TRUE,3
OQ764,Male,B1,SUS,NOR,1,,,,-0.7075323975380485,1,-0.7075323975380485,TRUE,6,-0.9317824898572252,-0.4366416981697792,TRUE,4
OQ764,Male,B1,SUS,sucrose_pref,2,,,,0.4510204161732666,1,0.4510204161732666,TRUE,6,-0.9317824898572252,-0.4366416981697792,TRUE,4
OQ764,Male,B1,SUS,weight_dev,3,,,,-0.6804352474587465,1,-0.6804352474587465,TRUE,6,-0.9317824898572252,-0.4366416981697792,TRUE,4
OQ764,Male,B1,SUS,delta_cort,4,,,,3.613486519390098,-1,-3.613486519390098,TRUE,6,-0.9317824898572252,-0.4366416981697792,TRUE,4
OQ764,Male,B1,SUS,adrenal_weight,5,,,,0.10814646257850075,-1,-0.10814646257850075,TRUE,6,-0.9317824898572252,-0.4366416981697792,TRUE,4
OQ764,Male,B1,SUS,spleen_weight,6,,,,0.9321147283512241,-1,-0.9321147283512241,TRUE,6,-0.9317824898572252,-0.4366416981697792,TRUE,4
OQ771,Male,B1,SUS,NOR,1,,,,-0.2248031838624261,1,-0.2248031838624261,TRUE,6,-0.8894992471347187,-0.4366416981697792,TRUE,5
OQ771,Male,B1,SUS,sucrose_pref,2,,,,0.5977911158848234,1,0.5977911158848234,TRUE,6,-0.8894992471347187,-0.4366416981697792,TRUE,5
OQ771,Male,B1,SUS,weight_dev,3,,,,-2.2357158130787433,1,-2.2357158130787433,TRUE,6,-0.8894992471347187,-0.4366416981697792,TRUE,5
OQ771,Male,B1,SUS,delta_cort,4,,,,2.4554394477920214,-1,-2.4554394477920214,TRUE,6,-0.8894992471347187,-0.4366416981697792,TRUE,5
OQ771,Male,B1,SUS,adrenal_weight,5,,,,0.2124798452186404,-1,-0.2124798452186404,TRUE,6,-0.8894992471347187,-0.4366416981697792,TRUE,5
OQ771,Male,B1,SUS,spleen_weight,6,,,,0.8063483087413044,-1,-0.8063483087413044,TRUE,6,-0.8894992471347187,-0.4366416981697792,TRUE,5
OR620,Male,B5,SUS,NOR,1,,,,0.35558402090909114,1,0.35558402090909114,TRUE,6,-0.6717962066897556,-0.4366416981697792,TRUE,6
OR620,Male,B5,SUS,sucrose_pref,2,,,,-0.5149707454087896,1,-0.5149707454087896,TRUE,6,-0.6717962066897556,-0.4366416981697792,TRUE,6
OR620,Male,B5,SUS,weight_dev,3,,,,-0.7776402828099975,1,-0.7776402828099975,TRUE,6,-0.6717962066897556,-0.4366416981697792,TRUE,6
OR620,Male,B5,SUS,delta_cort,4,,,,1.6355578560370017,-1,-1.6355578560370017,TRUE,6,-0.6717962066897556,-0.4366416981697792,TRUE,6
OR620,Male,B5,SUS,adrenal_weight,5,,,,1.2885029821078116,-1,-1.2885029821078116,TRUE,6,-0.6717962066897556,-0.4366416981697792,TRUE,6
OR620,Male,B5,SUS,spleen_weight,6,,,,0.1696893946840245,-1,-0.1696893946840245,TRUE,6,-0.6717962066897556,-0.4366416981697792,TRUE,6
OQ770,Male,B1,SUS,NOR,1,,,,0.371141682392174,1,0.371141682392174,TRUE,6,-0.6272605180229548,-0.4366416981697792,TRUE,7
OQ770,Male,B1,SUS,sucrose_pref,2,,,,-1.443531451050148,1,-1.443531451050148,TRUE,6,-0.6272605180229548,-0.4366416981697792,TRUE,7
OQ770,Male,B1,SUS,weight_dev,3,,,,-0.9720503535124964,1,-0.9720503535124964,TRUE,6,-0.6272605180229548,-0.4366416981697792,TRUE,7
OQ770,Male,B1,SUS,delta_cort,4,,,,1.0004512005896733,-1,-1.0004512005896733,TRUE,6,-0.6272605180229548,-0.4366416981697792,TRUE,7
OQ770,Male,B1,SUS,adrenal_weight,5,,,,0.15888595755299945,-1,-0.15888595755299945,TRUE,6,-0.6272605180229548,-0.4366416981697792,TRUE,7
OQ770,Male,B1,SUS,spleen_weight,6,,,,0.5597858278245854,-1,-0.5597858278245854,TRUE,6,-0.6272605180229548,-0.4366416981697792,TRUE,7
4,Male,B1,SUS,NOR,1,,,,-2.6840780695055875,1,-2.6840780695055875,TRUE,6,-0.624988958625248,-0.4366416981697792,TRUE,8
4,Male,B1,SUS,sucrose_pref,2,,,,0.6414425719799818,1,0.6414425719799818,TRUE,6,-0.624988958625248,-0.4366416981697792,TRUE,8
4,Male,B1,SUS,weight_dev,3,,,,0.7776402828099993,1,0.7776402828099993,TRUE,6,-0.624988958625248,-0.4366416981697792,TRUE,8
4,Male,B1,SUS,delta_cort,4,,,,1.677728112463929,-1,-1.677728112463929,TRUE,6,-0.624988958625248,-0.4366416981697792,TRUE,8
4,Male,B1,SUS,adrenal_weight,5,,,,-0.29983842047513876,-1,0.29983842047513876,TRUE,6,-0.624988958625248,-0.4366416981697792,TRUE,8
4,Male,B1,SUS,spleen_weight,6,,,,1.1070488450470908,-1,-1.1070488450470908,TRUE,6,-0.624988958625248,-0.4366416981697792,TRUE,8
303,Male,B5,SUS,NOR,1,,,,1.3254415867772906,1,1.3254415867772906,TRUE,6,-0.6110903113479307,-0.4366416981697792,TRUE,9
303,Male,B5,SUS,sucrose_pref,2,,,,-2.5698931044101907,1,-2.5698931044101907,TRUE,6,-0.6110903113479307,-0.4366416981697792,TRUE,9
303,Male,B5,SUS,weight_dev,3,,,,-0.7776402828099975,1,-0.7776402828099975,TRUE,6,-0.6110903113479307,-0.4366416981697792,TRUE,9
303,Male,B5,SUS,delta_cort,4,,,,1.3939134315550972,-1,-1.3939134315550972,TRUE,6,-0.6110903113479307,-0.4366416981697792,TRUE,9
303,Male,B5,SUS,adrenal_weight,5,,,,0.10970663421541725,-1,-0.10970663421541725,TRUE,6,-0.6110903113479307,-0.4366416981697792,TRUE,9
303,Male,B5,SUS,spleen_weight,6,,,,0.14083000187417236,-1,-0.14083000187417236,TRUE,6,-0.6110903113479307,-0.4366416981697792,TRUE,9
OQ753,Male,B1,SUS,NOR,1,,,,-1.1539480176833723,1,-1.1539480176833723,TRUE,6,-0.6075086932580939,-0.4366416981697792,TRUE,10
OQ753,Male,B1,SUS,sucrose_pref,2,,,,1.040930935955707,1,1.040930935955707,TRUE,6,-0.6075086932580939,-0.4366416981697792,TRUE,10
OQ753,Male,B1,SUS,weight_dev,3,,,,-1.9441007070249936,1,-1.9441007070249936,TRUE,6,-0.6075086932580939,-0.4366416981697792,TRUE,10
OQ753,Male,B1,SUS,delta_cort,4,,,,0.5445238953807305,-1,-0.5445238953807305,TRUE,6,-0.6075086932580939,-0.4366416981697792,TRUE,10
OQ753,Male,B1,SUS,adrenal_weight,5,,,,-0.0963660361606245,-1,0.0963660361606245,TRUE,6,-0.6075086932580939,-0.4366416981697792,TRUE,10
OQ753,Male,B1,SUS,spleen_weight,6,,,,1.139776511575798,-1,-1.139776511575798,TRUE,6,-0.6075086932580939,-0.4366416981697792,TRUE,10
OR623,Male,B5,CON,NOR,1,,,,-1.1065940014130462,1,-1.1065940014130462,TRUE,6,-0.6073876751146551,-0.4366416981697792,TRUE,11
OR623,Male,B5,CON,sucrose_pref,2,,,,-2.4025011064416795,1,-2.4025011064416795,TRUE,6,-0.6073876751146551,-0.4366416981697792,TRUE,11
OR623,Male,B5,CON,weight_dev,3,,,,0.1944100707024996,1,0.1944100707024996,TRUE,6,-0.6073876751146551,-0.4366416981697792,TRUE,11
OR623,Male,B5,CON,delta_cort,4,,,,0.290531147075871,-1,-0.290531147075871,TRUE,6,-0.6073876751146551,-0.4366416981697792,TRUE,11
OR623,Male,B5,CON,adrenal_weight,5,,,,-0.20176241358927083,-1,0.20176241358927083,TRUE,6,-0.6073876751146551,-0.4366416981697792,TRUE,11
OR623,Male,B5,CON,spleen_weight,6,,,,0.2408722800491041,-1,-0.2408722800491041,TRUE,6,-0.6073876751146551,-0.4366416981697792,TRUE,11
319,Male,B5,SUS,NOR,1,,,,0.16676872773913104,1,0.16676872773913104,TRUE,6,-0.571812546855905,-0.4366416981697792,TRUE,12
319,Male,B5,SUS,sucrose_pref,2,,,,-0.8371000448688234,1,-0.8371000448688234,TRUE,6,-0.571812546855905,-0.4366416981697792,TRUE,12
319,Male,B5,SUS,weight_dev,3,,,,-2.721740989834992,1,-2.721740989834992,TRUE,6,-0.571812546855905,-0.4366416981697792,TRUE,12
319,Male,B5,SUS,delta_cort,4,,,,0.007889323984115038,-1,-0.007889323984115038,TRUE,6,-0.571812546855905,-0.4366416981697792,TRUE,12
319,Male,B5,SUS,adrenal_weight,5,,,,0.3372316645990596,-1,-0.3372316645990596,TRUE,6,-0.571812546855905,-0.4366416981697792,TRUE,12
319,Male,B5,SUS,spleen_weight,6,,,,-0.3063180144124289,-1,0.3063180144124289,TRUE,6,-0.571812546855905,-0.4366416981697792,TRUE,12
OR111,Male,B2,SUS,NOR,1,,,,-1.8604826162613786,1,-1.8604826162613786,TRUE,6,-0.5679793152264747,-0.4366416981697792,TRUE,13
OR111,Male,B2,SUS,sucrose_pref,2,,,,0.5100701667393175,1,0.5100701667393175,TRUE,6,-0.5679793152264747,-0.4366416981697792,TRUE,13
OR111,Male,B2,SUS,weight_dev,3,,,,1.1664604242149967,1,1.1664604242149967,TRUE,6,-0.5679793152264747,-0.4366416981697792,TRUE,13
OR111,Male,B2,SUS,delta_cort,4,,,,1.7647569854148881,-1,-1.7647569854148881,TRUE,6,-0.5679793152264747,-0.4366416981697792,TRUE,13
OR111,Male,B2,SUS,adrenal_weight,5,,,,-0.0008055233994947905,-1,0.0008055233994947905,TRUE,6,-0.5679793152264747,-0.4366416981697792,TRUE,13
OR111,Male,B2,SUS,spleen_weight,6,,,,1.4599724040363906,-1,-1.4599724040363906,TRUE,6,-0.5679793152264747,-0.4366416981697792,TRUE,13
OQ755,Male,B1,SUS,NOR,1,,,,-1.0895498679635507,1,-1.0895498679635507,TRUE,6,-0.5351432535474451,-0.4366416981697792,TRUE,14
OQ755,Male,B1,SUS,sucrose_pref,2,,,,1.2171968404722784,1,1.2171968404722784,TRUE,6,-0.5351432535474451,-0.4366416981697792,TRUE,14
OQ755,Male,B1,SUS,weight_dev,3,,,,-0.5832302121074988,1,-0.5832302121074988,TRUE,6,-0.5351432535474451,-0.4366416981697792,TRUE,14
OQ755,Male,B1,SUS,delta_cort,4,,,,0.3141355256478731,-1,-0.3141355256478731,TRUE,6,-0.5351432535474451,-0.4366416981697792,TRUE,14
OQ755,Male,B1,SUS,adrenal_weight,5,,,,0.7709222327180832,-1,-0.7709222327180832,TRUE,6,-0.5351432535474451,-0.4366416981697792,TRUE,14
OQ755,Male,B1,SUS,spleen_weight,6,,,,1.6702185233199427,-1,-1.6702185233199427,TRUE,6,-0.5351432535474451,-0.4366416981697792,TRUE,14
OR628,Male,B5,SUS,NOR,1,,,,-0.011072300123063742,1,-0.011072300123063742,TRUE,6,-0.5316262397200733,-0.4366416981697792,TRUE,15
OR628,Male,B5,SUS,sucrose_pref,2,,,,-2.524673180189872,1,-2.524673180189872,TRUE,6,-0.5316262397200733,-0.4366416981697792,TRUE,15
OR628,Male,B5,SUS,weight_dev,3,,,,0.1944100707024996,1,0.1944100707024996,TRUE,6,-0.5316262397200733,-0.4366416981697792,TRUE,15
OR628,Male,B5,SUS,delta_cort,4,,,,0.2863364232727045,-1,-0.2863364232727045,TRUE,6,-0.5316262397200733,-0.4366416981697792,TRUE,15
OR628,Male,B5,SUS,adrenal_weight,5,,,,0.11535943000134609,-1,-0.11535943000134609,TRUE,6,-0.5316262397200733,-0.4366416981697792,TRUE,15
OR628,Male,B5,SUS,spleen_weight,6,,,,0.4467261754359534,-1,-0.4467261754359534,TRUE,6,-0.5316262397200733,-0.4366416981697792,TRUE,15
OQ761,Male,B1,CON,NOR,1,,,,0.11977662279355053,1,0.11977662279355053,TRUE,6,-0.48915122802034317,-0.4366416981697792,TRUE,16
OQ761,Male,B1,CON,sucrose_pref,2,,,,-0.27355646922810134,1,-0.27355646922810134,TRUE,6,-0.48915122802034317,-0.4366416981697792,TRUE,16
OQ761,Male,B1,CON,weight_dev,3,,,,-1.458075530268745,1,-1.458075530268745,TRUE,6,-0.48915122802034317,-0.4366416981697792,TRUE,16
OQ761,Male,B1,CON,delta_cort,4,,,,0.493045569217263,-1,-0.493045569217263,TRUE,6,-0.48915122802034317,-0.4366416981697792,TRUE,16
OQ761,Male,B1,CON,adrenal_weight,5,,,,0.07183290244969247,-1,-0.07183290244969247,TRUE,6,-0.48915122802034317,-0.4366416981697792,TRUE,16
OQ761,Male,B1,CON,spleen_weight,6,,,,0.7581735197518078,-1,-0.7581735197518078,TRUE,6,-0.48915122802034317,-0.4366416981697792,TRUE,16
OR113,Male,B2,SUS,NOR,1,,,,0.5324465562515007,1,0.5324465562515007,TRUE,6,-0.48359895882887166,-0.4366416981697792,TRUE,17
OR113,Male,B2,SUS,sucrose_pref,2,,,,-4.986693382857671,1,-4.986693382857671,TRUE,6,-0.48359895882887166,-0.4366416981697792,TRUE,17
OR113,Male,B2,SUS,weight_dev,3,,,,1.1664604242149967,1,1.1664604242149967,TRUE,6,-0.48359895882887166,-0.4366416981697792,TRUE,17
OR113,Male,B2,SUS,delta_cort,4,,,,0.39008356145978273,-1,-0.39008356145978273,TRUE,6,-0.48359895882887166,-0.4366416981697792,TRUE,17
OR113,Male,B2,SUS,adrenal_weight,5,,,,0.12270806452305381,-1,-0.12270806452305381,TRUE,6,-0.48359895882887166,-0.4366416981697792,TRUE,17
OR113,Male,B2,SUS,spleen_weight,6,,,,-0.89898427540078,-1,0.89898427540078,TRUE,6,-0.48359895882887166,-0.4366416981697792,TRUE,17
OR625,Male,B5,SUS,NOR,1,,,,-0.27532370059963707,1,-0.27532370059963707,TRUE,6,-0.44627038128423574,-0.4366416981697792,TRUE,18
OR625,Male,B5,SUS,sucrose_pref,2,,,,-0.637581352360911,1,-0.637581352360911,TRUE,6,-0.44627038128423574,-0.4366416981697792,TRUE,18
OR625,Male,B5,SUS,weight_dev,3,,,,-0.7776402828099975,1,-0.7776402828099975,TRUE,6,-0.44627038128423574,-0.4366416981697792,TRUE,18
OR625,Male,B5,SUS,delta_cort,4,,,,0.562717220992368,-1,-0.562717220992368,TRUE,6,-0.44627038128423574,-0.4366416981697792,TRUE,18
OR625,Male,B5,SUS,adrenal_weight,5,,,,0.32423023429142306,-1,-0.32423023429142306,TRUE,6,-0.44627038128423574,-0.4366416981697792,TRUE,18
OR625,Male,B5,SUS,spleen_weight,6,,,,0.10012949665107777,-1,-0.10012949665107777,TRUE,6,-0.44627038128423574,-0.4366416981697792,TRUE,18
13856,Male,B5,SUS,NOR,1,,,,-0.5910028075000161,1,-0.5910028075000161,TRUE,6,-0.44353029885773526,-0.4366416981697792,TRUE,19
13856,Male,B5,SUS,sucrose_pref,2,,,,-1.8644994358035698,1,-1.8644994358035698,TRUE,6,-0.44353029885773526,-0.4366416981697792,TRUE,19
13856,Male,B5,SUS,weight_dev,3,,,,0.1944100707024996,1,0.1944100707024996,TRUE,6,-0.44353029885773526,-0.4366416981697792,TRUE,19
13856,Male,B5,SUS,delta_cort,4,,,,0.25815324139314033,-1,-0.25815324139314033,TRUE,6,-0.44353029885773526,-0.4366416981697792,TRUE,19
13856,Male,B5,SUS,adrenal_weight,5,,,,0.013279359433778446,-1,-0.013279359433778446,TRUE,6,-0.44353029885773526,-0.4366416981697792,TRUE,19
13856,Male,B5,SUS,spleen_weight,6,,,,0.1286570197184065,-1,-0.1286570197184065,TRUE,6,-0.44353029885773526,-0.4366416981697792,TRUE,19
OR134,Male,B2,RES,NOR,1,,,,-2.2637061024196226,1,-2.2637061024196226,TRUE,6,-0.4263357179509503,-0.4366416981697792,FALSE,20
OR134,Male,B2,RES,sucrose_pref,2,,,,-2.045750971135719,1,-2.045750971135719,TRUE,6,-0.4263357179509503,-0.4366416981697792,FALSE,20
OR134,Male,B2,RES,weight_dev,3,,,,0.1944100707024996,1,0.1944100707024996,TRUE,6,-0.4263357179509503,-0.4366416981697792,FALSE,20
OR134,Male,B2,RES,delta_cort,4,,,,-0.40223216070108825,-1,0.40223216070108825,TRUE,6,-0.4263357179509503,-0.4366416981697792,FALSE,20
OR134,Male,B2,RES,adrenal_weight,5,,,,-0.26083412955222857,-1,0.26083412955222857,TRUE,6,-0.4263357179509503,-0.4366416981697792,FALSE,20
OR134,Male,B2,RES,spleen_weight,6,,,,-0.8939664048938231,-1,0.8939664048938231,TRUE,6,-0.4263357179509503,-0.4366416981697792,FALSE,20
OQ752,Male,B1,RES,NOR,1,,,,0.8761988317148163,1,0.8761988317148163,TRUE,6,-0.4114663697768751,-0.4366416981697792,FALSE,21
OQ752,Male,B1,RES,sucrose_pref,2,,,,-1.1429081264897356,1,-1.1429081264897356,TRUE,6,-0.4114663697768751,-0.4366416981697792,FALSE,21
OQ752,Male,B1,RES,weight_dev,3,,,,-1.555280565619996,1,-1.555280565619996,TRUE,6,-0.4114663697768751,-0.4366416981697792,FALSE,21
OQ752,Male,B1,RES,delta_cort,4,,,,0.6726834443110863,-1,-0.6726834443110863,TRUE,6,-0.4114663697768751,-0.4366416981697792,FALSE,21
OQ752,Male,B1,RES,adrenal_weight,5,,,,-0.41035057809005077,-1,0.41035057809005077,TRUE,6,-0.4114663697768751,-0.4366416981697792,FALSE,21
OQ752,Male,B1,RES,spleen_weight,6,,,,0.3844754920453,-1,-0.3844754920453,TRUE,6,-0.4114663697768751,-0.4366416981697792,FALSE,21
OQ750,Male,B1,RES,NOR,1,,,,-1.0850692614564255,1,-1.0850692614564255,TRUE,6,-0.3885489732664211,-0.4366416981697792,FALSE,22
OQ750,Male,B1,RES,sucrose_pref,2,,,,-1.5205768731887197,1,-1.5205768731887197,TRUE,6,-0.3885489732664211,-0.4366416981697792,FALSE,22
OQ750,Male,B1,RES,weight_dev,3,,,,1.6524856009712454,1,1.6524856009712454,TRUE,6,-0.3885489732664211,-0.4366416981697792,FALSE,22
OQ750,Male,B1,RES,delta_cort,4,,,,0.479359033505751,-1,-0.479359033505751,TRUE,6,-0.3885489732664211,-0.4366416981697792,FALSE,22
OQ750,Male,B1,RES,adrenal_weight,5,,,,-0.9401588631262464,-1,0.9401588631262464,TRUE,6,-0.3885489732664211,-0.4366416981697792,FALSE,22
OQ750,Male,B1,RES,spleen_weight,6,,,,1.8389331355451224,-1,-1.8389331355451224,TRUE,6,-0.3885489732664211,-0.4366416981697792,FALSE,22
1,Male,B1,RES,NOR,1,,,,-0.5710486330883425,1,-0.5710486330883425,TRUE,6,-0.3431982814442046,-0.4366416981697792,FALSE,23
1,Male,B1,RES,sucrose_pref,2,,,,-0.6699885460752276,1,-0.6699885460752276,TRUE,6,-0.3431982814442046,-0.4366416981697792,FALSE,23
1,Male,B1,RES,weight_dev,3,,,,2.430125883781244,1,2.430125883781244,TRUE,6,-0.3431982814442046,-0.4366416981697792,FALSE,23
1,Male,B1,RES,delta_cort,4,,,,2.09689702149507,-1,-2.09689702149507,TRUE,6,-0.3431982814442046,-0.4366416981697792,FALSE,23
1,Male,B1,RES,adrenal_weight,5,,,,-0.1768901121311831,-1,0.1768901121311831,TRUE,6,-0.3431982814442046,-0.4366416981697792,FALSE,23
1,Male,B1,RES,spleen_weight,6,,,,1.3282714839190146,-1,-1.3282714839190146,TRUE,6,-0.3431982814442046,-0.4366416981697792,FALSE,23
304,Male,B5,RES,NOR,1,,,,0.1900632078472686,1,0.1900632078472686,TRUE,6,-0.33343032621235696,-0.4366416981697792,FALSE,24
304,Male,B5,RES,sucrose_pref,2,,,,-0.5543585353196225,1,-0.5543585353196225,TRUE,6,-0.33343032621235696,-0.4366416981697792,FALSE,24
304,Male,B5,RES,weight_dev,3,,,,-0.7776402828099975,1,-0.7776402828099975,TRUE,6,-0.33343032621235696,-0.4366416981697792,FALSE,24
304,Male,B5,RES,delta_cort,4,,,,0.3598757910269476,-1,-0.3598757910269476,TRUE,6,-0.33343032621235696,-0.4366416981697792,FALSE,24
304,Male,B5,RES,adrenal_weight,5,,,,0.16510403291752127,-1,-0.16510403291752127,TRUE,6,-0.33343032621235696,-0.4366416981697792,FALSE,24
304,Male,B5,RES,spleen_weight,6,,,,0.33366652304732136,-1,-0.33366652304732136,TRUE,6,-0.33343032621235696,-0.4366416981697792,FALSE,24
OQ765,Male,B1,CON,NOR,1,,,,0.6992860258043876,1,0.6992860258043876,TRUE,6,-0.27133874156510784,-0.4366416981697792,FALSE,25
OQ765,Male,B1,CON,sucrose_pref,2,,,,1.1784590049486525,1,1.1784590049486525,TRUE,6,-0.27133874156510784,-0.4366416981697792,FALSE,25
OQ765,Male,B1,CON,weight_dev,3,,,,8.633541468516778e-16,1,8.633541468516778e-16,TRUE,6,-0.27133874156510784,-0.4366416981697792,FALSE,25
OQ765,Male,B1,CON,delta_cort,4,,,,-0.5846642184982993,-1,0.5846642184982993,TRUE,6,-0.27133874156510784,-0.4366416981697792,FALSE,25
OQ765,Male,B1,CON,adrenal_weight,5,,,,2.985623018264656,-1,-2.985623018264656,TRUE,6,-0.27133874156510784,-0.4366416981697792,FALSE,25
OQ765,Male,B1,CON,spleen_weight,6,,,,1.1048186803773314,-1,-1.1048186803773314,TRUE,6,-0.27133874156510784,-0.4366416981697792,FALSE,25
OQ773,Male,B1,RES,NOR,1,,,,0.8735518732234338,1,0.8735518732234338,TRUE,6,-0.26588896986568406,-0.4366416981697792,FALSE,26
OQ773,Male,B1,RES,sucrose_pref,2,,,,1.027183951883799,1,1.027183951883799,TRUE,6,-0.26588896986568406,-0.4366416981697792,FALSE,26
OQ773,Male,B1,RES,weight_dev,3,,,,-0.3888201414050001,1,-0.3888201414050001,TRUE,6,-0.26588896986568406,-0.4366416981697792,FALSE,26
OQ773,Male,B1,RES,delta_cort,4,,,,2.2738571817800537,-1,-2.2738571817800537,TRUE,6,-0.26588896986568406,-0.4366416981697792,FALSE,26
OQ773,Male,B1,RES,adrenal_weight,5,,,,0.044699482677233934,-1,-0.044699482677233934,TRUE,6,-0.26588896986568406,-0.4366416981697792,FALSE,26
OQ773,Male,B1,RES,spleen_weight,6,,,,0.7886928384390494,-1,-0.7886928384390494,TRUE,6,-0.26588896986568406,-0.4366416981697792,FALSE,26
318,Male,B5,RES,NOR,1,,,,1.4968928853391608,1,1.4968928853391608,TRUE,6,-0.2652901788878367,-0.4366416981697792,FALSE,27
318,Male,B5,RES,sucrose_pref,2,,,,-0.7968235973373561,1,-0.7968235973373561,TRUE,6,-0.2652901788878367,-0.4366416981697792,FALSE,27
318,Male,B5,RES,weight_dev,3,,,,-2.721740989834992,1,-2.721740989834992,TRUE,6,-0.2652901788878367,-0.4366416981697792,FALSE,27
318,Male,B5,RES,delta_cort,4,,,,-0.729746344630168,-1,0.729746344630168,TRUE,6,-0.2652901788878367,-0.4366416981697792,FALSE,27
318,Male,B5,RES,adrenal_weight,5,,,,0.22106671119821822,-1,-0.22106671119821822,TRUE,6,-0.2652901788878367,-0.4366416981697792,FALSE,27
318,Male,B5,RES,spleen_weight,6,,,,0.07874900492578264,-1,-0.07874900492578264,TRUE,6,-0.2652901788878367,-0.4366416981697792,FALSE,27
OQ760,Male,B1,CON,NOR,1,,,,0.23672492081012828,1,0.23672492081012828,TRUE,6,-0.2405248519704293,-0.4366416981697792,FALSE,28
OQ760,Male,B1,CON,sucrose_pref,2,,,,0.01731237495678178,1,0.01731237495678178,TRUE,6,-0.2405248519704293,-0.4366416981697792,FALSE,28
OQ760,Male,B1,CON,weight_dev,3,,,,-0.29161510605374896,1,-0.29161510605374896,TRUE,6,-0.2405248519704293,-0.4366416981697792,FALSE,28
OQ760,Male,B1,CON,delta_cort,4,,,,0.8809720640893338,-1,-0.8809720640893338,TRUE,6,-0.2405248519704293,-0.4366416981697792,FALSE,28
OQ760,Male,B1,CON,adrenal_weight,5,,,,-0.2608341295522288,-1,0.2608341295522288,TRUE,6,-0.2405248519704293,-0.4366416981697792,FALSE,28
OQ760,Male,B1,CON,spleen_weight,6,,,,0.7854333669986319,-1,-0.7854333669986319,TRUE,6,-0.2405248519704293,-0.4366416981697792,FALSE,28
OQ762,Male,B1,RES,NOR,1,,,,-0.33608245840955425,1,-0.33608245840955425,TRUE,5,-0.2132697621731856,-0.4366416981697792,FALSE,29
OQ762,Male,B1,RES,sucrose_pref,2,,,,-0.1963428832791822,1,-0.1963428832791822,TRUE,5,-0.2132697621731856,-0.4366416981697792,FALSE,29
OQ762,Male,B1,RES,weight_dev,3,,,,8.633541468516778e-16,1,8.633541468516778e-16,TRUE,5,-0.2132697621731856,-0.4366416981697792,FALSE,29
OQ762,Male,B1,RES,delta_cort,4,,,,,-1,,FALSE,5,-0.2132697621731856,-0.4366416981697792,FALSE,29
OQ762,Male,B1,RES,adrenal_weight,5,,,,0.03115632610677891,-1,-0.03115632610677891,TRUE,5,-0.2132697621731856,-0.4366416981697792,FALSE,29
OQ762,Male,B1,RES,spleen_weight,6,,,,0.5027671430704135,-1,-0.5027671430704135,TRUE,5,-0.2132697621731856,-0.4366416981697792,FALSE,29
OR622,Male,B5,CON,NOR,1,,,,-2.0353486894612,1,-2.0353486894612,TRUE,6,-0.17326587042766975,-0.4366416981697792,FALSE,30
OR622,Male,B5,CON,sucrose_pref,2,,,,-0.7575467961226652,1,-0.7575467961226652,TRUE,6,-0.17326587042766975,-0.4366416981697792,FALSE,30
OR622,Male,B5,CON,weight_dev,3,,,,2.138510777727494,1,2.138510777727494,TRUE,6,-0.17326587042766975,-0.4366416981697792,FALSE,30
OR622,Male,B5,CON,delta_cort,4,,,,0.5062845392539016,-1,-0.5062845392539016,TRUE,6,-0.17326587042766975,-0.4366416981697792,FALSE,30
OR622,Male,B5,CON,adrenal_weight,5,,,,-0.46913965426371257,-1,0.46913965426371257,TRUE,6,-0.17326587042766975,-0.4366416981697792,FALSE,30
OR622,Male,B5,CON,spleen_weight,6,,,,0.34806562971945837,-1,-0.34806562971945837,TRUE,6,-0.17326587042766975,-0.4366416981697792,FALSE,30
OQ751,Male,B1,RES,NOR,1,,,,-0.3159756184419234,1,-0.3159756184419234,TRUE,6,-0.13092467066722305,-0.4366416981697792,FALSE,31
OQ751,Male,B1,RES,sucrose_pref,2,,,,0.7653325910525801,1,0.7653325910525801,TRUE,6,-0.13092467066722305,-0.4366416981697792,FALSE,31
OQ751,Male,B1,RES,weight_dev,3,,,,0.7776402828099993,1,0.7776402828099993,TRUE,6,-0.13092467066722305,-0.4366416981697792,FALSE,31
OQ751,Male,B1,RES,delta_cort,4,,,,1.285086832593778,-1,-1.285086832593778,TRUE,6,-0.13092467066722305,-0.4366416981697792,FALSE,31
OQ751,Male,B1,RES,adrenal_weight,5,,,,-0.26083412955222857,-1,0.26083412955222857,TRUE,6,-0.13092467066722305,-0.4366416981697792,FALSE,31
OQ751,Male,B1,RES,spleen_weight,6,,,,0.9882925763824447,-1,-0.9882925763824447,TRUE,6,-0.13092467066722305,-0.4366416981697792,FALSE,31
OR624,Male,B5,CON,NOR,1,,,,0.924238478484213,1,0.924238478484213,TRUE,6,-0.11628042277670977,-0.4366416981697792,FALSE,32
OR624,Male,B5,CON,sucrose_pref,2,,,,0.9269595370741225,1,0.9269595370741225,TRUE,6,-0.11628042277670977,-0.4366416981697792,FALSE,32
OR624,Male,B5,CON,weight_dev,3,,,,0.1944100707024996,1,0.1944100707024996,TRUE,6,-0.11628042277670977,-0.4366416981697792,FALSE,32
OR624,Male,B5,CON,delta_cort,4,,,,1.7464412079735898,-1,-1.7464412079735898,TRUE,6,-0.11628042277670977,-0.4366416981697792,FALSE,32
OR624,Male,B5,CON,adrenal_weight,5,,,,-0.08983705702787663,-1,0.08983705702787663,TRUE,6,-0.11628042277670977,-0.4366416981697792,FALSE,32
OR624,Male,B5,CON,spleen_weight,6,,,,1.0866864719753806,-1,-1.0866864719753806,TRUE,6,-0.11628042277670977,-0.4366416981697792,FALSE,32
OR621,Male,B5,CON,NOR,1,,,,1.348559706858784,1,1.348559706858784,TRUE,6,-0.08722909460346144,-0.4366416981697792,FALSE,33
OR621,Male,B5,CON,sucrose_pref,2,,,,-0.9785036108147931,1,-0.9785036108147931,TRUE,6,-0.08722909460346144,-0.4366416981697792,FALSE,33
OR621,Male,B5,CON,weight_dev,3,,,,0.1944100707024996,1,0.1944100707024996,TRUE,6,-0.08722909460346144,-0.4366416981697792,FALSE,33
OR621,Male,B5,CON,delta_cort,4,,,,1.2043365694283301,-1,-1.2043365694283301,TRUE,6,-0.08722909460346144,-0.4366416981697792,FALSE,33
OR621,Male,B5,CON,adrenal_weight,5,,,,0.0073203705427783775,-1,-0.0073203705427783775,TRUE,6,-0.08722909460346144,-0.4366416981697792,FALSE,33
OR621,Male,B5,CON,spleen_weight,6,,,,-0.12381620560384929,-1,0.12381620560384929,TRUE,6,-0.08722909460346144,-0.4366416981697792,FALSE,33
OQ763,Male,B1,CON,NOR,1,,,,0.46353432876374956,1,0.46353432876374956,TRUE,6,-0.08335327948763531,-0.4366416981697792,FALSE,34
OQ763,Male,B1,CON,sucrose_pref,2,,,,0.808432089281133,1,0.808432089281133,TRUE,6,-0.08335327948763531,-0.4366416981697792,FALSE,34
OQ763,Male,B1,CON,weight_dev,3,,,,-1.7496906363224947,1,-1.7496906363224947,TRUE,6,-0.08335327948763531,-0.4366416981697792,FALSE,34
OQ763,Male,B1,CON,delta_cort,4,,,,-0.31681577371653585,-1,0.31681577371653585,TRUE,6,-0.08335327948763531,-0.4366416981697792,FALSE,34
OQ763,Male,B1,CON,adrenal_weight,5,,,,0.04074252562708347,-1,-0.04074252562708347,TRUE,6,-0.08335327948763531,-0.4366416981697792,FALSE,34
OQ763,Male,B1,CON,spleen_weight,6,,,,0.2984687067376521,-1,-0.2984687067376521,TRUE,6,-0.08335327948763531,-0.4366416981697792,FALSE,34
OQ772,Male,B1,RES,NOR,1,,,,0.8410683066413281,1,0.8410683066413281,TRUE,6,-0.0708303837557376,-0.4366416981697792,FALSE,35
OQ772,Male,B1,RES,sucrose_pref,2,,,,0.6711486497499222,1,0.6711486497499222,TRUE,6,-0.0708303837557376,-0.4366416981697792,FALSE,35
OQ772,Male,B1,RES,weight_dev,3,,,,-1.0692553888637475,1,-1.0692553888637475,TRUE,6,-0.0708303837557376,-0.4366416981697792,FALSE,35
OQ772,Male,B1,RES,delta_cort,4,,,,0.40913664567256186,-1,-0.40913664567256186,TRUE,6,-0.0708303837557376,-0.4366416981697792,FALSE,35
OQ772,Male,B1,RES,adrenal_weight,5,,,,-0.09181553555295148,-1,0.09181553555295148,TRUE,6,-0.0708303837557376,-0.4366416981697792,FALSE,35
OQ772,Male,B1,RES,spleen_weight,6,,,,0.550622759942318,-1,-0.550622759942318,TRUE,6,-0.0708303837557376,-0.4366416981697792,FALSE,35
310,Male,B5,RES,NOR,1,,,,0.8041139322135047,1,0.8041139322135047,TRUE,6,0.006508194878095726,-0.4366416981697792,FALSE,36
310,Male,B5,RES,sucrose_pref,2,,,,0.5006080582002984,1,0.5006080582002984,TRUE,6,0.006508194878095726,-0.4366416981697792,FALSE,36
310,Male,B5,RES,weight_dev,3,,,,-0.7776402828099975,1,-0.7776402828099975,TRUE,6,0.006508194878095726,-0.4366416981697792,FALSE,36
310,Male,B5,RES,delta_cort,4,,,,0.23098242692640197,-1,-0.23098242692640197,TRUE,6,0.006508194878095726,-0.4366416981697792,FALSE,36
310,Male,B5,RES,adrenal_weight,5,,,,0.376777681784788,-1,-0.376777681784788,TRUE,6,0.006508194878095726,-0.4366416981697792,FALSE,36
310,Male,B5,RES,spleen_weight,6,,,,-0.11972757037595874,-1,0.11972757037595874,TRUE,6,0.006508194878095726,-0.4366416981697792,FALSE,36
OR120,Male,B2,RES,NOR,1,,,,-1.732767162613418,1,-1.732767162613418,TRUE,6,0.017851251796841796,-0.4366416981697792,FALSE,37
OR120,Male,B2,RES,sucrose_pref,2,,,,-1.333201957656264,1,-1.333201957656264,TRUE,6,0.017851251796841796,-0.4366416981697792,FALSE,37
OR120,Male,B2,RES,weight_dev,3,,,,0.1944100707024996,1,0.1944100707024996,TRUE,6,0.017851251796841796,-0.4366416981697792,FALSE,37
OR120,Male,B2,RES,delta_cort,4,,,,-1.112681770152131,-1,1.112681770152131,TRUE,6,0.017851251796841796,-0.4366416981697792,FALSE,37
OR120,Male,B2,RES,adrenal_weight,5,,,,-0.12803380569565417,-1,0.12803380569565417,TRUE,6,0.017851251796841796,-0.4366416981697792,FALSE,37
OR120,Male,B2,RES,spleen_weight,6,,,,-1.737950984500448,-1,1.737950984500448,TRUE,6,0.017851251796841796,-0.4366416981697792,FALSE,37
OR129,Male,B2,CON,NOR,1,,,,0.24481879000820028,1,0.24481879000820028,TRUE,6,0.028411305449226838,-0.4366416981697792,FALSE,38
OR129,Male,B2,CON,sucrose_pref,2,,,,-0.4887460145703955,1,-0.4887460145703955,TRUE,6,0.028411305449226838,-0.4366416981697792,FALSE,38
OR129,Male,B2,CON,weight_dev,3,,,,-0.7776402828099975,1,-0.7776402828099975,TRUE,6,0.028411305449226838,-0.4366416981697792,FALSE,38
OR129,Male,B2,CON,delta_cort,4,,,,-0.5584194039302238,-1,0.5584194039302238,TRUE,6,0.028411305449226838,-0.4366416981697792,FALSE,38
OR129,Male,B2,CON,adrenal_weight,5,,,,-0.9902143698106476,-1,0.9902143698106476,TRUE,6,0.028411305449226838,-0.4366416981697792,FALSE,38
OR129,Male,B2,CON,spleen_weight,6,,,,0.3565984336733176,-1,-0.3565984336733176,TRUE,6,0.028411305449226838,-0.4366416981697792,FALSE,38
OR629,Male,B5,RES,NOR,1,,,,0.6194936507056614,1,0.6194936507056614,TRUE,6,0.10228944843337334,-0.4366416981697792,FALSE,39
OR629,Male,B5,RES,sucrose_pref,2,,,,-0.12312836459614156,1,-0.12312836459614156,TRUE,6,0.10228944843337334,-0.4366416981697792,FALSE,39
OR629,Male,B5,RES,weight_dev,3,,,,0.1944100707024996,1,0.1944100707024996,TRUE,6,0.10228944843337334,-0.4366416981697792,FALSE,39
OR629,Male,B5,RES,delta_cort,4,,,,0.021044719445100397,-1,-0.021044719445100397,TRUE,6,0.10228944843337334,-0.4366416981697792,FALSE,39
OR629,Male,B5,RES,adrenal_weight,5,,,,-0.195544338224749,-1,0.195544338224749,TRUE,6,0.10228944843337334,-0.4366416981697792,FALSE,39
OR629,Male,B5,RES,spleen_weight,6,,,,0.251538284991428,-1,-0.251538284991428,TRUE,6,0.10228944843337334,-0.4366416981697792,FALSE,39
OR106,Male,B2,RES,NOR,1,,,,-1.192021003693445,1,-1.192021003693445,TRUE,6,0.11665299797880783,-0.4366416981697792,FALSE,40
OR106,Male,B2,RES,sucrose_pref,2,,,,1.0318555358443486,1,1.0318555358443486,TRUE,6,0.11665299797880783,-0.4366416981697792,FALSE,40
OR106,Male,B2,RES,weight_dev,3,,,,0.1944100707024996,1,0.1944100707024996,TRUE,6,0.11665299797880783,-0.4366416981697792,FALSE,40
OR106,Male,B2,RES,delta_cort,4,,,,-0.6511506965778766,-1,0.6511506965778766,TRUE,6,0.11665299797880783,-0.4366416981697792,FALSE,40
OR106,Male,B2,RES,adrenal_weight,5,,,,-0.43635343870532417,-1,0.43635343870532417,TRUE,6,0.11665299797880783,-0.4366416981697792,FALSE,40
OR106,Male,B2,RES,spleen_weight,6,,,,0.42183075026375694,-1,-0.42183075026375694,TRUE,6,0.11665299797880783,-0.4366416981697792,FALSE,40
13857,Male,B5,RES,NOR,1,,,,0.0258924683410414,1,0.0258924683410414,TRUE,6,0.1231321144480301,-0.4366416981697792,FALSE,41
13857,Male,B5,RES,sucrose_pref,2,,,,1.4564605672879074,1,1.4564605672879074,TRUE,6,0.1231321144480301,-0.4366416981697792,FALSE,41
13857,Male,B5,RES,weight_dev,3,,,,-0.7776402828099975,1,-0.7776402828099975,TRUE,6,0.1231321144480301,-0.4366416981697792,FALSE,41
13857,Male,B5,RES,delta_cort,4,,,,0.2618470568451484,-1,-0.2618470568451484,TRUE,6,0.1231321144480301,-0.4366416981697792,FALSE,41
13857,Male,B5,RES,adrenal_weight,5,,,,0.35890071511178756,-1,-0.35890071511178756,TRUE,6,0.1231321144480301,-0.4366416981697792,FALSE,41
13857,Male,B5,RES,spleen_weight,6,,,,-0.6548277058261653,-1,0.6548277058261653,TRUE,6,0.1231321144480301,-0.4366416981697792,FALSE,41
314,Male,B5,RES,NOR,1,,,,0.7495245663304746,1,0.7495245663304746,TRUE,6,0.16425188378718844,-0.4366416981697792,FALSE,42
314,Male,B5,RES,sucrose_pref,2,,,,-0.110013975101782,1,-0.110013975101782,TRUE,6,0.16425188378718844,-0.4366416981697792,FALSE,42
314,Male,B5,RES,weight_dev,3,,,,-0.7776402828099975,1,-0.7776402828099975,TRUE,6,0.16425188378718844,-0.4366416981697792,FALSE,42
314,Male,B5,RES,delta_cort,4,,,,0.17884886341792403,-1,-0.17884886341792403,TRUE,6,0.16425188378718844,-0.4366416981697792,FALSE,42
314,Male,B5,RES,adrenal_weight,5,,,,-2.0485307968522752,-1,2.0485307968522752,TRUE,6,0.16425188378718844,-0.4366416981697792,FALSE,42
314,Male,B5,RES,spleen_weight,6,,,,0.7460409391299156,-1,-0.7460409391299156,TRUE,6,0.16425188378718844,-0.4366416981697792,FALSE,42
OR630,Male,B5,RES,NOR,1,,,,1.2425278735403702,1,1.2425278735403702,TRUE,6,0.18742347006009583,-0.4366416981697792,FALSE,43
OR630,Male,B5,RES,sucrose_pref,2,,,,-0.2371362547195017,1,-0.2371362547195017,TRUE,6,0.18742347006009583,-0.4366416981697792,FALSE,43
OR630,Male,B5,RES,weight_dev,3,,,,0.1944100707024996,1,0.1944100707024996,TRUE,6,0.18742347006009583,-0.4366416981697792,FALSE,43
OR630,Male,B5,RES,delta_cort,4,,,,0.49015709282069464,-1,-0.49015709282069464,TRUE,6,0.18742347006009583,-0.4366416981697792,FALSE,43
OR630,Male,B5,RES,adrenal_weight,5,,,,-0.33884271139804895,-1,0.33884271139804895,TRUE,6,0.18742347006009583,-0.4366416981697792,FALSE,43
OR630,Male,B5,RES,spleen_weight,6,,,,-0.07605351225985259,-1,0.07605351225985259,TRUE,6,0.18742347006009583,-0.4366416981697792,FALSE,43
OR138,Male,B2,RES,NOR,1,,,,0.39415093838676324,1,0.39415093838676324,TRUE,6,0.2344678804046526,-0.4366416981697792,FALSE,44
OR138,Male,B2,RES,sucrose_pref,2,,,,0.4995732245135176,1,0.4995732245135176,TRUE,6,0.2344678804046526,-0.4366416981697792,FALSE,44
OR138,Male,B2,RES,weight_dev,3,,,,-0.7776402828099975,1,-0.7776402828099975,TRUE,6,0.2344678804046526,-0.4366416981697792,FALSE,44
OR138,Male,B2,RES,delta_cort,4,,,,-1.4844155846891514,-1,1.4844155846891514,TRUE,6,0.2344678804046526,-0.4366416981697792,FALSE,44
OR138,Male,B2,RES,adrenal_weight,5,,,,-0.4140652724636613,-1,0.4140652724636613,TRUE,6,0.2344678804046526,-0.4366416981697792,FALSE,44
OR138,Male,B2,RES,spleen_weight,6,,,,0.6077574548151803,-1,-0.6077574548151803,TRUE,6,0.2344678804046526,-0.4366416981697792,FALSE,44
OR105,Male,B2,RES,NOR,1,,,,-0.38025433368125344,1,-0.38025433368125344,TRUE,6,0.2814820685790306,-0.4366416981697792,FALSE,45
OR105,Male,B2,RES,sucrose_pref,2,,,,-0.0392737953158983,1,-0.0392737953158983,TRUE,6,0.2814820685790306,-0.4366416981697792,FALSE,45
OR105,Male,B2,RES,weight_dev,3,,,,0.1944100707024996,1,0.1944100707024996,TRUE,6,0.2814820685790306,-0.4366416981697792,FALSE,45
OR105,Male,B2,RES,delta_cort,4,,,,-1.7587729850066203,-1,1.7587729850066203,TRUE,6,0.2814820685790306,-0.4366416981697792,FALSE,45
OR105,Male,B2,RES,adrenal_weight,5,,,,-0.6963820448580582,-1,0.6963820448580582,TRUE,6,0.2814820685790306,-0.4366416981697792,FALSE,45
OR105,Male,B2,RES,spleen_weight,6,,,,0.5411445600958429,-1,-0.5411445600958429,TRUE,6,0.2814820685790306,-0.4366416981697792,FALSE,45
2,Male,B1,RES,NOR,1,,,,-0.04668131658942997,1,-0.04668131658942997,TRUE,6,0.3795474024517211,-0.4366416981697792,FALSE,46
2,Male,B1,RES,sucrose_pref,2,,,,0.26100557420533343,1,0.26100557420533343,TRUE,6,0.3795474024517211,-0.4366416981697792,FALSE,46
2,Male,B1,RES,weight_dev,3,,,,1.3608704949174955,1,1.3608704949174955,TRUE,6,0.3795474024517211,-0.4366416981697792,FALSE,46
2,Male,B1,RES,delta_cort,4,,,,-1.9612776684835938,-1,1.9612776684835938,TRUE,6,0.3795474024517211,-0.4366416981697792,FALSE,46
2,Male,B1,RES,adrenal_weight,5,,,,-0.015220152653613752,-1,0.015220152653613752,TRUE,6,0.3795474024517211,-0.4366416981697792,FALSE,46
2,Male,B1,RES,spleen_weight,6,,,,1.2744081589602798,-1,-1.2744081589602798,TRUE,6,0.3795474024517211,-0.4366416981697792,FALSE,46
3,Male,B1,RES,NOR,1,,,,0.7169785615828066,1,0.7169785615828066,TRUE,6,0.45065526776072057,-0.4366416981697792,FALSE,47
3,Male,B1,RES,sucrose_pref,2,,,,1.376823046032516,1,1.376823046032516,TRUE,6,0.45065526776072057,-0.4366416981697792,FALSE,47
3,Male,B1,RES,weight_dev,3,,,,2.138510777727494,1,2.138510777727494,TRUE,6,0.45065526776072057,-0.4366416981697792,FALSE,47
3,Male,B1,RES,delta_cort,4,,,,0.4831830118979453,-1,-0.4831830118979453,TRUE,6,0.45065526776072057,-0.4366416981697792,FALSE,47
3,Male,B1,RES,adrenal_weight,5,,,,-0.21220878020166759,-1,0.21220878020166759,TRUE,6,0.45065526776072057,-0.4366416981697792,FALSE,47
3,Male,B1,RES,spleen_weight,6,,,,1.2574065470822156,-1,-1.2574065470822156,TRUE,6,0.45065526776072057,-0.4366416981697792,FALSE,47
OR112,Male,B2,RES,NOR,1,,,,-1.7676046142677286,1,-1.7676046142677286,TRUE,6,0.49121981811299087,-0.4366416981697792,FALSE,48
OR112,Male,B2,RES,sucrose_pref,2,,,,-0.5975933142773219,1,-0.5975933142773219,TRUE,6,0.49121981811299087,-0.4366416981697792,FALSE,48
OR112,Male,B2,RES,weight_dev,3,,,,2.138510777727494,1,2.138510777727494,TRUE,6,0.49121981811299087,-0.4366416981697792,FALSE,48
OR112,Male,B2,RES,delta_cort,4,,,,-1.1895573997034221,-1,1.1895573997034221,TRUE,6,0.49121981811299087,-0.4366416981697792,FALSE,48
OR112,Male,B2,RES,adrenal_weight,5,,,,-0.7240807442091104,-1,0.7240807442091104,TRUE,6,0.49121981811299087,-0.4366416981697792,FALSE,48
OR112,Male,B2,RES,spleen_weight,6,,,,-1.260367915582969,-1,1.260367915582969,TRUE,6,0.49121981811299087,-0.4366416981697792,FALSE,48
OR128,Male,B2,CON,NOR,1,,,,-1.6555331896062129,1,-1.6555331896062129,TRUE,6,0.5725230972187619,-0.4366416981697792,FALSE,49
OR128,Male,B2,CON,sucrose_pref,2,,,,0.7089933315822368,1,0.7089933315822368,TRUE,6,0.5725230972187619,-0.4366416981697792,FALSE,49
OR128,Male,B2,CON,weight_dev,3,,,,0.1944100707024996,1,0.1944100707024996,TRUE,6,0.5725230972187619,-0.4366416981697792,FALSE,49
OR128,Male,B2,CON,delta_cort,4,,,,-2.001548521849147,-1,2.001548521849147,TRUE,6,0.5725230972187619,-0.4366416981697792,FALSE,49
OR128,Male,B2,CON,adrenal_weight,5,,,,-0.8328970630882433,-1,0.8328970630882433,TRUE,6,0.5725230972187619,-0.4366416981697792,FALSE,49
OR128,Male,B2,CON,spleen_weight,6,,,,-1.3528227856966575,-1,1.3528227856966575,TRUE,6,0.5725230972187619,-0.4366416981697792,FALSE,49
OR130,Male,B2,RES,NOR,1,,,,-0.9858987385793848,1,-0.9858987385793848,TRUE,6,0.5902636626850265,-0.4366416981697792,FALSE,50
OR130,Male,B2,RES,sucrose_pref,2,,,,1.0854932657275567,1,1.0854932657275567,TRUE,6,0.5902636626850265,-0.4366416981697792,FALSE,50
OR130,Male,B2,RES,weight_dev,3,,,,0.1944100707024996,1,0.1944100707024996,TRUE,6,0.5902636626850265,-0.4366416981697792,FALSE,50
OR130,Male,B2,RES,delta_cort,4,,,,-1.1217271885188258,-1,1.1217271885188258,TRUE,6,0.5902636626850265,-0.4366416981697792,FALSE,50
OR130,Male,B2,RES,adrenal_weight,5,,,,-0.009002077289092206,-1,0.009002077289092206,TRUE,6,0.5902636626850265,-0.4366416981697792,FALSE,50
OR130,Male,B2,RES,spleen_weight,6,,,,-2.1168481124515695,-1,2.1168481124515695,TRUE,6,0.5902636626850265,-0.4366416981697792,FALSE,50
OR131,Male,B2,RES,NOR,1,,,,-0.39368437896625574,1,-0.39368437896625574,TRUE,6,0.5953647756120027,-0.4366416981697792,FALSE,51
OR131,Male,B2,RES,sucrose_pref,2,,,,-0.007734089687409976,1,-0.007734089687409976,TRUE,6,0.5953647756120027,-0.4366416981697792,FALSE,51
OR131,Male,B2,RES,weight_dev,3,,,,1.1664604242149967,1,1.1664604242149967,TRUE,6,0.5953647756120027,-0.4366416981697792,FALSE,51
OR131,Male,B2,RES,delta_cort,4,,,,-0.7284751463372693,-1,0.7284751463372693,TRUE,6,0.5953647756120027,-0.4366416981697792,FALSE,51
OR131,Male,B2,RES,adrenal_weight,5,,,,-0.4193950513475374,-1,0.4193950513475374,TRUE,6,0.5953647756120027,-0.4366416981697792,FALSE,51
OR131,Male,B2,RES,spleen_weight,6,,,,-1.6592765004258787,-1,1.6592765004258787,TRUE,6,0.5953647756120027,-0.4366416981697792,FALSE,51
OR135,Male,B2,RES,NOR,1,,,,1.8777809877665654,1,1.8777809877665654,TRUE,6,0.7819220569971009,-0.4366416981697792,FALSE,52
OR135,Male,B2,RES,sucrose_pref,2,,,,1.31242052884342,1,1.31242052884342,TRUE,6,0.7819220569971009,-0.4366416981697792,FALSE,52
OR135,Male,B2,RES,weight_dev,3,,,,0.1944100707024996,1,0.1944100707024996,TRUE,6,0.7819220569971009,-0.4366416981697792,FALSE,52
OR135,Male,B2,RES,delta_cort,4,,,,-1.5612047338005965,-1,1.5612047338005965,TRUE,6,0.7819220569971009,-0.4366416981697792,FALSE,52
OR135,Male,B2,RES,adrenal_weight,5,,,,-0.247832699244592,-1,0.247832699244592,TRUE,6,0.7819220569971009,-0.4366416981697792,FALSE,52
OR135,Male,B2,RES,spleen_weight,6,,,,0.5021166783750678,-1,-0.5021166783750678,TRUE,6,0.7819220569971009,-0.4366416981697792,FALSE,52
OR126,Male,B2,CON,NOR,1,,,,0.1614185758587425,1,0.1614185758587425,TRUE,5,0.7944440122992315,-0.4366416981697792,FALSE,53
OR126,Male,B2,CON,sucrose_pref,2,,,,0.9334194079661953,1,0.9334194079661953,TRUE,5,0.7944440122992315,-0.4366416981697792,FALSE,53
OR126,Male,B2,CON,weight_dev,3,,,,0.1944100707024996,1,0.1944100707024996,TRUE,5,0.7944440122992315,-0.4366416981697792,FALSE,53
OR126,Male,B2,CON,delta_cort,4,,,,-0.8048392432263018,-1,0.8048392432263018,TRUE,5,0.7944440122992315,-0.4366416981697792,FALSE,53
OR126,Male,B2,CON,adrenal_weight,5,,,,,-1,,FALSE,5,0.7944440122992315,-0.4366416981697792,FALSE,53
OR126,Male,B2,CON,spleen_weight,6,,,,-1.8781327637424179,-1,1.8781327637424179,TRUE,5,0.7944440122992315,-0.4366416981697792,FALSE,53
OR127,Male,B2,CON,NOR,1,,,,0.5991184310987016,1,0.5991184310987016,TRUE,6,0.8055600843819981,-0.4366416981697792,FALSE,54
OR127,Male,B2,CON,sucrose_pref,2,,,,0.3272782513685085,1,0.3272782513685085,TRUE,6,0.8055600843819981,-0.4366416981697792,FALSE,54
OR127,Male,B2,CON,weight_dev,3,,,,1.1664604242149967,1,1.1664604242149967,TRUE,6,0.8055600843819981,-0.4366416981697792,FALSE,54
OR127,Male,B2,CON,delta_cort,4,,,,-0.8553239358177848,-1,0.8553239358177848,TRUE,6,0.8055600843819981,-0.4366416981697792,FALSE,54
OR127,Male,B2,CON,adrenal_weight,5,,,,-0.26083412955222857,-1,0.26083412955222857,TRUE,6,0.8055600843819981,-0.4366416981697792,FALSE,54
OR127,Male,B2,CON,spleen_weight,6,,,,-1.6243453342397682,-1,1.6243453342397682,TRUE,6,0.8055600843819981,-0.4366416981697792,FALSE,54
OR122,Male,B2,RES,NOR,1,,,,1.1232000861381635,1,1.1232000861381635,TRUE,6,1.0573961791203055,-0.4366416981697792,FALSE,55
OR122,Male,B2,RES,sucrose_pref,2,,,,-0.03753069867082137,1,-0.03753069867082137,TRUE,6,1.0573961791203055,-0.4366416981697792,FALSE,55
OR122,Male,B2,RES,weight_dev,3,,,,1.1664604242149967,1,1.1664604242149967,TRUE,6,1.0573961791203055,-0.4366416981697792,FALSE,55
OR122,Male,B2,RES,delta_cort,4,,,,-1.1641559783454958,-1,1.1641559783454958,TRUE,6,1.0573961791203055,-0.4366416981697792,FALSE,55
OR122,Male,B2,RES,adrenal_weight,5,,,,-0.6703791842427845,-1,0.6703791842427845,TRUE,6,1.0573961791203055,-0.4366416981697792,FALSE,55
OR122,Male,B2,RES,spleen_weight,6,,,,-2.2577121004512137,-1,2.2577121004512137,TRUE,6,1.0573961791203055,-0.4366416981697792,FALSE,55
OR140,Male,B2,RES,NOR,1,,,,0.9833996661716288,1,0.9833996661716288,TRUE,6,1.0870378540161314,-0.4366416981697792,FALSE,56
OR140,Male,B2,RES,sucrose_pref,2,,,,1.532040675536352,1,1.532040675536352,TRUE,6,1.0870378540161314,-0.4366416981697792,FALSE,56
OR140,Male,B2,RES,weight_dev,3,,,,0.1944100707024996,1,0.1944100707024996,TRUE,6,1.0870378540161314,-0.4366416981697792,FALSE,56
OR140,Male,B2,RES,delta_cort,4,,,,-1.5850792882671554,-1,1.5850792882671554,TRUE,6,1.0870378540161314,-0.4366416981697792,FALSE,56
OR140,Male,B2,RES,adrenal_weight,5,,,,-0.6118727478584195,-1,0.6118727478584195,TRUE,6,1.0870378540161314,-0.4366416981697792,FALSE,56
OR140,Male,B2,RES,spleen_weight,6,,,,-1.6154246755607335,-1,1.6154246755607335,TRUE,6,1.0870378540161314,-0.4366416981697792,FALSE,56
OR104,Male,B2,RES,NOR,1,,,,-0.24809225233788768,1,-0.24809225233788768,TRUE,6,1.1127925879543379,-0.4366416981697792,FALSE,57
OR104,Male,B2,RES,sucrose_pref,2,,,,1.137317975989427,1,1.137317975989427,TRUE,6,1.1127925879543379,-0.4366416981697792,FALSE,57
OR104,Male,B2,RES,weight_dev,3,,,,0.1944100707024996,1,0.1944100707024996,TRUE,6,1.1127925879543379,-0.4366416981697792,FALSE,57
OR104,Male,B2,RES,delta_cort,4,,,,-2.3087445698871605,-1,2.3087445698871605,TRUE,6,1.1127925879543379,-0.4366416981697792,FALSE,57
OR104,Male,B2,RES,adrenal_weight,5,,,,-1.1531279443611215,-1,1.1531279443611215,TRUE,6,1.1127925879543379,-0.4366416981697792,FALSE,57
OR104,Male,B2,RES,spleen_weight,6,,,,-2.1312472191237064,-1,2.1312472191237064,TRUE,6,1.1127925879543379,-0.4366416981697792,FALSE,57
OR139,Male,B2,RES,NOR,1,,,,0.49719549078656605,1,0.49719549078656605,TRUE,6,1.2677470809385187,-0.4366416981697792,FALSE,58
OR139,Male,B2,RES,sucrose_pref,2,,,,2.1322223715822535,1,2.1322223715822535,TRUE,6,1.2677470809385187,-0.4366416981697792,FALSE,58
OR139,Male,B2,RES,weight_dev,3,,,,3.110561131239991,1,3.110561131239991,TRUE,6,1.2677470809385187,-0.4366416981697792,FALSE,58
OR139,Male,B2,RES,delta_cort,4,,,,-0.7133119390425515,-1,0.7133119390425515,TRUE,6,1.2677470809385187,-0.4366416981697792,FALSE,58
OR139,Male,B2,RES,adrenal_weight,5,,,,-0.7228849604851637,-1,0.7228849604851637,TRUE,6,1.2677470809385187,-0.4366416981697792,FALSE,58
OR139,Male,B2,RES,spleen_weight,6,,,,-0.4303065924945864,-1,0.4303065924945864,TRUE,6,1.2677470809385187,-0.4366416981697792,FALSE,58
OR141,Male,B2,RES,NOR,1,,,,0.8129673865824157,1,0.8129673865824157,TRUE,6,1.6495714850693983,-0.4366416981697792,FALSE,59
OR141,Male,B2,RES,sucrose_pref,2,,,,0.8613670018626478,1,0.8613670018626478,TRUE,6,1.6495714850693983,-0.4366416981697792,FALSE,59
OR141,Male,B2,RES,weight_dev,3,,,,3.110561131239991,1,3.110561131239991,TRUE,6,1.6495714850693983,-0.4366416981697792,FALSE,59
OR141,Male,B2,RES,delta_cort,4,,,,-3.0711118649418303,-1,3.0711118649418303,TRUE,6,1.6495714850693983,-0.4366416981697792,FALSE,59
OR141,Male,B2,RES,adrenal_weight,5,,,,-0.8733145529576362,-1,0.8733145529576362,TRUE,6,1.6495714850693983,-0.4366416981697792,FALSE,59
OR141,Male,B2,RES,spleen_weight,6,,,,-1.1681069728318683,-1,1.1681069728318683,TRUE,6,1.6495714850693983,-0.4366416981697792,FALSE,59
