Sample,PC1,PC2,dataset
D:\Proteomics\Fabian\Tobi\Bluto_20250703_FCo_Evo2_80SPDzoom_Tobias_A0003_L_CA1_slm_Neuron_S115_S2-C3_1_13011.d,-34.9378656291562,14.8304676299439,neuron_neuropil
D:\Proteomics\Fabian\Tobi\Bluto_20250703_FCo_Evo2_80SPDzoom_Tobias_A0003_L_CA1_so_Neuron_S117_S2-E3_1_12993.d,-28.731547295142,-13.4190870936484,neuron_neuropil
D:\Proteomics\Fabian\Tobi\Bluto_20250703_FCo_Evo2_80SPDzoom_Tobias_A0003_L_CA1_sr_Neuron_S121_S2-A4_1_13016.d,-23.6061463579649,-17.4413497390181,neuron_neuropil
D:\Proteomics\Fabian\Tobi\Bluto_20250703_FCo_Evo2_80SPDzoom_Tobias_A0003_L_CA2_slm_Neuron_S125_S2-E4_1_12945.d,-39.0578392447113,11.671937350401,neuron_neuropil
D:\Proteomics\Fabian\Tobi\Bluto_20250703_FCo_Evo2_80SPDzoom_Tobias_A0003_L_CA2_so_Neuron_S127_S2-G4_1_13025.d,-8.86687509585586,-12.0171062273386,neuron_neuropil
D:\Proteomics\Fabian\Tobi\Bluto_20250703_FCo_Evo2_80SPDzoom_Tobias_A0003_L_CA2_sp_Neuron_S129_S2-A5_1_12946.d,-18.6814403953356,-19.4927627657954,neuron_neuropil
D:\Proteomics\Fabian\Tobi\Bluto_20250703_FCo_Evo2_80SPDzoom_Tobias_A0003_L_CA3_so_Neuron_S169_S2-A10_1_12987.d,-25.6847043912625,-18.9434143794635,neuron_neuropil
D:\Proteomics\Fabian\Tobi\Bluto_20250703_FCo_Evo2_80SPDzoom_Tobias_A0003_L_CA3_sr_Neuron_S173_S2-E10_1_12990.d,-14.5008053427595,-13.1535273718087,neuron_neuropil
D:\Proteomics\Fabian\Tobi\Bluto_20250703_FCo_Evo2_80SPDzoom_Tobias_A0003_L_DG_mo_Neuron_S177_S2-A11_1_13024.d,-26.3709493962261,40.0152487319832,neuron_neuropil
D:\Proteomics\Fabian\Tobi\Bluto_20250703_FCo_Evo2_80SPDzoom_Tobias_A0003_L_DG_po_Neuron_S179_S2-C11_1_12998.d,-4.6027453733846,15.0293119087739,neuron_neuropil
D:\Proteomics\Fabian\Tobi\Bluto_20250703_FCo_Evo2_80SPDzoom_Tobias_A0003_R_CA1_slm_Neuron_S116_S2-D3_1_12969.d,-34.6578648233938,14.7950954011359,neuron_neuropil
D:\Proteomics\Fabian\Tobi\Bluto_20250703_FCo_Evo2_80SPDzoom_Tobias_A0003_R_CA1_so_Neuron_S118_S2-F3_1_13006.d,-26.7580188766057,-14.1209764603394,neuron_neuropil
D:\Proteomics\Fabian\Tobi\Bluto_20250703_FCo_Evo2_80SPDzoom_Tobias_A0003_R_CA1_sr_Neuron_S122_S2-B4_1_12996.d,-23.4869584092749,-16.5913672745515,neuron_neuropil
D:\Proteomics\Fabian\Tobi\Bluto_20250703_FCo_Evo2_80SPDzoom_Tobias_A0003_R_CA2_slm_Neuron_S126_S2-F4_1_13015.d,-28.0451715366787,11.6050053593469,neuron_neuropil
D:\Proteomics\Fabian\Tobi\Bluto_20250703_FCo_Evo2_80SPDzoom_Tobias_A0003_R_CA2_so_Neuron_S128_S2-H4_1_13007.d,-21.0771120025735,-15.8492209756858,neuron_neuropil
D:\Proteomics\Fabian\Tobi\Bluto_20250703_FCo_Evo2_80SPDzoom_Tobias_A0003_R_CA2_sp_Neuron_S130_S2-B5_1_12953.d,-17.8893698518247,-19.8447070904034,neuron_neuropil
D:\Proteomics\Fabian\Tobi\Bluto_20250703_FCo_Evo2_80SPDzoom_Tobias_A0003_R_CA3_so_Neuron_S170_S2-B10_1_12954.d,-21.0712785831988,-19.6014275269676,neuron_neuropil
D:\Proteomics\Fabian\Tobi\Bluto_20250703_FCo_Evo2_80SPDzoom_Tobias_A0003_R_CA3_sr_Neuron_S174_S2-F10_1_12994.d,-13.4248669593353,-15.2339787073699,neuron_neuropil
D:\Proteomics\Fabian\Tobi\Bluto_20250703_FCo_Evo2_80SPDzoom_Tobias_A0003_R_DG_mo_Neuron_S178_S2-B11_1_12992.d,-26.3675864357753,39.5889662275763,neuron_neuropil
D:\Proteomics\Fabian\Tobi\Bluto_20250703_FCo_Evo2_80SPDzoom_Tobias_A0003_R_DG_po_Neuron_S180_S2-D11_1_13012.d,6.12436462851884,14.3079636578368,neuron_neuropil
D:\Proteomics\Fabian\Tobi\Bluto_20250703_FCo_Evo2_80SPDzoom_Tobias_A111_L_CA1_slm_Neuron_S025_S1-A4_1_12892.d,-33.7736961769248,15.4096680214197,neuron_neuropil
D:\Proteomics\Fabian\Tobi\Bluto_20250703_FCo_Evo2_80SPDzoom_Tobias_A111_L_CA1_so_Neuron_S029_S1-E4_1_12856.d,-28.666191292185,-13.3908626471954,neuron_neuropil
D:\Proteomics\Fabian\Tobi\Bluto_20250703_FCo_Evo2_80SPDzoom_Tobias_A111_L_CA1_sr_Neuron_S037_S1-E5_1_12928.d,-20.8679703354573,-15.3801034038532,neuron_neuropil
D:\Proteomics\Fabian\Tobi\Bluto_20250703_FCo_Evo2_80SPDzoom_Tobias_A111_L_CA2_slm_Neuron_S065_S1-A9_1_12849.d,-32.1801909558752,16.0360567705768,neuron_neuropil
D:\Proteomics\Fabian\Tobi\Bluto_20250703_FCo_Evo2_80SPDzoom_Tobias_A111_L_CA2_so_Neuron_S069_S1-E9_1_12901.d,-26.5545054185773,-16.2697603606082,neuron_neuropil
D:\Proteomics\Fabian\Tobi\Bluto_20250703_FCo_Evo2_80SPDzoom_Tobias_A111_L_CA2_sr_Neuron_S077_S1-E10_1_12866.d,-15.8226171363614,-16.8132174277913,neuron_neuropil
D:\Proteomics\Fabian\Tobi\Bluto_20250703_FCo_Evo2_80SPDzoom_Tobias_A111_L_CA3_so_Neuron_S101_S2-E1_1_12973.d,-25.4665864626923,-18.2011330508776,neuron_neuropil
D:\Proteomics\Fabian\Tobi\Bluto_20250703_FCo_Evo2_80SPDzoom_Tobias_A111_L_CA3_sr_Neuron_S109_S2-E2_1_12948.d,-11.3667110624966,-11.7784106725425,neuron_neuropil
D:\Proteomics\Fabian\Tobi\Bluto_20250703_FCo_Evo2_80SPDzoom_Tobias_A111_L_DG_mo_Neuron_S153_S2-A8_1_12964.d,-28.4059877109607,39.9873692109549,neuron_neuropil
D:\Proteomics\Fabian\Tobi\Bluto_20250703_FCo_Evo2_80SPDzoom_Tobias_A111_L_DG_po_Neuron_S157_S2-E8_1_12999.d,-4.98724760937997,12.9945690851953,neuron_neuropil
D:\Proteomics\Fabian\Tobi\Bluto_20250703_FCo_Evo2_80SPDzoom_Tobias_A111_R_CA1_slm_Neuron_S027_S1-C4_1_12894.d,-36.1175463020343,16.0225235562574,neuron_neuropil
D:\Proteomics\Fabian\Tobi\Bluto_20250703_FCo_Evo2_80SPDzoom_Tobias_A111_R_CA1_so_Neuron_S031_S1-G4_1_12881.d,-29.8107230932375,-11.5847107307764,neuron_neuropil
D:\Proteomics\Fabian\Tobi\Bluto_20250703_FCo_Evo2_80SPDzoom_Tobias_A111_R_CA1_sr_Neuron_S039_S1-G5_1_12865.d,-25.0161836677669,-16.5324206656745,neuron_neuropil
D:\Proteomics\Fabian\Tobi\Bluto_20250703_FCo_Evo2_80SPDzoom_Tobias_A111_R_CA2_slm_Neuron_S067_S1-C9_1_12930.d,-39.5515740330339,15.0667846293929,neuron_neuropil
D:\Proteomics\Fabian\Tobi\Bluto_20250703_FCo_Evo2_80SPDzoom_Tobias_A111_R_CA2_so_Neuron_S071_S1-G9_1_12899.d,-26.0794614789088,-14.7926542322552,neuron_neuropil
D:\Proteomics\Fabian\Tobi\Bluto_20250703_FCo_Evo2_80SPDzoom_Tobias_A111_R_CA2_sr_Neuron_S079_S1-G10_1_12880.d,-21.6095810934438,-16.4611601986279,neuron_neuropil
D:\Proteomics\Fabian\Tobi\Bluto_20250703_FCo_Evo2_80SPDzoom_Tobias_A111_R_CA3_so_Neuron_S103_S2-G1_1_12942.d,-22.8181755195994,-18.1227462305278,neuron_neuropil
D:\Proteomics\Fabian\Tobi\Bluto_20250703_FCo_Evo2_80SPDzoom_Tobias_A111_R_CA3_sr_Neuron_S111_S2-G2_1_12960.d,-10.4714251191565,-13.1139603453552,neuron_neuropil
D:\Proteomics\Fabian\Tobi\Bluto_20250703_FCo_Evo2_80SPDzoom_Tobias_A111_R_DG_mo_Neuron_S155_S2-C8_1_13018.d,-29.0730265297656,41.5664723194812,neuron_neuropil
D:\Proteomics\Fabian\Tobi\Bluto_20250703_FCo_Evo2_80SPDzoom_Tobias_A111_R_DG_po_Neuron_S159_S2-G8_1_13008.d,-0.0701115237022011,13.4889909358513,neuron_neuropil
D:\Proteomics\Fabian\Tobi\Bluto_20250703_FCo_Evo2_80SPDzoom_Tobias_A127_L_CA1_slm_Neuron_S026_S1-B4_1_12925.d,-39.1135317600946,16.6495952348715,neuron_neuropil
D:\Proteomics\Fabian\Tobi\Bluto_20250703_FCo_Evo2_80SPDzoom_Tobias_A127_L_CA1_so_Neuron_S030_S1-F4_1_12847.d,-28.6906128634496,-11.7150944915403,neuron_neuropil
D:\Proteomics\Fabian\Tobi\Bluto_20250703_FCo_Evo2_80SPDzoom_Tobias_A127_L_CA1_sr_Neuron_S038_S1-F5_1_12871.d,-28.5231146274404,-15.8416041089594,neuron_neuropil
D:\Proteomics\Fabian\Tobi\Bluto_20250703_FCo_Evo2_80SPDzoom_Tobias_A127_L_CA2_slm_Neuron_S066_S1-B9_1_12875.d,-41.6327937422957,14.8392996063602,neuron_neuropil
D:\Proteomics\Fabian\Tobi\Bluto_20250703_FCo_Evo2_80SPDzoom_Tobias_A127_L_CA2_so_Neuron_S070_S1-F9_1_12867.d,-31.0741508209398,-16.5091029004313,neuron_neuropil
D:\Proteomics\Fabian\Tobi\Bluto_20250703_FCo_Evo2_80SPDzoom_Tobias_A127_L_CA2_sr_Neuron_S078_S1-F10_1_12903.d,-21.3594647192336,-18.9481679590425,neuron_neuropil
D:\Proteomics\Fabian\Tobi\Bluto_20250703_FCo_Evo2_80SPDzoom_Tobias_A127_L_CA3_so_Neuron_S102_S2-F1_1_12972.d,-24.7409262943906,-18.7243720260204,neuron_neuropil
D:\Proteomics\Fabian\Tobi\Bluto_20250703_FCo_Evo2_80SPDzoom_Tobias_A127_L_CA3_sr_Neuron_S110_S2-F2_1_12966.d,-16.7000339594729,-12.1248158610893,neuron_neuropil
D:\Proteomics\Fabian\Tobi\Bluto_20250703_FCo_Evo2_80SPDzoom_Tobias_A127_L_DG_mo_Neuron_S154_S2-B8_1_13017.d,-29.82939829865,39.6983291994217,neuron_neuropil
D:\Proteomics\Fabian\Tobi\Bluto_20250703_FCo_Evo2_80SPDzoom_Tobias_A127_L_DG_po_Neuron_S158_S2-F8_1_12952.d,-6.87864282877075,13.4377157098602,neuron_neuropil
D:\Proteomics\Fabian\Tobi\Bluto_20250703_FCo_Evo2_80SPDzoom_Tobias_A127_R_CA1_slm_Neuron_S028_S1-D4_1_12904.d,-34.1651472564384,13.2091967907504,neuron_neuropil
D:\Proteomics\Fabian\Tobi\Bluto_20250703_FCo_Evo2_80SPDzoom_Tobias_A127_R_CA1_so_Neuron_S032_S1-H4_1_12913.d,-28.3222964006839,-13.4914113165833,neuron_neuropil
D:\Proteomics\Fabian\Tobi\Bluto_20250703_FCo_Evo2_80SPDzoom_Tobias_A127_R_CA1_sr_Neuron_S040_S1-H5_1_12909.d,-26.1222620160533,-15.8864757777006,neuron_neuropil
D:\Proteomics\Fabian\Tobi\Bluto_20250703_FCo_Evo2_80SPDzoom_Tobias_A127_R_CA2_slm_Neuron_S068_S1-D9_1_12897.d,-40.4105387395999,17.4690905162163,neuron_neuropil
D:\Proteomics\Fabian\Tobi\Bluto_20250703_FCo_Evo2_80SPDzoom_Tobias_A127_R_CA2_so_Neuron_S072_S1-H9_1_12896.d,-19.8654032297526,-15.7955530284052,neuron_neuropil
D:\Proteomics\Fabian\Tobi\Bluto_20250703_FCo_Evo2_80SPDzoom_Tobias_A127_R_CA2_sr_Neuron_S080_S1-H10_1_12919.d,-20.2971868803743,-17.7370633937428,neuron_neuropil
D:\Proteomics\Fabian\Tobi\Bluto_20250703_FCo_Evo2_80SPDzoom_Tobias_A127_R_CA3_so_Neuron_S104_S2-H1_1_12959.d,-20.3300516549859,-17.4293338183,neuron_neuropil
D:\Proteomics\Fabian\Tobi\Bluto_20250703_FCo_Evo2_80SPDzoom_Tobias_A127_R_CA3_sr_Neuron_S112_S2-H2_1_13019.d,-13.8396083367469,-11.8457391682157,neuron_neuropil
D:\Proteomics\Fabian\Tobi\Bluto_20250703_FCo_Evo2_80SPDzoom_Tobias_A127_R_DG_mo_Neuron_S156_S2-D8_1_12989.d,-27.837421185479,40.9694204352925,neuron_neuropil
D:\Proteomics\Fabian\Tobi\Bluto_20250703_FCo_Evo2_80SPDzoom_Tobias_A127_R_DG_po_Neuron_S160_S2-H8_1_13004.d,-7.52328165389839,13.7726173261968,neuron_neuropil
D:\Proteomics\Fabian\Tobi\Bluto_20250703_FCo_Evo2_80SPDzoom_Tobias_A764_L_CA1_slm_Neuron_S006_S1-F1_1_12859.d,-36.0982897806605,11.1113252861373,neuron_neuropil
D:\Proteomics\Fabian\Tobi\Bluto_20250703_FCo_Evo2_80SPDzoom_Tobias_A764_L_CA1_so_Neuron_S010_S1-B2_1_12891.d,-31.931553369752,-13.7467500327944,neuron_neuropil
D:\Proteomics\Fabian\Tobi\Bluto_20250703_FCo_Evo2_80SPDzoom_Tobias_A764_L_CA1_sr_Neuron_S018_S1-B3_1_12911.d,-28.1849349984139,-17.6213634849859,neuron_neuropil
D:\Proteomics\Fabian\Tobi\Bluto_20250703_FCo_Evo2_80SPDzoom_Tobias_A764_L_CA2_slm_Neuron_S046_S1-F6_1_12879.d,-36.1623568189299,10.800332718062,neuron_neuropil
D:\Proteomics\Fabian\Tobi\Bluto_20250703_FCo_Evo2_80SPDzoom_Tobias_A764_L_CA2_so_Neuron_S050_S1-B7_1_12857.d,-27.325704468054,-17.1455953464374,neuron_neuropil
D:\Proteomics\Fabian\Tobi\Bluto_20250703_FCo_Evo2_80SPDzoom_Tobias_A764_L_CA2_sr_Neuron_S058_S1-B8_1_12885.d,-21.882124496504,-20.7428435153943,neuron_neuropil
D:\Proteomics\Fabian\Tobi\Bluto_20250703_FCo_Evo2_80SPDzoom_Tobias_A764_L_CA3_so_Neuron_S086_S1-F11_1_12915.d,-27.3882789975868,-19.0907343628891,neuron_neuropil
D:\Proteomics\Fabian\Tobi\Bluto_20250703_FCo_Evo2_80SPDzoom_Tobias_A764_L_CA3_sr_Neuron_S094_S1-F12_1_12863.d,-17.1586857740781,-14.7306908148838,neuron_neuropil
D:\Proteomics\Fabian\Tobi\Bluto_20250703_FCo_Evo2_80SPDzoom_Tobias_A764_L_DG_mo_Neuron_S138_S2-B6_1_12971.d,-30.4660725702528,39.8779634560079,neuron_neuropil
D:\Proteomics\Fabian\Tobi\Bluto_20250703_FCo_Evo2_80SPDzoom_Tobias_A764_L_DG_po_Neuron_S142_S2-F6_1_13020.d,-11.8877020553496,13.5761827531112,neuron_neuropil
D:\Proteomics\Fabian\Tobi\Bluto_20250703_FCo_Evo2_80SPDzoom_Tobias_A764_R_CA1_slm_Neuron_S008_S1-H1_1_12895.d,-34.0253290793599,10.7130602287733,neuron_neuropil
D:\Proteomics\Fabian\Tobi\Bluto_20250703_FCo_Evo2_80SPDzoom_Tobias_A764_R_CA1_so_Neuron_S012_S1-D2_1_12916.d,-27.1369933864716,-13.9590198961684,neuron_neuropil
D:\Proteomics\Fabian\Tobi\Bluto_20250703_FCo_Evo2_80SPDzoom_Tobias_A764_R_CA1_sr_Neuron_S020_S1-D3_1_12912.d,-27.5481178885304,-17.1914906577803,neuron_neuropil
D:\Proteomics\Fabian\Tobi\Bluto_20250703_FCo_Evo2_80SPDzoom_Tobias_A764_R_CA2_slm_Neuron_S048_S1-H6_1_12864.d,-27.0987014147138,11.1899251086938,neuron_neuropil
D:\Proteomics\Fabian\Tobi\Bluto_20250703_FCo_Evo2_80SPDzoom_Tobias_A764_R_CA2_so_Neuron_S052_S1-D7_1_12933.d,-27.9680936693022,-15.1258615840075,neuron_neuropil
D:\Proteomics\Fabian\Tobi\Bluto_20250703_FCo_Evo2_80SPDzoom_Tobias_A764_R_CA2_sr_Neuron_S060_S1-D8_1_12902.d,-15.2129310231772,-16.8982984033615,neuron_neuropil
D:\Proteomics\Fabian\Tobi\Bluto_20250703_FCo_Evo2_80SPDzoom_Tobias_A764_R_CA3_so_Neuron_S088_S1-H11_1_12908.d,-13.6461714706019,-18.9430090085085,neuron_neuropil
D:\Proteomics\Fabian\Tobi\Bluto_20250703_FCo_Evo2_80SPDzoom_Tobias_A764_R_CA3_sr_Neuron_S096_S1-H12_1_12917.d,-14.428071056951,-14.127794103071,neuron_neuropil
D:\Proteomics\Fabian\Tobi\Bluto_20250703_FCo_Evo2_80SPDzoom_Tobias_A764_R_DG_mo_Neuron_S140_S2-D6_1_13003.d,-29.7423504994892,40.7790957319262,neuron_neuropil
D:\Proteomics\Fabian\Tobi\Bluto_20250703_FCo_Evo2_80SPDzoom_Tobias_A764_R_DG_po_Neuron_S144_S2-H6_1_12988.d,12.4649817254235,16.8580770752878,neuron_neuropil
D:\Proteomics\Fabian\Tobi\Bluto_20250703_FCo_Evo2_80SPDzoom_Tobias_A765_L_CA1_slm_Neuron_S005_S1-E1_1_12855.d,-34.5467757199813,14.1155982009817,neuron_neuropil
D:\Proteomics\Fabian\Tobi\Bluto_20250703_FCo_Evo2_80SPDzoom_Tobias_A765_L_CA1_so_Neuron_S009_S1-A2_1_12878.d,-30.6438227690501,-13.6195022434812,neuron_neuropil
D:\Proteomics\Fabian\Tobi\Bluto_20250703_FCo_Evo2_80SPDzoom_Tobias_A765_L_CA1_sr_Neuron_S017_S1-A3_1_12846.d,-24.4429607824201,-16.9717255266523,neuron_neuropil
D:\Proteomics\Fabian\Tobi\Bluto_20250703_FCo_Evo2_80SPDzoom_Tobias_A765_L_CA2_slm_Neuron_S045_S1-E6_1_12932.d,-33.9139945948301,12.7536471505756,neuron_neuropil
D:\Proteomics\Fabian\Tobi\Bluto_20250703_FCo_Evo2_80SPDzoom_Tobias_A765_L_CA2_so_Neuron_S049_S1-A7_1_12843.d,-18.1091385222545,-11.9596967275408,neuron_neuropil
D:\Proteomics\Fabian\Tobi\Bluto_20250703_FCo_Evo2_80SPDzoom_Tobias_A765_L_CA2_sr_Neuron_S057_S1-A8_1_12862.d,-20.9737613180648,-14.8284439632665,neuron_neuropil
D:\Proteomics\Fabian\Tobi\Bluto_20250703_FCo_Evo2_80SPDzoom_Tobias_A765_L_CA3_so_Neuron_S085_S1-E11_1_12845.d,-25.689162041072102,-19.1572597067729,neuron_neuropil
D:\Proteomics\Fabian\Tobi\Bluto_20250703_FCo_Evo2_80SPDzoom_Tobias_A765_L_CA3_sr_Neuron_S093_S1-E12_1_12873.d,-13.2461153231517,-17.3541012252988,neuron_neuropil
D:\Proteomics\Fabian\Tobi\Bluto_20250703_FCo_Evo2_80SPDzoom_Tobias_A765_L_DG_mo_Neuron_S137_S2-A6_1_13021.d,-27.9226064281501,37.3290941978392,neuron_neuropil
D:\Proteomics\Fabian\Tobi\Bluto_20250703_FCo_Evo2_80SPDzoom_Tobias_A765_L_DG_po_Neuron_S141_S2-E6_1_12995.d,-4.71615593321277,12.0220436846018,neuron_neuropil
D:\Proteomics\Fabian\Tobi\Bluto_20250703_FCo_Evo2_80SPDzoom_Tobias_A765_R_CA1_slm_Neuron_S007_S1-G1_1_12870.d,-36.353056148019,14.3362650226788,neuron_neuropil
D:\Proteomics\Fabian\Tobi\Bluto_20250703_FCo_Evo2_80SPDzoom_Tobias_A765_R_CA1_so_Neuron_S011_S1-C2_1_12869.d,-30.2618070321785,-13.6101784201394,neuron_neuropil
D:\Proteomics\Fabian\Tobi\Bluto_20250703_FCo_Evo2_80SPDzoom_Tobias_A765_R_CA1_sr_Neuron_S019_S1-C3_1_12898.d,-26.4943441349903,-16.0750472173594,neuron_neuropil
D:\Proteomics\Fabian\Tobi\Bluto_20250703_FCo_Evo2_80SPDzoom_Tobias_A765_R_CA2_slm_Neuron_S047_S1-G6_1_12937.d,-31.5003276741599,15.924847472978,neuron_neuropil
D:\Proteomics\Fabian\Tobi\Bluto_20250703_FCo_Evo2_80SPDzoom_Tobias_A765_R_CA2_so_Neuron_S051_S1-C7_1_12876.d,-19.6864827777478,-12.5945695807498,neuron_neuropil
D:\Proteomics\Fabian\Tobi\Bluto_20250703_FCo_Evo2_80SPDzoom_Tobias_A765_R_CA2_sr_Neuron_S059_S1-C8_1_12918.d,-21.8728195596887,-14.519885819794,neuron_neuropil
D:\Proteomics\Fabian\Tobi\Bluto_20250703_FCo_Evo2_80SPDzoom_Tobias_A765_R_CA3_so_Neuron_S087_S1-G11_1_12853.d,-24.2593042503295,-19.5167690275214,neuron_neuropil
D:\Proteomics\Fabian\Tobi\Bluto_20250703_FCo_Evo2_80SPDzoom_Tobias_A765_R_CA3_sr_Neuron_S095_S1-G12_1_12905.d,-12.5047057432526,-13.1083557923619,neuron_neuropil
D:\Proteomics\Fabian\Tobi\Bluto_20250703_FCo_Evo2_80SPDzoom_Tobias_A765_R_DG_mo_Neuron_S139_S2-C6_1_12985.d,-24.8223076767274,39.040248428374,neuron_neuropil
D:\Proteomics\Fabian\Tobi\Bluto_20250703_FCo_Evo2_80SPDzoom_Tobias_A765_R_DG_po_Neuron_S143_S2-G6_1_12949.d,-6.03683889479026,14.1422260891028,neuron_neuropil
D:\Proteomics\Fabian\Tobi\Bluto_20250707_FCo_Evo2_80SPDzoom_Tobias_A129_L_CA1_slm_Neuron_S208_S1-B4_1_13096.d,-42.1157840471996,14.4410603318267,neuron_neuropil
D:\Proteomics\Fabian\Tobi\Bluto_20250707_FCo_Evo2_80SPDzoom_Tobias_A129_L_CA1_so_Neuron_S212_S1-F4_1_13093.d,-34.5932726637953,-14.2059437764187,neuron_neuropil
D:\Proteomics\Fabian\Tobi\Bluto_20250707_FCo_Evo2_80SPDzoom_Tobias_A129_L_CA1_sr_Neuron_S220_S1-F5_1_13111.d,-27.8641157289863,-18.5166851599426,neuron_neuropil
D:\Proteomics\Fabian\Tobi\Bluto_20250707_FCo_Evo2_80SPDzoom_Tobias_A129_L_CA2_slm_Neuron_S248_S1-B9_1_13069.d,-42.4846796437144,15.1240144763985,neuron_neuropil
D:\Proteomics\Fabian\Tobi\Bluto_20250707_FCo_Evo2_80SPDzoom_Tobias_A129_L_CA2_so_Neuron_S252_S1-F9_1_13107.d,-32.3750171282969,-17.3154244120572,neuron_neuropil
D:\Proteomics\Fabian\Tobi\Bluto_20250707_FCo_Evo2_80SPDzoom_Tobias_A129_L_CA2_sr_Neuron_S260_S1-F10_1_13033.d,-20.5203712438548,-19.0222955863731,neuron_neuropil
D:\Proteomics\Fabian\Tobi\Bluto_20250707_FCo_Evo2_80SPDzoom_Tobias_A129_L_CA3_so_Neuron_S284_S2-F1_1_13174.d,-25.9715059030827,-20.3068861774514,neuron_neuropil
D:\Proteomics\Fabian\Tobi\Bluto_20250707_FCo_Evo2_80SPDzoom_Tobias_A129_L_CA3_sr_Neuron_S292_S2-F2_1_13172.d,-15.1571394617846,-11.4225214931285,neuron_neuropil
D:\Proteomics\Fabian\Tobi\Bluto_20250707_FCo_Evo2_80SPDzoom_Tobias_A129_L_DG_mo_Neuron_S316_S2-F5_1_13171.d,-30.7842132618088,40.1670006236471,neuron_neuropil
D:\Proteomics\Fabian\Tobi\Bluto_20250707_FCo_Evo2_80SPDzoom_Tobias_A129_L_DG_po_Neuron_S320_S2-B6_1_13141.d,-4.42557318712498,11.5968908300574,neuron_neuropil
D:\Proteomics\Fabian\Tobi\Bluto_20250707_FCo_Evo2_80SPDzoom_Tobias_A129_R_CA1_slm_Neuron_S210_S1-D4_1_13104.d,-42.0840825782829,15.8579435120455,neuron_neuropil
D:\Proteomics\Fabian\Tobi\Bluto_20250707_FCo_Evo2_80SPDzoom_Tobias_A129_R_CA1_so_Neuron_S214_S1-H4_1_13080.d,-27.4690702756432,-14.4744341303281,neuron_neuropil
D:\Proteomics\Fabian\Tobi\Bluto_20250707_FCo_Evo2_80SPDzoom_Tobias_A129_R_CA1_sr_Neuron_S222_S1-H5_1_13059.d,-27.9283674828858,-16.2609904215663,neuron_neuropil
D:\Proteomics\Fabian\Tobi\Bluto_20250707_FCo_Evo2_80SPDzoom_Tobias_A129_R_CA2_slm_Neuron_S250_S1-D9_1_13108.d,-39.9955093378564,13.2811113638266,neuron_neuropil
D:\Proteomics\Fabian\Tobi\Bluto_20250707_FCo_Evo2_80SPDzoom_Tobias_A129_R_CA2_so_Neuron_S254_S1-H9_1_13060.d,-28.0620256921602,-14.424204399508,neuron_neuropil
D:\Proteomics\Fabian\Tobi\Bluto_20250707_FCo_Evo2_80SPDzoom_Tobias_A129_R_CA2_sr_Neuron_S262_S1-H10_1_13117.d,-18.751822700412,-17.5324150466225,neuron_neuropil
D:\Proteomics\Fabian\Tobi\Bluto_20250707_FCo_Evo2_80SPDzoom_Tobias_A129_R_CA3_so_Neuron_S286_S2-H1_1_13127.d,-20.21691155565,-19.4691171105982,neuron_neuropil
D:\Proteomics\Fabian\Tobi\Bluto_20250707_FCo_Evo2_80SPDzoom_Tobias_A129_R_CA3_sr_Neuron_S294_S2-H2_1_13148.d,-15.7627062387798,-13.0319144043668,neuron_neuropil
D:\Proteomics\Fabian\Tobi\Bluto_20250707_FCo_Evo2_80SPDzoom_Tobias_A129_R_DG_mo_Neuron_S318_S2-H5_1_13135.d,-29.4373304039716,40.6956812487236,neuron_neuropil
D:\Proteomics\Fabian\Tobi\Bluto_20250707_FCo_Evo2_80SPDzoom_Tobias_A129_R_DG_po_Neuron_S322_S2-D6_1_13129.d,5.47267090372876,15.5089042997433,neuron_neuropil
D:\Proteomics\Fabian\Tobi\Bluto_20250707_FCo_Evo2_80SPDzoom_Tobias_A135_L_CA1_slm_Neuron_S188_S1-F1_1_13034.d,-39.1466710143323,15.5157243374811,neuron_neuropil
D:\Proteomics\Fabian\Tobi\Bluto_20250707_FCo_Evo2_80SPDzoom_Tobias_A135_L_CA1_so_Neuron_S192_S1-B2_1_13064.d,-0.43924386794386,-7.01108969533723,neuron_neuropil
D:\Proteomics\Fabian\Tobi\Bluto_20250707_FCo_Evo2_80SPDzoom_Tobias_A135_L_CA1_sr_Neuron_S200_S1-B3_1_13110.d,-28.1353331189785,-17.211055824563,neuron_neuropil
D:\Proteomics\Fabian\Tobi\Bluto_20250707_FCo_Evo2_80SPDzoom_Tobias_A135_L_CA2_slm_Neuron_S228_S1-F6_1_13052.d,-40.4836774465469,11.7222525261629,neuron_neuropil
D:\Proteomics\Fabian\Tobi\Bluto_20250707_FCo_Evo2_80SPDzoom_Tobias_A135_L_CA2_so_Neuron_S232_S1-B7_1_13061.d,-25.8257387704336,-16.3401558819474,neuron_neuropil
D:\Proteomics\Fabian\Tobi\Bluto_20250707_FCo_Evo2_80SPDzoom_Tobias_A135_L_CA2_sr_Neuron_S240_S1-B8_1_13070.d,-23.6999169813519,-22.540064385278,neuron_neuropil
D:\Proteomics\Fabian\Tobi\Bluto_20250707_FCo_Evo2_80SPDzoom_Tobias_A135_L_CA3_so_Neuron_S268_S1-F11_1_13049.d,-28.6696649021979,-19.8267071577326,neuron_neuropil
D:\Proteomics\Fabian\Tobi\Bluto_20250707_FCo_Evo2_80SPDzoom_Tobias_A135_L_CA3_sr_Neuron_S276_S1-F12_1_13056.d,-17.7862494136225,-17.6265780045183,neuron_neuropil
D:\Proteomics\Fabian\Tobi\Bluto_20250707_FCo_Evo2_80SPDzoom_Tobias_A135_L_DG_mo_Neuron_S300_S2-F3_1_13136.d,-32.3877513859683,40.3755790215082,neuron_neuropil
D:\Proteomics\Fabian\Tobi\Bluto_20250707_FCo_Evo2_80SPDzoom_Tobias_A135_L_DG_po_Neuron_S304_S2-B4_1_13146.d,-10.6837903222183,12.0468585606082,neuron_neuropil
D:\Proteomics\Fabian\Tobi\Bluto_20250707_FCo_Evo2_80SPDzoom_Tobias_A135_R_CA1_slm_Neuron_S190_S1-H1_1_13088.d,-40.655758097746,14.4983763862848,neuron_neuropil
D:\Proteomics\Fabian\Tobi\Bluto_20250707_FCo_Evo2_80SPDzoom_Tobias_A135_R_CA1_so_Neuron_S194_S1-D2_1_13113.d,-27.3503423274342,-13.9366442604333,neuron_neuropil
D:\Proteomics\Fabian\Tobi\Bluto_20250707_FCo_Evo2_80SPDzoom_Tobias_A135_R_CA1_sr_Neuron_S202_S1-D3_1_13123.d,-29.1826695109419,-17.9984295325422,neuron_neuropil
D:\Proteomics\Fabian\Tobi\Bluto_20250707_FCo_Evo2_80SPDzoom_Tobias_A135_R_CA2_slm_Neuron_S230_S1-H6_1_13116.d,-40.6900789233547,10.9609485724196,neuron_neuropil
D:\Proteomics\Fabian\Tobi\Bluto_20250707_FCo_Evo2_80SPDzoom_Tobias_A135_R_CA2_so_Neuron_S234_S1-D7_1_13054.d,-20.3169979422738,-16.7151758371177,neuron_neuropil
D:\Proteomics\Fabian\Tobi\Bluto_20250707_FCo_Evo2_80SPDzoom_Tobias_A135_R_CA2_sr_Neuron_S242_S1-D8_1_13040.d,-21.1218091857248,-19.4069831747668,neuron_neuropil
D:\Proteomics\Fabian\Tobi\Bluto_20250707_FCo_Evo2_80SPDzoom_Tobias_A135_R_CA3_so_Neuron_S270_S1-H11_1_13090.d,-24.0254977633511,-20.7666085971448,neuron_neuropil
D:\Proteomics\Fabian\Tobi\Bluto_20250707_FCo_Evo2_80SPDzoom_Tobias_A135_R_CA3_sr_Neuron_S278_S1-H12_1_13046.d,-18.9203494953808,-18.8358117879208,neuron_neuropil
D:\Proteomics\Fabian\Tobi\Bluto_20250707_FCo_Evo2_80SPDzoom_Tobias_A135_R_DG_mo_Neuron_S302_S2-H3_1_13153.d,-29.8269422506422,39.1176952937537,neuron_neuropil
D:\Proteomics\Fabian\Tobi\Bluto_20250707_FCo_Evo2_80SPDzoom_Tobias_A135_R_DG_po_Neuron_S306_S2-D4_1_13128.d,5.37350820520821,14.5069431058092,neuron_neuropil
D:\Proteomics\Fabian\Tobi\Bluto_20250707_FCo_Evo2_80SPDzoom_Tobias_A139_L_CA1_slm_Neuron_S207_S1-A4_1_13109.d,-42.7133355707627,14.4280913180671,neuron_neuropil
D:\Proteomics\Fabian\Tobi\Bluto_20250707_FCo_Evo2_80SPDzoom_Tobias_A139_L_CA1_so_Neuron_S211_S1-E4_1_13047.d,-31.2721101625251,-14.4708339740338,neuron_neuropil
D:\Proteomics\Fabian\Tobi\Bluto_20250707_FCo_Evo2_80SPDzoom_Tobias_A139_L_CA1_sr_Neuron_S219_S1-E5_1_13097.d,-25.7743097160735,-11.5118303174352,neuron_neuropil
D:\Proteomics\Fabian\Tobi\Bluto_20250707_FCo_Evo2_80SPDzoom_Tobias_A139_L_CA2_slm_Neuron_S247_S1-A9_1_13118.d,-30.046433180888,3.49785194194446,neuron_neuropil
D:\Proteomics\Fabian\Tobi\Bluto_20250707_FCo_Evo2_80SPDzoom_Tobias_A139_L_CA2_so_Neuron_S251_S1-E9_1_13086.d,-33.1305197175944,-17.7880528792328,neuron_neuropil
D:\Proteomics\Fabian\Tobi\Bluto_20250707_FCo_Evo2_80SPDzoom_Tobias_A139_L_CA2_sr_Neuron_S259_S1-E10_1_13042.d,-7.14091625892893,-15.8425569174565,neuron_neuropil
D:\Proteomics\Fabian\Tobi\Bluto_20250707_FCo_Evo2_80SPDzoom_Tobias_A139_L_CA3_so_Neuron_S283_S2-E1_1_13133.d,-26.4925705600629,-18.4580081356443,neuron_neuropil
D:\Proteomics\Fabian\Tobi\Bluto_20250707_FCo_Evo2_80SPDzoom_Tobias_A139_L_CA3_sr_Neuron_S291_S2-E2_1_13168.d,-13.8624508036555,-11.5250108626969,neuron_neuropil
D:\Proteomics\Fabian\Tobi\Bluto_20250707_FCo_Evo2_80SPDzoom_Tobias_A139_L_DG_mo_Neuron_S315_S2-E5_1_13162.d,-31.3041387561977,42.0753576007255,neuron_neuropil
D:\Proteomics\Fabian\Tobi\Bluto_20250707_FCo_Evo2_80SPDzoom_Tobias_A139_L_DG_po_Neuron_S319_S2-A6_1_13143.d,-9.97392691889343,10.7016135591853,neuron_neuropil
D:\Proteomics\Fabian\Tobi\Bluto_20250707_FCo_Evo2_80SPDzoom_Tobias_A139_R_CA1_slm_Neuron_S209_S1-C4_1_13099.d,-39.6370995247264,13.929516333154501,neuron_neuropil
D:\Proteomics\Fabian\Tobi\Bluto_20250707_FCo_Evo2_80SPDzoom_Tobias_A139_R_CA1_so_Neuron_S213_S1-G4_1_13082.d,-31.4089626017123,-13.0070731111871,neuron_neuropil
D:\Proteomics\Fabian\Tobi\Bluto_20250707_FCo_Evo2_80SPDzoom_Tobias_A139_R_CA1_sr_Neuron_S221_S1-G5_1_13058.d,-24.9264803936684,-16.8712259232709,neuron_neuropil
D:\Proteomics\Fabian\Tobi\Bluto_20250707_FCo_Evo2_80SPDzoom_Tobias_A139_R_CA2_slm_Neuron_S249_S1-C9_1_13072.d,-37.7899293392011,12.7394697709801,neuron_neuropil
D:\Proteomics\Fabian\Tobi\Bluto_20250707_FCo_Evo2_80SPDzoom_Tobias_A139_R_CA2_so_Neuron_S253_S1-G9_1_13051.d,-29.9622110778668,-17.7403428931074,neuron_neuropil
D:\Proteomics\Fabian\Tobi\Bluto_20250707_FCo_Evo2_80SPDzoom_Tobias_A139_R_CA2_sr_Neuron_S261_S1-G10_1_13105.d,-20.0608786061474,-19.7273508211715,neuron_neuropil
D:\Proteomics\Fabian\Tobi\Bluto_20250707_FCo_Evo2_80SPDzoom_Tobias_A139_R_CA3_so_Neuron_S285_S2-G1_1_13161.d,-24.9796709693038,-19.5985888635041,neuron_neuropil
D:\Proteomics\Fabian\Tobi\Bluto_20250707_FCo_Evo2_80SPDzoom_Tobias_A139_R_CA3_sr_Neuron_S293_S2-G2_1_13160.d,-12.9362785550028,-13.3085359095807,neuron_neuropil
D:\Proteomics\Fabian\Tobi\Bluto_20250707_FCo_Evo2_80SPDzoom_Tobias_A139_R_DG_mo_Neuron_S317_S2-G5_1_13140.d,-30.1413607353741,42.0536958114757,neuron_neuropil
D:\Proteomics\Fabian\Tobi\Bluto_20250707_FCo_Evo2_80SPDzoom_Tobias_A139_R_DG_po_Neuron_S321_S2-C6_1_13130.d,-8.71676771895447,12.720368983871,neuron_neuropil
D:\Proteomics\Fabian\Tobi\Bluto_20250707_FCo_Evo2_80SPDzoom_Tobias_A755_L_CA1_slm_Neuron_S187_S1-E1_1_13083.d,-35.30562772802,10.9330606072052,neuron_neuropil
D:\Proteomics\Fabian\Tobi\Bluto_20250707_FCo_Evo2_80SPDzoom_Tobias_A755_L_CA1_so_Neuron_S191_S1-A2_1_13114.d,-30.3139464790672,-15.7063304375358,neuron_neuropil
D:\Proteomics\Fabian\Tobi\Bluto_20250707_FCo_Evo2_80SPDzoom_Tobias_A755_L_CA1_sr_Neuron_S199_S1-A3_1_13067.d,-23.0037615363454,-19.5936889935823,neuron_neuropil
D:\Proteomics\Fabian\Tobi\Bluto_20250707_FCo_Evo2_80SPDzoom_Tobias_A755_L_CA2_slm_Neuron_S227_S1-E6_1_13037.d,-10.6354202681114,13.6587388121764,neuron_neuropil
D:\Proteomics\Fabian\Tobi\Bluto_20250707_FCo_Evo2_80SPDzoom_Tobias_A755_L_CA2_so_Neuron_S231_S1-A7_1_13050.d,-20.8035229377735,-14.6835857313777,neuron_neuropil
D:\Proteomics\Fabian\Tobi\Bluto_20250707_FCo_Evo2_80SPDzoom_Tobias_A755_L_CA2_sr_Neuron_S239_S1-A8_1_13100.d,-11.1678113141937,-16.6610279129718,neuron_neuropil
D:\Proteomics\Fabian\Tobi\Bluto_20250707_FCo_Evo2_80SPDzoom_Tobias_A755_L_CA3_so_Neuron_S267_S1-E11_1_13075.d,-27.451147979844,-21.638792224785,neuron_neuropil
D:\Proteomics\Fabian\Tobi\Bluto_20250707_FCo_Evo2_80SPDzoom_Tobias_A755_L_CA3_sr_Neuron_S275_S1-E12_1_13032.d,-10.2373770568443,-13.956251976809,neuron_neuropil
D:\Proteomics\Fabian\Tobi\Bluto_20250707_FCo_Evo2_80SPDzoom_Tobias_A755_L_DG_mo_Neuron_S299_S2-E3_1_13142.d,-29.749774107178,37.9352332143239,neuron_neuropil
D:\Proteomics\Fabian\Tobi\Bluto_20250707_FCo_Evo2_80SPDzoom_Tobias_A755_L_DG_po_Neuron_S303_S2-A4_1_13173.d,-7.08318394153939,9.52404473312787,neuron_neuropil
D:\Proteomics\Fabian\Tobi\Bluto_20250707_FCo_Evo2_80SPDzoom_Tobias_A755_R_CA1_slm_Neuron_S189_S1-G1_1_13039.d,-38.5249942194083,15.0021367222381,neuron_neuropil
D:\Proteomics\Fabian\Tobi\Bluto_20250707_FCo_Evo2_80SPDzoom_Tobias_A755_R_CA1_so_Neuron_S193_S1-C2_1_13035.d,-32.675434732715,-14.7337561736679,neuron_neuropil
D:\Proteomics\Fabian\Tobi\Bluto_20250707_FCo_Evo2_80SPDzoom_Tobias_A755_R_CA1_sr_Neuron_S201_S1-C3_1_13095.d,-27.2864601185716,-17.2364147543929,neuron_neuropil
D:\Proteomics\Fabian\Tobi\Bluto_20250707_FCo_Evo2_80SPDzoom_Tobias_A755_R_CA2_slm_Neuron_S229_S1-G6_1_13089.d,-36.4264471083602,13.8344753707483,neuron_neuropil
D:\Proteomics\Fabian\Tobi\Bluto_20250707_FCo_Evo2_80SPDzoom_Tobias_A755_R_CA2_so_Neuron_S233_S1-C7_1_13041.d,-22.9086247810448,-15.0485934294889,neuron_neuropil
D:\Proteomics\Fabian\Tobi\Bluto_20250707_FCo_Evo2_80SPDzoom_Tobias_A755_R_CA2_sr_Neuron_S241_S1-C8_1_13102.d,-13.0246332386721,-19.1709989336387,neuron_neuropil
D:\Proteomics\Fabian\Tobi\Bluto_20250707_FCo_Evo2_80SPDzoom_Tobias_A755_R_CA3_so_Neuron_S269_S1-G11_1_13066.d,-26.1886706035131,-18.5199573703496,neuron_neuropil
D:\Proteomics\Fabian\Tobi\Bluto_20250707_FCo_Evo2_80SPDzoom_Tobias_A755_R_CA3_sr_Neuron_S277_S1-G12_1_13112.d,-12.8676493664109,-16.2624123847155,neuron_neuropil
D:\Proteomics\Fabian\Tobi\Bluto_20250707_FCo_Evo2_80SPDzoom_Tobias_A755_R_DG_mo_Neuron_S301_S2-G3_1_13147.d,-28.8645656458321,39.5756691853087,neuron_neuropil
D:\Proteomics\Fabian\Tobi\Bluto_20250707_FCo_Evo2_80SPDzoom_Tobias_A755_R_DG_po_Neuron_S305_S2-C4_1_13167.d,0.211739134085105,12.4053622418326,neuron_neuropil
D:\Proteomics\Fabian\Tobi\Bluto_20250703_FCo_Evo2_80SPDzoom_Tobias_A0003_L_CA1_sp_Neuron_S119_S2-G3_1_12976.d,81.533067870583,-8.81302508068774,neuron_soma
D:\Proteomics\Fabian\Tobi\Bluto_20250703_FCo_Evo2_80SPDzoom_Tobias_A0003_L_CA2_sr_Neuron_S131_S2-C5_1_12978.d,56.0531777585496,-9.82933333703428,neuron_soma
D:\Proteomics\Fabian\Tobi\Bluto_20250703_FCo_Evo2_80SPDzoom_Tobias_A0003_L_CA3_sp_Neuron_S171_S2-C10_1_12980.d,77.6514747869036,-16.9718137358434,neuron_soma
D:\Proteomics\Fabian\Tobi\Bluto_20250703_FCo_Evo2_80SPDzoom_Tobias_A0003_L_DG_sg_Neuron_S181_S2-E11_1_12958.d,88.6744715091682,36.6156798423246,neuron_soma
D:\Proteomics\Fabian\Tobi\Bluto_20250703_FCo_Evo2_80SPDzoom_Tobias_A0003_R_CA1_sp_Neuron_S120_S2-H3_1_12951.d,73.0892176509866,-8.68956236203561,neuron_soma
D:\Proteomics\Fabian\Tobi\Bluto_20250703_FCo_Evo2_80SPDzoom_Tobias_A0003_R_CA2_sr_Neuron_S132_S2-D5_1_12955.d,66.4161646158135,-9.39221201111706,neuron_soma
D:\Proteomics\Fabian\Tobi\Bluto_20250703_FCo_Evo2_80SPDzoom_Tobias_A0003_R_CA3_sp_Neuron_S172_S2-D10_1_13009.d,73.2951992992996,-17.2743248420593,neuron_soma
D:\Proteomics\Fabian\Tobi\Bluto_20250703_FCo_Evo2_80SPDzoom_Tobias_A0003_R_DG_sg_Neuron_S182_S2-F11_1_12984.d,87.7165914488679,35.7792154991018,neuron_soma
D:\Proteomics\Fabian\Tobi\Bluto_20250703_FCo_Evo2_80SPDzoom_Tobias_A111_L_CA1_sp_Neuron_S033_S1-A5_1_12851.d,83.1786704996186,-6.1485138321605,neuron_soma
D:\Proteomics\Fabian\Tobi\Bluto_20250703_FCo_Evo2_80SPDzoom_Tobias_A111_L_CA2_sp_Neuron_S073_S1-A10_1_12887.d,69.0926231510444,-9.25795217721814,neuron_soma
D:\Proteomics\Fabian\Tobi\Bluto_20250703_FCo_Evo2_80SPDzoom_Tobias_A111_L_CA3_sp_Neuron_S105_S2-A2_1_13010.d,79.4631815370759,-16.2079734215355,neuron_soma
D:\Proteomics\Fabian\Tobi\Bluto_20250703_FCo_Evo2_80SPDzoom_Tobias_A111_L_DG_sg_Neuron_S161_S2-A9_1_13002.d,89.4972488287381,38.0748489356643,neuron_soma
D:\Proteomics\Fabian\Tobi\Bluto_20250703_FCo_Evo2_80SPDzoom_Tobias_A111_R_CA2_sp_Neuron_S075_S1-C10_1_12922.d,70.2629105378523,-7.66911742829394,neuron_soma
D:\Proteomics\Fabian\Tobi\Bluto_20250703_FCo_Evo2_80SPDzoom_Tobias_A111_R_CA3_sp_Neuron_S107_S2-C2_1_12997.d,81.7701661115055,-16.2067423083622,neuron_soma
D:\Proteomics\Fabian\Tobi\Bluto_20250703_FCo_Evo2_80SPDzoom_Tobias_A111_R_DG_sg_Neuron_S163_S2-C9_1_13023.d,90.6145701528495,39.1899248606449,neuron_soma
D:\Proteomics\Fabian\Tobi\Bluto_20250703_FCo_Evo2_80SPDzoom_Tobias_A127_L_CA1_sp_Neuron_S034_S1-B5_1_12910.d,80.319769991802,-7.72212070292238,neuron_soma
D:\Proteomics\Fabian\Tobi\Bluto_20250703_FCo_Evo2_80SPDzoom_Tobias_A127_L_CA2_sp_Neuron_S074_S1-B10_1_12860.d,70.9282888370778,-9.04641931082614,neuron_soma
D:\Proteomics\Fabian\Tobi\Bluto_20250703_FCo_Evo2_80SPDzoom_Tobias_A127_L_CA3_sp_Neuron_S106_S2-B2_1_12991.d,79.7269466814124,-16.617607322674,neuron_soma
D:\Proteomics\Fabian\Tobi\Bluto_20250703_FCo_Evo2_80SPDzoom_Tobias_A127_L_DG_sg_Neuron_S162_S2-B9_1_12974.d,85.5607643748276,36.662698027562,neuron_soma
D:\Proteomics\Fabian\Tobi\Bluto_20250703_FCo_Evo2_80SPDzoom_Tobias_A127_R_CA1_sp_Neuron_S036_S1-D5_1_12868.d,78.9264319460478,-8.52814016489794,neuron_soma
D:\Proteomics\Fabian\Tobi\Bluto_20250703_FCo_Evo2_80SPDzoom_Tobias_A127_R_CA2_sp_Neuron_S076_S1-D10_1_12935.d,66.2714250356831,-9.39217648379339,neuron_soma
D:\Proteomics\Fabian\Tobi\Bluto_20250703_FCo_Evo2_80SPDzoom_Tobias_A127_R_CA3_sp_Neuron_S108_S2-D2_1_12986.d,78.1997636589153,-16.968953463227,neuron_soma
D:\Proteomics\Fabian\Tobi\Bluto_20250703_FCo_Evo2_80SPDzoom_Tobias_A127_R_DG_sg_Neuron_S164_S2-D9_1_12956.d,88.1767506248616,38.0641689728592,neuron_soma
D:\Proteomics\Fabian\Tobi\Bluto_20250703_FCo_Evo2_80SPDzoom_Tobias_A764_L_CA1_sp_Neuron_S014_S1-F2_1_12882.d,84.0434985173088,-7.9962181910783,neuron_soma
D:\Proteomics\Fabian\Tobi\Bluto_20250703_FCo_Evo2_80SPDzoom_Tobias_A764_L_CA2_sp_Neuron_S054_S1-F7_1_12920.d,71.3499608772911,-11.6559754089945,neuron_soma
D:\Proteomics\Fabian\Tobi\Bluto_20250703_FCo_Evo2_80SPDzoom_Tobias_A764_L_CA3_sp_Neuron_S090_S1-B12_1_12852.d,78.4175966708894,-18.5752933913698,neuron_soma
D:\Proteomics\Fabian\Tobi\Bluto_20250703_FCo_Evo2_80SPDzoom_Tobias_A764_L_DG_sg_Neuron_S146_S2-B7_1_13000.d,88.6722136750907,34.9830393080773,neuron_soma
D:\Proteomics\Fabian\Tobi\Bluto_20250703_FCo_Evo2_80SPDzoom_Tobias_A764_R_CA1_sp_Neuron_S016_S1-H2_1_12893.d,83.4712221782481,-10.3479755683724,neuron_soma
D:\Proteomics\Fabian\Tobi\Bluto_20250703_FCo_Evo2_80SPDzoom_Tobias_A764_R_CA2_sp_Neuron_S056_S1-H7_1_12858.d,69.6458594316383,-9.12961680806522,neuron_soma
D:\Proteomics\Fabian\Tobi\Bluto_20250703_FCo_Evo2_80SPDzoom_Tobias_A764_R_CA3_sp_Neuron_S092_S1-D12_1_12900.d,76.5318304200633,-19.8553731176815,neuron_soma
D:\Proteomics\Fabian\Tobi\Bluto_20250703_FCo_Evo2_80SPDzoom_Tobias_A764_R_DG_sg_Neuron_S148_S2-D7_1_12941.d,90.9772882948614,35.8267535317094,neuron_soma
D:\Proteomics\Fabian\Tobi\Bluto_20250703_FCo_Evo2_80SPDzoom_Tobias_A765_L_CA1_sp_Neuron_S013_S1-E2_1_12926.d,83.4384333374078,-7.8888772538952,neuron_soma
D:\Proteomics\Fabian\Tobi\Bluto_20250703_FCo_Evo2_80SPDzoom_Tobias_A765_L_CA2_sp_Neuron_S053_S1-E7_1_12889.d,56.5120548813619,-10.3409578622852,neuron_soma
D:\Proteomics\Fabian\Tobi\Bluto_20250703_FCo_Evo2_80SPDzoom_Tobias_A765_L_CA3_sp_Neuron_S089_S1-A12_1_12914.d,76.5095150080121,-17.2324445765658,neuron_soma
D:\Proteomics\Fabian\Tobi\Bluto_20250703_FCo_Evo2_80SPDzoom_Tobias_A765_L_DG_sg_Neuron_S145_S2-A7_1_12943.d,90.5302950836156,38.1375104564644,neuron_soma
D:\Proteomics\Fabian\Tobi\Bluto_20250703_FCo_Evo2_80SPDzoom_Tobias_A765_R_CA1_sp_Neuron_S015_S1-G2_1_12927.d,84.4425760814786,-9.36231537820038,neuron_soma
D:\Proteomics\Fabian\Tobi\Bluto_20250703_FCo_Evo2_80SPDzoom_Tobias_A765_R_CA2_sp_Neuron_S055_S1-G7_1_12906.d,74.4239398574299,-10.9319262400875,neuron_soma
D:\Proteomics\Fabian\Tobi\Bluto_20250703_FCo_Evo2_80SPDzoom_Tobias_A765_R_CA3_sp_Neuron_S091_S1-C12_1_12924.d,78.2702110585293,-17.6426972890651,neuron_soma
D:\Proteomics\Fabian\Tobi\Bluto_20250703_FCo_Evo2_80SPDzoom_Tobias_A765_R_DG_sg_Neuron_S147_S2-C7_1_13013.d,89.6914018375526,37.6404102991002,neuron_soma
D:\Proteomics\Fabian\Tobi\Bluto_20250707_FCo_Evo2_80SPDzoom_Tobias_A129_L_CA1_sp_Neuron_S216_S1-B5_1_13077.d,83.8297011154412,-10.424597572478,neuron_soma
D:\Proteomics\Fabian\Tobi\Bluto_20250707_FCo_Evo2_80SPDzoom_Tobias_A129_L_CA2_sp_Neuron_S256_S1-B10_1_13038.d,72.108126408449,-9.0919273385306,neuron_soma
D:\Proteomics\Fabian\Tobi\Bluto_20250707_FCo_Evo2_80SPDzoom_Tobias_A129_L_CA3_sp_Neuron_S288_S2-B2_1_13158.d,82.2020623374346,-19.0862975182631,neuron_soma
D:\Proteomics\Fabian\Tobi\Bluto_20250707_FCo_Evo2_80SPDzoom_Tobias_A129_L_DG_sg_Neuron_S324_S2-F6_1_13154.d,88.896007540387,37.1928152470898,neuron_soma
D:\Proteomics\Fabian\Tobi\Bluto_20250707_FCo_Evo2_80SPDzoom_Tobias_A129_R_CA1_sp_Neuron_S218_S1-D5_1_13063.d,77.9144411907198,-9.96688505065576,neuron_soma
D:\Proteomics\Fabian\Tobi\Bluto_20250707_FCo_Evo2_80SPDzoom_Tobias_A129_R_CA2_sp_Neuron_S258_S1-D10_1_13065.d,74.0032673271313,-11.5664621752809,neuron_soma
D:\Proteomics\Fabian\Tobi\Bluto_20250707_FCo_Evo2_80SPDzoom_Tobias_A129_R_CA3_sp_Neuron_S290_S2-D2_1_13150.d,81.9978896882767,-18.98195223481,neuron_soma
D:\Proteomics\Fabian\Tobi\Bluto_20250707_FCo_Evo2_80SPDzoom_Tobias_A129_R_DG_sg_Neuron_S326_S2-H6_1_13155.d,90.2300047262804,36.8348820223934,neuron_soma
D:\Proteomics\Fabian\Tobi\Bluto_20250707_FCo_Evo2_80SPDzoom_Tobias_A135_L_CA1_sp_Neuron_S196_S1-F2_1_13048.d,89.7105943010441,-10.1366320400295,neuron_soma
D:\Proteomics\Fabian\Tobi\Bluto_20250707_FCo_Evo2_80SPDzoom_Tobias_A135_L_CA2_sp_Neuron_S236_S1-F7_1_13085.d,74.1822739496875,-10.8456355631372,neuron_soma
D:\Proteomics\Fabian\Tobi\Bluto_20250707_FCo_Evo2_80SPDzoom_Tobias_A135_L_CA3_sp_Neuron_S272_S1-B12_1_13119.d,83.5783921115959,-20.4160510911369,neuron_soma
D:\Proteomics\Fabian\Tobi\Bluto_20250707_FCo_Evo2_80SPDzoom_Tobias_A135_L_DG_sg_Neuron_S308_S2-F4_1_13157.d,93.3584068695366,36.4156911095505,neuron_soma
D:\Proteomics\Fabian\Tobi\Bluto_20250707_FCo_Evo2_80SPDzoom_Tobias_A135_R_CA1_sp_Neuron_S198_S1-H2_1_13125.d,87.8577844569371,-9.99637172746321,neuron_soma
D:\Proteomics\Fabian\Tobi\Bluto_20250707_FCo_Evo2_80SPDzoom_Tobias_A135_R_CA2_sp_Neuron_S238_S1-H7_1_13045.d,73.8376797433494,-9.66232552707988,neuron_soma
D:\Proteomics\Fabian\Tobi\Bluto_20250707_FCo_Evo2_80SPDzoom_Tobias_A135_R_CA3_sp_Neuron_S274_S1-D12_1_13053.d,81.6336947162645,-18.4924869760271,neuron_soma
D:\Proteomics\Fabian\Tobi\Bluto_20250707_FCo_Evo2_80SPDzoom_Tobias_A135_R_DG_sg_Neuron_S310_S2-H4_1_13144.d,94.1366103954194,37.3247095696809,neuron_soma
D:\Proteomics\Fabian\Tobi\Bluto_20250707_FCo_Evo2_80SPDzoom_Tobias_A139_L_CA1_sp_Neuron_S215_S1-A5_1_13031.d,80.2851684154069,-7.9419132861753,neuron_soma
D:\Proteomics\Fabian\Tobi\Bluto_20250707_FCo_Evo2_80SPDzoom_Tobias_A139_L_CA2_sp_Neuron_S255_S1-A10_1_13079.d,70.6222804891823,-11.4305836240187,neuron_soma
D:\Proteomics\Fabian\Tobi\Bluto_20250707_FCo_Evo2_80SPDzoom_Tobias_A139_L_CA3_sp_Neuron_S287_S2-A2_1_13138.d,83.1786699082449,-18.7396515734672,neuron_soma
D:\Proteomics\Fabian\Tobi\Bluto_20250707_FCo_Evo2_80SPDzoom_Tobias_A139_L_DG_sg_Neuron_S323_S2-E6_1_13152.d,87.8749869217159,36.9289336551162,neuron_soma
D:\Proteomics\Fabian\Tobi\Bluto_20250707_FCo_Evo2_80SPDzoom_Tobias_A139_R_CA1_sp_Neuron_S217_S1-C5_1_13124.d,83.5933775479832,-10.5106726682834,neuron_soma
D:\Proteomics\Fabian\Tobi\Bluto_20250707_FCo_Evo2_80SPDzoom_Tobias_A139_R_CA2_sp_Neuron_S257_S1-C10_1_13115.d,74.3817677163675,-12.249370348499,neuron_soma
D:\Proteomics\Fabian\Tobi\Bluto_20250707_FCo_Evo2_80SPDzoom_Tobias_A139_R_CA3_sp_Neuron_S289_S2-C2_1_13145.d,83.2351214408014,-19.009871879511,neuron_soma
D:\Proteomics\Fabian\Tobi\Bluto_20250707_FCo_Evo2_80SPDzoom_Tobias_A139_R_DG_sg_Neuron_S325_S2-G6_1_13163.d,90.0504621622268,37.2617944657939,neuron_soma
D:\Proteomics\Fabian\Tobi\Bluto_20250707_FCo_Evo2_80SPDzoom_Tobias_A755_L_CA1_sp_Neuron_S195_S1-E2_1_13071.d,85.3005226316302,-9.38784917184092,neuron_soma
D:\Proteomics\Fabian\Tobi\Bluto_20250707_FCo_Evo2_80SPDzoom_Tobias_A755_L_CA2_sp_Neuron_S235_S1-E7_1_13078.d,70.233550515642,-8.91404661964614,neuron_soma
D:\Proteomics\Fabian\Tobi\Bluto_20250707_FCo_Evo2_80SPDzoom_Tobias_A755_L_CA3_sp_Neuron_S271_S1-A12_1_13030.d,78.9088670792,-19.5766652505513,neuron_soma
D:\Proteomics\Fabian\Tobi\Bluto_20250707_FCo_Evo2_80SPDzoom_Tobias_A755_L_DG_sg_Neuron_S307_S2-E4_1_13134.d,89.6173492971733,35.8641060296509,neuron_soma
D:\Proteomics\Fabian\Tobi\Bluto_20250707_FCo_Evo2_80SPDzoom_Tobias_A755_R_CA1_sp_Neuron_S197_S1-G2_1_13126.d,84.8527464729431,-10.3187584768362,neuron_soma
D:\Proteomics\Fabian\Tobi\Bluto_20250707_FCo_Evo2_80SPDzoom_Tobias_A755_R_CA2_sp_Neuron_S237_S1-G7_1_13036.d,68.5890907899141,-11.6074813853423,neuron_soma
D:\Proteomics\Fabian\Tobi\Bluto_20250707_FCo_Evo2_80SPDzoom_Tobias_A755_R_CA3_sp_Neuron_S273_S1-C12_1_13120.d,82.9080891736812,-18.9222286444731,neuron_soma
D:\Proteomics\Fabian\Tobi\Bluto_20250707_FCo_Evo2_80SPDzoom_Tobias_A755_R_DG_sg_Neuron_S309_S2-G4_1_13164.d,88.4990005114297,36.3114204183562,neuron_soma
D:\Proteomics\Fabian\Tobi\Bluto_20250703_FCo_Evo2_80SPDzoom_Tobias_A0003_L_CA1_Microglia_S113_S2-A3_1_13026.d,-22.7600402985267,-9.37934662931838,microglia
D:\Proteomics\Fabian\Tobi\Bluto_20250703_FCo_Evo2_80SPDzoom_Tobias_A0003_L_CA2_Microglia_S123_S2-C4_1_12977.d,-6.03559286894756,-3.5212366532139,microglia
D:\Proteomics\Fabian\Tobi\Bluto_20250703_FCo_Evo2_80SPDzoom_Tobias_A0003_L_CA3_Microglia_S165_S2-E9_1_13005.d,-14.7573731610849,-12.9772422860755,microglia
D:\Proteomics\Fabian\Tobi\Bluto_20250703_FCo_Evo2_80SPDzoom_Tobias_A0003_L_DG_Microglia_S175_S2-G10_1_13014.d,-20.9770868304631,37.8995589796329,microglia
D:\Proteomics\Fabian\Tobi\Bluto_20250703_FCo_Evo2_80SPDzoom_Tobias_A0003_R_CA1_Microglia_S114_S2-B3_1_12983.d,-22.1793969825924,-5.36051820871916,microglia
D:\Proteomics\Fabian\Tobi\Bluto_20250703_FCo_Evo2_80SPDzoom_Tobias_A0003_R_CA2_Microglia_S124_S2-D4_1_12965.d,-10.1358370241098,-5.36738507214452,microglia
D:\Proteomics\Fabian\Tobi\Bluto_20250703_FCo_Evo2_80SPDzoom_Tobias_A0003_R_CA3_Microglia_S166_S2-F9_1_12963.d,-12.8080666065856,-15.0152151717849,microglia
D:\Proteomics\Fabian\Tobi\Bluto_20250703_FCo_Evo2_80SPDzoom_Tobias_A0003_R_DG_Microglia_S176_S2-H10_1_12944.d,-17.3030275292278,38.9411579566237,microglia
D:\Proteomics\Fabian\Tobi\Bluto_20250703_FCo_Evo2_80SPDzoom_Tobias_A111_L_CA1_Microglia_S021_S1-E3_1_12938.d,-24.4361575927074,-5.54758792640353,microglia
D:\Proteomics\Fabian\Tobi\Bluto_20250703_FCo_Evo2_80SPDzoom_Tobias_A111_L_CA2_Microglia_S061_S1-E8_1_12907.d,-22.3400453820206,-4.21362409608399,microglia
D:\Proteomics\Fabian\Tobi\Bluto_20250703_FCo_Evo2_80SPDzoom_Tobias_A111_L_CA3_Microglia_S097_S2-A1_1_12975.d,-13.9383205346052,-12.8021590993542,microglia
D:\Proteomics\Fabian\Tobi\Bluto_20250703_FCo_Evo2_80SPDzoom_Tobias_A111_L_DG_Microglia_S149_S2-E7_1_12979.d,-22.11644478088,37.8803696780481,microglia
D:\Proteomics\Fabian\Tobi\Bluto_20250703_FCo_Evo2_80SPDzoom_Tobias_A111_R_CA1_Microglia_S023_S1-G3_1_12854.d,-24.08243210668,-5.9120563508973,microglia
D:\Proteomics\Fabian\Tobi\Bluto_20250703_FCo_Evo2_80SPDzoom_Tobias_A111_R_CA2_Microglia_S063_S1-G8_1_12921.d,-21.3171902930833,-6.96259425270765,microglia
D:\Proteomics\Fabian\Tobi\Bluto_20250703_FCo_Evo2_80SPDzoom_Tobias_A111_R_CA3_Microglia_S099_S2-C1_1_12981.d,-13.6977170030286,-13.6770159615774,microglia
D:\Proteomics\Fabian\Tobi\Bluto_20250703_FCo_Evo2_80SPDzoom_Tobias_A111_R_DG_Microglia_S151_S2-G7_1_12957.d,-22.2370376899231,40.6469271464267,microglia
D:\Proteomics\Fabian\Tobi\Bluto_20250703_FCo_Evo2_80SPDzoom_Tobias_A127_L_CA1_Microglia_S022_S1-F3_1_12934.d,-25.2571760369872,-4.06406999396069,microglia
D:\Proteomics\Fabian\Tobi\Bluto_20250703_FCo_Evo2_80SPDzoom_Tobias_A127_L_CA2_Microglia_S062_S1-F8_1_12884.d,-21.0884431069023,-7.82811395176609,microglia
D:\Proteomics\Fabian\Tobi\Bluto_20250703_FCo_Evo2_80SPDzoom_Tobias_A127_L_CA3_Microglia_S098_S2-B1_1_12970.d,-17.736576786234,-13.0602816481311,microglia
D:\Proteomics\Fabian\Tobi\Bluto_20250703_FCo_Evo2_80SPDzoom_Tobias_A127_L_DG_Microglia_S150_S2-F7_1_13022.d,-26.976585867567,36.9653800290727,microglia
D:\Proteomics\Fabian\Tobi\Bluto_20250703_FCo_Evo2_80SPDzoom_Tobias_A127_R_CA1_Microglia_S024_S1-H3_1_12848.d,-23.8466827439129,-2.99064496064676,microglia
D:\Proteomics\Fabian\Tobi\Bluto_20250703_FCo_Evo2_80SPDzoom_Tobias_A127_R_CA2_Microglia_S064_S1-H8_1_12931.d,-20.3933383361821,-0.962738603271389,microglia
D:\Proteomics\Fabian\Tobi\Bluto_20250703_FCo_Evo2_80SPDzoom_Tobias_A127_R_CA3_Microglia_S100_S2-D1_1_12968.d,-18.248674355106,-16.1121656475015,microglia
D:\Proteomics\Fabian\Tobi\Bluto_20250703_FCo_Evo2_80SPDzoom_Tobias_A127_R_DG_Microglia_S152_S2-H7_1_12947.d,-24.3814175554593,37.4306876407184,microglia
D:\Proteomics\Fabian\Tobi\Bluto_20250703_FCo_Evo2_80SPDzoom_Tobias_A764_L_CA1_Microglia_S002_S1-B1_1_12929.d,-24.2706875122005,-4.8896992798386,microglia
D:\Proteomics\Fabian\Tobi\Bluto_20250703_FCo_Evo2_80SPDzoom_Tobias_A764_L_CA2_Microglia_S042_S1-B6_1_12923.d,-13.5337733376418,-9.19831356020681,microglia
D:\Proteomics\Fabian\Tobi\Bluto_20250703_FCo_Evo2_80SPDzoom_Tobias_A764_L_CA3_Microglia_S082_S1-B11_1_12861.d,-16.2823209907191,-15.127393970555,microglia
D:\Proteomics\Fabian\Tobi\Bluto_20250703_FCo_Evo2_80SPDzoom_Tobias_A764_L_DG_Microglia_S134_S2-F5_1_12961.d,-25.4735640008204,38.9350236043984,microglia
D:\Proteomics\Fabian\Tobi\Bluto_20250703_FCo_Evo2_80SPDzoom_Tobias_A764_R_CA1_Microglia_S004_S1-D1_1_12888.d,-21.4932325170974,-8.06368389513136,microglia
D:\Proteomics\Fabian\Tobi\Bluto_20250703_FCo_Evo2_80SPDzoom_Tobias_A764_R_CA2_Microglia_S044_S1-D6_1_12844.d,-15.5980855068924,-8.23249987563383,microglia
D:\Proteomics\Fabian\Tobi\Bluto_20250703_FCo_Evo2_80SPDzoom_Tobias_A764_R_CA3_Microglia_S084_S1-D11_1_12850.d,-15.1739382746069,-12.0815462602038,microglia
D:\Proteomics\Fabian\Tobi\Bluto_20250703_FCo_Evo2_80SPDzoom_Tobias_A764_R_DG_Microglia_S136_S2-H5_1_12962.d,-22.4334114866813,39.0237075101241,microglia
D:\Proteomics\Fabian\Tobi\Bluto_20250703_FCo_Evo2_80SPDzoom_Tobias_A765_L_CA1_Microglia_S001_S1-A1_1_12936.d,-22.4787043594723,4.79102263842319,microglia
D:\Proteomics\Fabian\Tobi\Bluto_20250703_FCo_Evo2_80SPDzoom_Tobias_A765_L_CA2_Microglia_S041_S1-A6_1_12872.d,-7.96661156631785,-0.0290109325108202,microglia
D:\Proteomics\Fabian\Tobi\Bluto_20250703_FCo_Evo2_80SPDzoom_Tobias_A765_L_CA3_Microglia_S081_S1-A11_1_12883.d,-12.1096627193194,-12.70475819489,microglia
D:\Proteomics\Fabian\Tobi\Bluto_20250703_FCo_Evo2_80SPDzoom_Tobias_A765_L_DG_Microglia_S133_S2-E5_1_12982.d,-20.1891779607085,39.1296384821391,microglia
D:\Proteomics\Fabian\Tobi\Bluto_20250703_FCo_Evo2_80SPDzoom_Tobias_A765_R_CA1_Microglia_S003_S1-C1_1_12890.d,-21.1523651164232,2.08064652432816,microglia
D:\Proteomics\Fabian\Tobi\Bluto_20250703_FCo_Evo2_80SPDzoom_Tobias_A765_R_CA2_Microglia_S043_S1-C6_1_12877.d,-18.3230273792312,-2.99156845549276,microglia
D:\Proteomics\Fabian\Tobi\Bluto_20250703_FCo_Evo2_80SPDzoom_Tobias_A765_R_CA3_Microglia_S083_S1-C11_1_12874.d,-10.0349627934176,-11.3259407099938,microglia
D:\Proteomics\Fabian\Tobi\Bluto_20250703_FCo_Evo2_80SPDzoom_Tobias_A765_R_DG_Microglia_S135_S2-G5_1_12950.d,-19.710868470097,40.2398587717336,microglia
D:\Proteomics\Fabian\Tobi\Bluto_20250707_FCo_Evo2_80SPDzoom_Tobias_A129_L_CA1_Microglia_S204_S1-F3_1_13098.d,-24.3511687990907,-7.37875615752988,microglia
D:\Proteomics\Fabian\Tobi\Bluto_20250707_FCo_Evo2_80SPDzoom_Tobias_A129_L_CA2_Microglia_S244_S1-F8_1_13044.d,-21.1558575216032,-5.60866386499453,microglia
D:\Proteomics\Fabian\Tobi\Bluto_20250707_FCo_Evo2_80SPDzoom_Tobias_A129_L_CA3_Microglia_S280_S2-B1_1_13170.d,-15.3714007561485,-13.7173485183281,microglia
D:\Proteomics\Fabian\Tobi\Bluto_20250707_FCo_Evo2_80SPDzoom_Tobias_A129_L_DG_Microglia_S312_S2-B5_1_13169.d,-22.6719706162831,39.7926431283839,microglia
D:\Proteomics\Fabian\Tobi\Bluto_20250707_FCo_Evo2_80SPDzoom_Tobias_A129_R_CA1_Microglia_S206_S1-H3_1_13121.d,-24.159301056285,-5.9238526807929,microglia
D:\Proteomics\Fabian\Tobi\Bluto_20250707_FCo_Evo2_80SPDzoom_Tobias_A129_R_CA2_Microglia_S246_S1-H8_1_13043.d,-24.0073459676319,-3.76455904401564,microglia
D:\Proteomics\Fabian\Tobi\Bluto_20250707_FCo_Evo2_80SPDzoom_Tobias_A129_R_CA3_Microglia_S282_S2-D1_1_13137.d,-14.913381176235,-14.1688382845576,microglia
D:\Proteomics\Fabian\Tobi\Bluto_20250707_FCo_Evo2_80SPDzoom_Tobias_A129_R_DG_Microglia_S314_S2-D5_1_13159.d,-21.870739678589,39.4580897728505,microglia
D:\Proteomics\Fabian\Tobi\Bluto_20250707_FCo_Evo2_80SPDzoom_Tobias_A135_L_CA1_Microglia_S184_S1-B1_1_13076.d,-26.0115220843721,-4.88676537978128,microglia
D:\Proteomics\Fabian\Tobi\Bluto_20250707_FCo_Evo2_80SPDzoom_Tobias_A135_L_CA2_Microglia_S224_S1-B6_1_13106.d,-18.2002666490353,-11.7717859737257,microglia
D:\Proteomics\Fabian\Tobi\Bluto_20250707_FCo_Evo2_80SPDzoom_Tobias_A135_L_CA3_Microglia_S264_S1-B11_1_13081.d,-14.5945262953244,-15.1790441610588,microglia
D:\Proteomics\Fabian\Tobi\Bluto_20250707_FCo_Evo2_80SPDzoom_Tobias_A135_L_DG_Microglia_S296_S2-B3_1_13149.d,-24.895543532907,39.4847279016116,microglia
D:\Proteomics\Fabian\Tobi\Bluto_20250707_FCo_Evo2_80SPDzoom_Tobias_A135_R_CA1_Microglia_S186_S1-D1_1_13062.d,-26.7140464527454,-4.53042833227948,microglia
D:\Proteomics\Fabian\Tobi\Bluto_20250707_FCo_Evo2_80SPDzoom_Tobias_A135_R_CA2_Microglia_S226_S1-D6_1_13068.d,-22.4465566920569,-7.15237200182034,microglia
D:\Proteomics\Fabian\Tobi\Bluto_20250707_FCo_Evo2_80SPDzoom_Tobias_A135_R_CA3_Microglia_S266_S1-D11_1_13087.d,-18.007487263525,-15.6292868575284,microglia
D:\Proteomics\Fabian\Tobi\Bluto_20250707_FCo_Evo2_80SPDzoom_Tobias_A135_R_DG_Microglia_S298_S2-D3_1_13132.d,-24.3838523589307,39.9310382576326,microglia
D:\Proteomics\Fabian\Tobi\Bluto_20250707_FCo_Evo2_80SPDzoom_Tobias_A139_L_CA1_Microglia_S203_S1-E3_1_13073.d,-23.5234551737043,-2.42184197145283,microglia
D:\Proteomics\Fabian\Tobi\Bluto_20250707_FCo_Evo2_80SPDzoom_Tobias_A139_L_CA2_Microglia_S243_S1-E8_1_13084.d,-22.3386240083095,-9.65271777616633,microglia
D:\Proteomics\Fabian\Tobi\Bluto_20250707_FCo_Evo2_80SPDzoom_Tobias_A139_L_CA3_Microglia_S279_S2-A1_1_13165.d,-11.2429270847196,-10.9705813489555,microglia
D:\Proteomics\Fabian\Tobi\Bluto_20250707_FCo_Evo2_80SPDzoom_Tobias_A139_L_DG_Microglia_S311_S2-A5_1_13166.d,-22.4905929542442,39.3252454789792,microglia
D:\Proteomics\Fabian\Tobi\Bluto_20250707_FCo_Evo2_80SPDzoom_Tobias_A139_R_CA1_Microglia_S205_S1-G3_1_13055.d,-23.0128119958324,-7.12392502296924,microglia
D:\Proteomics\Fabian\Tobi\Bluto_20250707_FCo_Evo2_80SPDzoom_Tobias_A139_R_CA2_Microglia_S245_S1-G8_1_13122.d,-16.7912942887844,-11.075828471533,microglia
D:\Proteomics\Fabian\Tobi\Bluto_20250707_FCo_Evo2_80SPDzoom_Tobias_A139_R_CA3_Microglia_S281_S2-C1_1_13131.d,-16.8164485912497,-12.2316950459794,microglia
D:\Proteomics\Fabian\Tobi\Bluto_20250707_FCo_Evo2_80SPDzoom_Tobias_A139_R_DG_Microglia_S313_S2-C5_1_13151.d,-22.944480355222,39.0861507054233,microglia
D:\Proteomics\Fabian\Tobi\Bluto_20250707_FCo_Evo2_80SPDzoom_Tobias_A755_L_CA1_Microglia_S183_S1-A1_1_13074.d,-20.3997014486866,1.68944873611292,microglia
D:\Proteomics\Fabian\Tobi\Bluto_20250707_FCo_Evo2_80SPDzoom_Tobias_A755_L_CA2_Microglia_S223_S1-A6_1_13092.d,-17.6734418706878,-1.14059636260836,microglia
D:\Proteomics\Fabian\Tobi\Bluto_20250707_FCo_Evo2_80SPDzoom_Tobias_A755_L_CA3_Microglia_S263_S1-A11_1_13057.d,-14.5960746710552,-11.1712981909228,microglia
D:\Proteomics\Fabian\Tobi\Bluto_20250707_FCo_Evo2_80SPDzoom_Tobias_A755_L_DG_Microglia_S295_S2-A3_1_13156.d,-15.5992392650949,37.9701716889708,microglia
D:\Proteomics\Fabian\Tobi\Bluto_20250707_FCo_Evo2_80SPDzoom_Tobias_A755_R_CA1_Microglia_S185_S1-C1_1_13103.d,-23.1702634851035,0.32460748055903,microglia
D:\Proteomics\Fabian\Tobi\Bluto_20250707_FCo_Evo2_80SPDzoom_Tobias_A755_R_CA2_Microglia_S225_S1-C6_1_13094.d,-13.485942053811,1.63237911099207,microglia
D:\Proteomics\Fabian\Tobi\Bluto_20250707_FCo_Evo2_80SPDzoom_Tobias_A755_R_CA3_Microglia_S265_S1-C11_1_13091.d,-4.64966105652217,-10.5489066742801,microglia
D:\Proteomics\Fabian\Tobi\Bluto_20250707_FCo_Evo2_80SPDzoom_Tobias_A755_R_DG_Microglia_S297_S2-C3_1_13139.d,-17.6261844807349,38.2866412709946,microglia
