"file","panel","rows","sha256","render_git_commit"
"figure_03a_source_data.csv","3a",18,"db591eec6663ce15fb7af95900b01f6cd77348ef38a960f074aa1720ecd041d6","c3a8758ff9d980618cde8700535885f6ca6573d5"
"figure_03b_source_data.csv","3b",126,"3d62a639f3cf478094a6daf5ddf43cdaf4b747fd2b48e301fd5d7d2fb5a217a4","c3a8758ff9d980618cde8700535885f6ca6573d5"
"figure_03c_source_data.csv","3c",126,"5d2e768294215fdae674a6a5dd34f5a73b69c16aa2cace749b5bc07c404c44fb","c3a8758ff9d980618cde8700535885f6ca6573d5"
"figure_03d_source_data.csv","3d",15,"051e8b90197557beb4b13d412a2250625adf8e5bf729fe07b3f6ffa9b95e660e","c3a8758ff9d980618cde8700535885f6ca6573d5"
"figure_03e_source_data.csv","3e",9,"fab383ae53d26436da87f40eb42e89a2577d173ab286745b769fe8fbc4f16472","c3a8758ff9d980618cde8700535885f6ca6573d5"
"figure_03f_source_data.csv","3f",9,"eb6d4253c3f76927353882f108be3120161d64c6a325b4694dfd9bd6e2942e80","c3a8758ff9d980618cde8700535885f6ca6573d5"
"figure_03g_source_data.csv","3g",9,"845fbd6b37115e8ff2d5ae052302c61593839c948800f65127cd0a841f9c6e6b","c3a8758ff9d980618cde8700535885f6ca6573d5"
"figure_03h_source_data.csv","3h",4967,"2c87ebb8f8988ac518f00958a587359bfa2bb3b1271ed943c5101073c216a09f","c3a8758ff9d980618cde8700535885f6ca6573d5"
"figure_03i_source_data.csv","3i",5448,"b07648ce6fc476de640324a5dce775169a7aefefb2b92daedbecad8422d761fe","c3a8758ff9d980618cde8700535885f6ca6573d5"
"figure_03j_source_data.csv","3j",5139,"dfc127dfb13d0ac2c58c896e98c9bebb6257193670adbc5f59b8e3e712d3f418","c3a8758ff9d980618cde8700535885f6ca6573d5"
"figure_03k_source_data.csv","3k",21,"d89002fe57035378b6e857b9e1ba5399e7ed8740345d35f2becdf86f0e23cf8d","c3a8758ff9d980618cde8700535885f6ca6573d5"
"figure_03l_source_data.csv","3l",21,"424b9584a46d17f66ae82a602bfdec29f7b424bc5622efd9313c89d0c5cdb421","c3a8758ff9d980618cde8700535885f6ca6573d5"
"figure_03m_source_data.csv","3m",21,"78f96cede46cc4239fbdbb763c71b8e8329e8e88c6093dd12aaf27fe7e201460","c3a8758ff9d980618cde8700535885f6ca6573d5"
