dataset,compartment,spatial_unit,contrast,GO_ID,GO_description,NES,raw_p,BH_FDR,fdr_supported,theme_id,manuscript_theme,theme_role,theme_claim_eligible,assignment_status,contributes_to_figure_3b_cell,is_figure_3_exemplar_term,programme_id,programme_label,programme_short,programme_order,programme_colour,term_order,curve_term,exemplar,location_label,term_label,supported
microglia,Microglia-enriched ROI,CA1,R-C,GO:0042776,proton motive force-driven mitochondrial ATP synthesis,-1.86326585235013,9.46621692696562e-4,0.0124474803049611,TRUE,mitochondrial_respiration_oxphos,Mitochondrial respiration / OXPHOS,primary,TRUE,single_theme,FALSE,FALSE,mitochondria_oxphos,Mitochondrial respiration,Mitochondrial respiration,4,#B45F4B,2,FALSE,3,Microglia ROI CA1,"proton motive
force-driven",TRUE
microglia,Microglia-enriched ROI,CA1,R-C,GO:0006119,oxidative phosphorylation,-1.77511626585622,1.53564629815789e-4,0.00314516963444338,TRUE,mitochondrial_respiration_oxphos,Mitochondrial respiration / OXPHOS,primary,TRUE,single_theme,FALSE,TRUE,mitochondria_oxphos,Mitochondrial respiration,Mitochondrial respiration,4,#B45F4B,1,TRUE,3,Microglia ROI CA1,"Curve: oxidative
phosphorylation",TRUE
microglia,Microglia-enriched ROI,CA1,R-C,GO:0045333,cellular respiration,-1.50770589656842,4.4120682491471e-4,0.00685136335902393,TRUE,mitochondrial_respiration_oxphos,Mitochondrial respiration / OXPHOS,primary,TRUE,single_theme,FALSE,FALSE,mitochondria_oxphos,Mitochondrial respiration,Mitochondrial respiration,4,#B45F4B,3,FALSE,3,Microglia ROI CA1,cellular respiration,TRUE
microglia,Microglia-enriched ROI,CA1,S-C,GO:0042776,proton motive force-driven mitochondrial ATP synthesis,-2.83887232867491,1e-10,1.5156e-8,TRUE,mitochondrial_respiration_oxphos,Mitochondrial respiration / OXPHOS,primary,TRUE,single_theme,FALSE,FALSE,mitochondria_oxphos,Mitochondrial respiration,Mitochondrial respiration,4,#B45F4B,2,FALSE,3,Microglia ROI CA1,"proton motive
force-driven",TRUE
microglia,Microglia-enriched ROI,CA1,S-C,GO:0006119,oxidative phosphorylation,-2.76084780974384,1e-10,1.5156e-8,TRUE,mitochondrial_respiration_oxphos,Mitochondrial respiration / OXPHOS,primary,TRUE,single_theme,FALSE,TRUE,mitochondria_oxphos,Mitochondrial respiration,Mitochondrial respiration,4,#B45F4B,1,TRUE,3,Microglia ROI CA1,"Curve: oxidative
phosphorylation",TRUE
microglia,Microglia-enriched ROI,CA1,S-C,GO:0045333,cellular respiration,-2.67333698141445,1e-10,1.5156e-8,TRUE,mitochondrial_respiration_oxphos,Mitochondrial respiration / OXPHOS,primary,TRUE,single_theme,FALSE,FALSE,mitochondria_oxphos,Mitochondrial respiration,Mitochondrial respiration,4,#B45F4B,3,FALSE,3,Microglia ROI CA1,cellular respiration,TRUE
microglia,Microglia-enriched ROI,CA1,S-R,GO:0042776,proton motive force-driven mitochondrial ATP synthesis,-2.25884535977578,9.79712247638173e-8,5.75222270996947e-5,TRUE,mitochondrial_respiration_oxphos,Mitochondrial respiration / OXPHOS,primary,TRUE,single_theme,TRUE,FALSE,mitochondria_oxphos,Mitochondrial respiration,Mitochondrial respiration,4,#B45F4B,2,FALSE,3,Microglia ROI CA1,"proton motive
force-driven",TRUE
microglia,Microglia-enriched ROI,CA1,S-R,GO:0006119,oxidative phosphorylation,-2.11097705826318,7.60787668910146e-8,5.75222270996947e-5,TRUE,mitochondrial_respiration_oxphos,Mitochondrial respiration / OXPHOS,primary,TRUE,single_theme,TRUE,TRUE,mitochondria_oxphos,Mitochondrial respiration,Mitochondrial respiration,4,#B45F4B,1,TRUE,3,Microglia ROI CA1,"Curve: oxidative
phosphorylation",TRUE
microglia,Microglia-enriched ROI,CA1,S-R,GO:0045333,cellular respiration,-1.8908220188308,1.47313707549369e-7,6.97714547380701e-5,TRUE,mitochondrial_respiration_oxphos,Mitochondrial respiration / OXPHOS,primary,TRUE,single_theme,TRUE,FALSE,mitochondria_oxphos,Mitochondrial respiration,Mitochondrial respiration,4,#B45F4B,3,FALSE,3,Microglia ROI CA1,cellular respiration,TRUE
