Sex,Phase,Statistic,Observed,LowerPredictive95,UpperPredictive95,Outside95,Simulations,Seed
Female,Inactive,CON.Reference.B3|MeanRate,3,0.3739583333333334,2.3135416666666657,TRUE,999,20261929
Female,Inactive,CON.Reference.B3|SDRate,,,,,999,20261929
Female,Inactive,CON.Reference.B3|Zeros,0,0,0,FALSE,999,20261929
Female,Inactive,SIS.Reference.B3|MeanRate,1.9427083333333333,1.6502604166666668,4.281770833333333,FALSE,999,20261929
Female,Inactive,SIS.Reference.B3|SDRate,0.7544955927883455,0.2612762958720971,2.7316989017870164,FALSE,999,20261929
Female,Inactive,SIS.Reference.B3|Zeros,0,0,0,FALSE,999,20261929
Female,Inactive,CON.Post.B3|MeanRate,9.097222222222221,2.1239583333333334,11.971874999999994,FALSE,999,20261929
Female,Inactive,CON.Post.B3|SDRate,,,,,999,20261929
Female,Inactive,CON.Post.B3|Zeros,0,0,0,FALSE,999,20261929
Female,Inactive,SIS.Post.B3|MeanRate,9.100694444444445,6.811979166666667,17.040104166666662,FALSE,999,20261929
Female,Inactive,SIS.Post.B3|SDRate,0.8336901242374347,1.2124162533755298,11.189239460324943,TRUE,999,20261929
Female,Inactive,SIS.Post.B3|Zeros,0,0,0,FALSE,999,20261929
Female,Inactive,CON.Reference.B4|MeanRate,0.14583333333333334,0.3958333333333333,2.6052083333333322,TRUE,999,20261929
Female,Inactive,CON.Reference.B4|SDRate,,,,,999,20261929
Female,Inactive,CON.Reference.B4|Zeros,0,0,0,FALSE,999,20261929
Female,Inactive,SIS.Reference.B4|MeanRate,3.7934027777777777,1.6889756944444445,4.373611111111111,FALSE,999,20261929
Female,Inactive,SIS.Reference.B4|SDRate,1.8552489818679925,0.29932056361076087,2.8823000998101733,FALSE,999,20261929
Female,Inactive,SIS.Reference.B4|Zeros,0,0,0,FALSE,999,20261929
Female,Inactive,CON.Post.B4|MeanRate,2.625,1.6319444444444444,11.465972222222222,FALSE,999,20261929
Female,Inactive,CON.Post.B4|SDRate,,,,,999,20261929
Female,Inactive,CON.Post.B4|Zeros,0,0,0,FALSE,999,20261929
Female,Inactive,SIS.Post.B4|MeanRate,10.983217592592592,6.034837962962962,15.750983796296294,FALSE,999,20261929
Female,Inactive,SIS.Post.B4|SDRate,2.6189940539606176,1.1078131177298118,10.721148009559661,FALSE,999,20261929
Female,Inactive,SIS.Post.B4|Zeros,0,0,0,FALSE,999,20261929
Female,Inactive,CON.Reference.B6|MeanRate,1.0208333333333333,0.2708333333333333,2.1260416666666657,FALSE,999,20261929
Female,Inactive,CON.Reference.B6|SDRate,,,,,999,20261929
Female,Inactive,CON.Reference.B6|Zeros,0,0,0,FALSE,999,20261929
Female,Inactive,SIS.Reference.B6|MeanRate,2.494791666666667,1.4738715277777776,3.959027777777777,FALSE,999,20261929
Female,Inactive,SIS.Reference.B6|SDRate,1.557759011071377,0.2492857596172097,2.548038626403198,FALSE,999,20261929
Female,Inactive,SIS.Reference.B6|Zeros,0,0,0,FALSE,999,20261929
Female,Inactive,CON.Post.B6|MeanRate,4.298611111111111,1.7361111111111112,10.314583333333331,FALSE,999,20261929
Female,Inactive,CON.Post.B6|SDRate,,,,,999,20261929
Female,Inactive,CON.Post.B6|Zeros,0,0,0,FALSE,999,20261929
Female,Inactive,SIS.Post.B6|MeanRate,9.328125,5.9015914351851855,15.402690972222222,FALSE,999,20261929
Female,Inactive,SIS.Post.B6|SDRate,2.5690150729834285,0.9432119718892358,10.374970100820335,FALSE,999,20261929
Female,Inactive,SIS.Post.B6|Zeros,0,0,0,FALSE,999,20261929
Female,Inactive,OverallMaxRate,14.148148148148149,12.769444444444444,34.62118055555555,FALSE,999,20261929
Female,Inactive,PairedLogRateCorrelation,0.8456231585057394,0.3774334923958861,0.9111376094667284,FALSE,999,20261929
Male,Inactive,CON.Reference.B1|MeanRate,2.7916666666666665,1.8958333333333333,3.8552083333333322,FALSE,999,20262929
Male,Inactive,CON.Reference.B1|SDRate,,,,,999,20262929
Male,Inactive,CON.Reference.B1|Zeros,0,0,0,FALSE,999,20262929
Male,Inactive,SIS.Reference.B1|MeanRate,3.986111111111111,3.329340277777778,4.649826388888888,FALSE,999,20262929
Male,Inactive,SIS.Reference.B1|SDRate,1.3334780014109395,0.18838097456006023,1.242406867182505,TRUE,999,20262929
Male,Inactive,SIS.Reference.B1|Zeros,0,0,0,FALSE,999,20262929
Male,Inactive,CON.Post.B1|MeanRate,10.125,6.512847222222223,11.709027777777777,FALSE,999,20262929
Male,Inactive,CON.Post.B1|SDRate,,,,,999,20262929
Male,Inactive,CON.Post.B1|Zeros,0,0,0,FALSE,999,20262929
Male,Inactive,SIS.Post.B1|MeanRate,10.5625,9.349247685185183,12.557002314814813,FALSE,999,20262929
Male,Inactive,SIS.Post.B1|SDRate,1.8172913154456911,0.4437669447848823,2.998468382536868,FALSE,999,20262929
Male,Inactive,SIS.Post.B1|Zeros,0,0,0,FALSE,999,20262929
Male,Inactive,CON.Reference.B2|MeanRate,1.5833333333333333,1.0406250000000001,2.1885416666666657,FALSE,999,20262929
Male,Inactive,CON.Reference.B2|SDRate,,,,,999,20262929
Male,Inactive,CON.Reference.B2|Zeros,0,0,0,FALSE,999,20262929
Male,Inactive,SIS.Reference.B2|MeanRate,2.1875,1.84375,2.6200520833333334,FALSE,999,20262929
Male,Inactive,SIS.Reference.B2|SDRate,0.44422737754776326,0.10915384509555069,0.7057807228948025,FALSE,999,20262929
Male,Inactive,SIS.Reference.B2|Zeros,0,0,0,FALSE,999,20262929
Male,Inactive,CON.Post.B2|MeanRate,4.673611111111111,4.1937500000000005,7.479861111111111,FALSE,999,20262929
Male,Inactive,CON.Post.B2|SDRate,,,,,999,20262929
Male,Inactive,CON.Post.B2|Zeros,0,0,0,FALSE,999,20262929
Male,Inactive,SIS.Post.B2|MeanRate,7.258680555555555,6.018923611111111,8.001996527777777,FALSE,999,20262929
Male,Inactive,SIS.Post.B2|SDRate,0.6469990226727599,0.2698258562691842,1.8211154743922162,FALSE,999,20262929
Male,Inactive,SIS.Post.B2|Zeros,0,0,0,FALSE,999,20262929
Male,Inactive,CON.Reference.B5|MeanRate,1.7708333333333333,1.1875,2.521874999999999,FALSE,999,20262929
Male,Inactive,CON.Reference.B5|SDRate,,,,,999,20262929
Male,Inactive,CON.Reference.B5|Zeros,0,0,0,FALSE,999,20262929
Male,Inactive,SIS.Reference.B5|MeanRate,2.488425925925926,2.0208333333333335,2.9908564814814813,FALSE,999,20262929
Male,Inactive,SIS.Reference.B5|SDRate,0.8069412570855646,0.07510493605081822,0.8552983773271023,FALSE,999,20262929
Male,Inactive,SIS.Reference.B5|Zeros,0,0,0,FALSE,999,20262929
Male,Inactive,CON.Post.B5|MeanRate,7.854166666666667,5.576041666666668,10.001041666666666,FALSE,999,20262929
Male,Inactive,CON.Post.B5|SDRate,,,,,999,20262929
Male,Inactive,CON.Post.B5|Zeros,0,0,0,FALSE,999,20262929
Male,Inactive,SIS.Post.B5|MeanRate,9.063271604938272,7.7975308641975305,10.890817901234568,FALSE,999,20262929
Male,Inactive,SIS.Post.B5|SDRate,1.1507967074347698,0.23011937422225623,2.6898230199694457,FALSE,999,20262929
Male,Inactive,SIS.Post.B5|Zeros,0,0,0,FALSE,999,20262929
Male,Inactive,OverallMaxRate,12.75,10.60162037037037,15.738888888888885,FALSE,999,20262929
Male,Inactive,PairedLogRateCorrelation,0.7917540190135727,0.5710069004081092,0.9223125258045001,FALSE,999,20262929
Female,Active,CON.Reference.B3|MeanRate,35.770833333333336,20.103125000000002,41.166666666666664,FALSE,999,20263929
Female,Active,CON.Reference.B3|SDRate,,,,,999,20263929
Female,Active,CON.Reference.B3|Zeros,0,0,0,FALSE,999,20263929
Female,Active,SIS.Reference.B3|MeanRate,28.661458333333332,24.720572916666665,36.391145833333326,FALSE,999,20263929
Female,Active,SIS.Reference.B3|SDRate,4.9307817338576685,1.4992417271178806,10.209440501210285,FALSE,999,20263929
Female,Active,SIS.Reference.B3|Zeros,0,0,0,FALSE,999,20263929
Female,Active,CON.Post.B3|MeanRate,28.77777777777778,17.436805555555555,35.415972222222216,FALSE,999,20263929
Female,Active,CON.Post.B3|SDRate,,,,,999,20263929
Female,Active,CON.Post.B3|Zeros,0,0,0,FALSE,999,20263929
Female,Active,SIS.Post.B3|MeanRate,23.63715277777778,20.04296875,29.860850694444444,FALSE,999,20263929
Female,Active,SIS.Post.B3|SDRate,2.586550758020587,1.2683857119959612,8.41676400773956,FALSE,999,20263929
Female,Active,SIS.Post.B3|Zeros,0,0,0,FALSE,999,20263929
Female,Active,CON.Reference.B4|MeanRate,22.895833333333332,20.957291666666666,44.15937499999999,FALSE,999,20263929
Female,Active,CON.Reference.B4|SDRate,,,,,999,20263929
Female,Active,CON.Reference.B4|Zeros,0,0,0,FALSE,999,20263929
Female,Active,SIS.Reference.B4|MeanRate,35.046875,26.65703125,38.774913194444444,FALSE,999,20263929
Female,Active,SIS.Reference.B4|SDRate,9.361910229038413,1.6227081643155719,11.731020046197054,FALSE,999,20263929
Female,Active,SIS.Reference.B4|Zeros,0,0,0,FALSE,999,20263929
Female,Active,CON.Post.B4|MeanRate,15.868055555555555,16.30972222222222,34.31388888888889,TRUE,999,20263929
Female,Active,CON.Post.B4|SDRate,,,,,999,20263929
Female,Active,CON.Post.B4|Zeros,0,0,0,FALSE,999,20263929
Female,Active,SIS.Post.B4|MeanRate,26.04340277777778,19.651822916666667,28.587934027777774,FALSE,999,20263929
Female,Active,SIS.Post.B4|SDRate,4.206351809345181,1.157360229764221,8.299473514327394,FALSE,999,20263929
Female,Active,SIS.Post.B4|Zeros,0,0,0,FALSE,999,20263929
Female,Active,CON.Reference.B6|MeanRate,25.875,16.514583333333334,35.98333333333333,FALSE,999,20263929
Female,Active,CON.Reference.B6|SDRate,,,,,999,20263929
Female,Active,CON.Reference.B6|Zeros,0,0,0,FALSE,999,20263929
Female,Active,SIS.Reference.B6|MeanRate,24.81597222222222,20.871354166666666,30.387499999999996,FALSE,999,20263929
Female,Active,SIS.Reference.B6|SDRate,4.91714235771646,1.1608016678522157,9.197084808534706,FALSE,999,20263929
Female,Active,SIS.Reference.B6|Zeros,0,0,0,FALSE,999,20263929
Female,Active,CON.Post.B6|MeanRate,28.319444444444443,15.134027777777778,32.50069444444444,FALSE,999,20263929
Female,Active,CON.Post.B6|SDRate,,,,,999,20263929
Female,Active,CON.Post.B6|Zeros,0,0,0,FALSE,999,20263929
Female,Active,SIS.Post.B6|MeanRate,20.24884259259259,18.12115162037037,26.31168981481481,FALSE,999,20263929
Female,Active,SIS.Post.B6|SDRate,3.2347919939042686,0.9516403688634266,7.612595980634846,FALSE,999,20263929
Female,Active,SIS.Post.B6|Zeros,0,0,0,FALSE,999,20263929
Female,Active,OverallMaxRate,48,33.91354166666667,52.82256944444443,FALSE,999,20263929
Female,Active,PairedLogRateCorrelation,0.7890104890068185,0.49282074695521455,0.9336493736425578,FALSE,999,20263929
Male,Active,CON.Reference.B1|MeanRate,43.9375,21.789583333333333,45.68958333333333,FALSE,999,20264929
Male,Active,CON.Reference.B1|SDRate,,,,,999,20264929
Male,Active,CON.Reference.B1|Zeros,0,0,0,FALSE,999,20264929
Male,Active,SIS.Reference.B1|MeanRate,28.34722222222222,25.189930555555552,36.432465277777766,FALSE,999,20264929
Male,Active,SIS.Reference.B1|SDRate,8.507387554597194,1.3087425820550853,10.459315291280124,FALSE,999,20264929
Male,Active,SIS.Reference.B1|Zeros,0,0,0,FALSE,999,20264929
Male,Active,CON.Post.B1|MeanRate,32.1875,17.694444444444443,36.723958333333336,FALSE,999,20264929
Male,Active,CON.Post.B1|SDRate,,,,,999,20264929
Male,Active,CON.Post.B1|Zeros,0,0,0,FALSE,999,20264929
Male,Active,SIS.Post.B1|MeanRate,23.69212962962963,20.613020833333337,29.60810185185185,FALSE,999,20264929
Male,Active,SIS.Post.B1|SDRate,6.69784856588462,1.1789419397842693,8.480304137200804,FALSE,999,20264929
Male,Active,SIS.Post.B1|Zeros,0,0,0,FALSE,999,20264929
Male,Active,CON.Reference.B2|MeanRate,23.520833333333332,20.491666666666667,40.818749999999994,FALSE,999,20264929
Male,Active,CON.Reference.B2|SDRate,,,,,999,20264929
Male,Active,CON.Reference.B2|Zeros,0,0,0,FALSE,999,20264929
Male,Active,SIS.Reference.B2|MeanRate,28.338541666666664,22.66588541666667,32.485416666666666,FALSE,999,20264929
Male,Active,SIS.Reference.B2|SDRate,2.562944575255838,1.3864394862561198,9.152708195565127,FALSE,999,20264929
Male,Active,SIS.Reference.B2|Zeros,0,0,0,FALSE,999,20264929
Male,Active,CON.Post.B2|MeanRate,21.29861111111111,15.707986111111111,32.24583333333333,FALSE,999,20264929
Male,Active,CON.Post.B2|SDRate,,,,,999,20264929
Male,Active,CON.Post.B2|Zeros,0,0,0,FALSE,999,20264929
Male,Active,SIS.Post.B2|MeanRate,21.256944444444443,17.472916666666663,25.732725694444444,FALSE,999,20264929
Male,Active,SIS.Post.B2|SDRate,1.0834371982498296,0.9470555117526528,7.145551617546598,FALSE,999,20264929
Male,Active,SIS.Post.B2|Zeros,0,0,0,FALSE,999,20264929
Male,Active,CON.Reference.B5|MeanRate,28.770833333333332,23.12395833333333,47.58645833333331,FALSE,999,20264929
Male,Active,CON.Reference.B5|SDRate,,,,,999,20264929
Male,Active,CON.Reference.B5|Zeros,0,0,0,FALSE,999,20264929
Male,Active,SIS.Reference.B5|MeanRate,32.46527777777778,25.27986111111111,38.40567129629629,FALSE,999,20264929
Male,Active,SIS.Reference.B5|SDRate,4.907315141515587,0.9364534965412326,11.73029513899187,FALSE,999,20264929
Male,Active,SIS.Reference.B5|Zeros,0,0,0,FALSE,999,20264929
Male,Active,CON.Post.B5|MeanRate,23.03472222222222,19.081944444444446,40.93680555555555,FALSE,999,20264929
Male,Active,CON.Post.B5|SDRate,,,,,999,20264929
Male,Active,CON.Post.B5|Zeros,0,0,0,FALSE,999,20264929
Male,Active,SIS.Post.B5|MeanRate,28.125771604938272,21.89170524691358,32.24664351851852,FALSE,999,20264929
Male,Active,SIS.Post.B5|SDRate,3.539855453518059,0.8293851211401916,10.405390843463438,FALSE,999,20264929
Male,Active,SIS.Post.B5|Zeros,0,0,0,FALSE,999,20264929
Male,Active,OverallMaxRate,43.9375,34.03819444444444,53.02395833333333,FALSE,999,20264929
Male,Active,PairedLogRateCorrelation,0.9189572117505257,0.7703610541207129,0.9764702057693364,FALSE,999,20264929
