Sex,Phase,Analysis,RRR,Valid,Boundary,Convergence,PositiveHessian,MaxGradient,MinRandomSD,Dispersion,LogLik,Message,Optimizer,Warnings
Female,Inactive,leave_out_B3,0.5168570860829761,TRUE,FALSE,0,TRUE,3.519649484040599e-5,0.32700921680675293,15.95949231915573,-124.71596907413976,relative convergence (4),nlminb,
Female,Inactive,leave_out_B4,1.2789692172002876,TRUE,FALSE,0,TRUE,2.5977839556823312e-5,0.2776530062774132,25.131242460398433,-121.29636742302282,relative convergence (4),nlminb,
Female,Inactive,leave_out_B6,0.7557542363605974,TRUE,FALSE,0,TRUE,1.583099853519343e-5,0.4246793276160648,9.419505095981727,-131.18559537428175,relative convergence (4),nlminb,
Female,Inactive,dispersion_by_condition_and_period,1.1027188314895129,TRUE,FALSE,0,TRUE,5.431249325149601e-5,0.1840915851945637,,-182.38463751686228,relative convergence (4),nlminb,
Female,Inactive,mixed_cages_SUS_RES,0.8164180098657164,TRUE,TRUE,0,TRUE,2.3515850422484164e-7,2.2958184312998694e-5,11.216300031345279,-324.44013701800577,relative convergence (4),nlminb,
Male,Inactive,leave_out_B1,0.9655021889944267,TRUE,FALSE,0,TRUE,3.649126108073997e-5,0.08781096475574196,129.89359504570726,-94.79309306876176,relative convergence (4),nlminb,
Male,Inactive,leave_out_B2,0.7749286155558894,TRUE,FALSE,0,TRUE,4.738743330046091e-5,0.13459059291027098,252.99427992775938,-97.51228152610435,relative convergence (4),nlminb,
Male,Inactive,leave_out_B5,0.8949062516817906,TRUE,FALSE,0,TRUE,4.594268997970552e-5,0.10498785644780992,91.82656705259674,-107.52055493608303,relative convergence (4),nlminb,
Male,Inactive,dispersion_by_condition_and_period,,FALSE,FALSE,1,FALSE,1.3979089585213547,0.1197900888540832,,,false convergence (8),nlminb,"Model convergence problem; non-positive-definite Hessian matrix. See vignette('troubleshooting') | Model convergence problem; false convergence (8). See vignette('troubleshooting'), help('diagnose')"
Male,Inactive,mixed_cages_SUS_RES,1.0077282564316217,TRUE,TRUE,0,TRUE,1.9462659838653806e-5,1.0735068454275974e-5,68.3440770325303,-196.17098092742913,relative convergence (4),nlminb,
Female,Active,leave_out_B3,0.897777185244076,TRUE,FALSE,0,TRUE,3.139983543742897e-5,0.18057596966220407,113.73343949306332,-143.72312532547295,relative convergence (4),nlminb,
Female,Active,leave_out_B4,0.8802708263946186,TRUE,FALSE,0,TRUE,6.057230098299726e-5,0.10706320273874448,218.64410730613236,-136.47172578286128,relative convergence (4),nlminb,
Female,Active,leave_out_B6,1.0573271621677922,TRUE,FALSE,0,TRUE,9.768301699586424e-5,0.18014287808000948,245.92784208619912,-141.9157170325871,relative convergence (4),nlminb,
Female,Active,dispersion_by_condition_and_period,0.9409900402189576,TRUE,FALSE,0,TRUE,3.1086682157788204e-4,0.165678151036833,,-213.34445264136022,relative convergence (4),nlminb,
Female,Active,mixed_cages_SUS_RES,0.9561139677773773,TRUE,TRUE,0,TRUE,0.001178081954502197,6.368717859641011e-6,208.80633789073988,-366.9084582004398,relative convergence (4),nlminb,
Male,Active,leave_out_B1,0.9457397338795615,TRUE,FALSE,0,TRUE,3.438871705577773e-4,0.06613724718901995,510.1855083304496,-116.06992832497194,relative convergence (4),nlminb,
Male,Active,leave_out_B2,1.1197395922604956,TRUE,FALSE,0,TRUE,1.836618105369725e-4,0.2126708696274252,2695.9591547511445,-119.0424503708348,relative convergence (4),nlminb,
Male,Active,leave_out_B5,0.9796391424418347,TRUE,FALSE,0,TRUE,1.568981689969995e-5,0.18688983941474663,355.48105855557554,-136.29065883147746,relative convergence (4),nlminb,
Male,Active,dispersion_by_condition_and_period,1.0198670534127725,TRUE,FALSE,0,TRUE,0.0042966463970697255,0.169408672900706,,-187.73640087491435,,BFGS_retry,"Model convergence problem; false convergence (8). See vignette('troubleshooting'), help('diagnose')"
Male,Active,mixed_cages_SUS_RES,1.0577029640658155,TRUE,TRUE,0,TRUE,3.1167048430563726e-5,4.936081994623696e-6,552.0527701869166,-238.2828733683708,relative convergence (4),nlminb,
