Edge,Outcome,Change,window,estimate,conf.low,conf.high,p.value,n,p.adj_BH_within_outcome,p.adj_BH_all_edge_phenotype_tests,n_stored_rows,excludes_zero,edge_lab,out_lab,row,ypos,reading
CA1_slm - CA2_slm,CombZ,allChanges,all,0.4903465843426719,-0.25769270393441457,0.8708697294181159,0.18020475304985537,9,0.4283300472489593,0.6655331781274406,3,FALSE,CA1 slm - CA2 slm,behavioural composite z,1,7.78,"96 stored rows collapse to 48 distinct tests; 1 of 48 intervals exclude zero and the smallest BH value is 0.43 within-outcome (0.67 across the whole family), so no edge-behaviour association survived multiple-testing correction. With 9 animals a single correlation has very low power, so this is a limited-power negative result and not evidence of absence"
CA1_slm - CA3_sr,CombZ,allChanges,all,0.2148163039573431,-0.5240716515056079,0.7692006404341722,0.5788609878010491,9,0.6615554146297704,0.7320958313732358,3,FALSE,CA1 slm - CA3 sr,behavioural composite z,1,6.78,"96 stored rows collapse to 48 distinct tests; 1 of 48 intervals exclude zero and the smallest BH value is 0.43 within-outcome (0.67 across the whole family), so no edge-behaviour association survived multiple-testing correction. With 9 animals a single correlation has very low power, so this is a limited-power negative result and not evidence of absence"
CA1_so - CA1_sr,CombZ,allChanges,all,-0.4030354680386215,-0.8418292765393589,0.356511840198294,0.28212054481837795,9,0.4283300472489593,0.6655331781274406,3,FALSE,CA1 so - CA1 sr,behavioural composite z,1,5.78,"96 stored rows collapse to 48 distinct tests; 1 of 48 intervals exclude zero and the smallest BH value is 0.43 within-outcome (0.67 across the whole family), so no edge-behaviour association survived multiple-testing correction. With 9 animals a single correlation has very low power, so this is a limited-power negative result and not evidence of absence"
CA1_so - DG_mo,CombZ,allChanges,all,0.3741149033687851,-0.3858822772545567,0.8316152836907313,0.32124753543671947,9,0.4283300472489593,0.6655331781274406,3,FALSE,CA1 so - DG mo,behavioural composite z,1,4.78,"96 stored rows collapse to 48 distinct tests; 1 of 48 intervals exclude zero and the smallest BH value is 0.43 within-outcome (0.67 across the whole family), so no edge-behaviour association survived multiple-testing correction. With 9 animals a single correlation has very low power, so this is a limited-power negative result and not evidence of absence"
CA1_sr - CA3_sr,CombZ,allChanges,all,0.5257892430139898,-0.21255366458745809,0.8819459606614818,0.1459770114274085,9,0.4283300472489593,0.6655331781274406,3,FALSE,CA1 sr - CA3 sr,behavioural composite z,1,3.78,"96 stored rows collapse to 48 distinct tests; 1 of 48 intervals exclude zero and the smallest BH value is 0.43 within-outcome (0.67 across the whole family), so no edge-behaviour association survived multiple-testing correction. With 9 animals a single correlation has very low power, so this is a limited-power negative result and not evidence of absence"
CA1_sr - DG_mo,CombZ,allChanges,all,0.429578827017041,-0.32816630817055603,0.8509350433329679,0.24852266071843707,9,0.4283300472489593,0.6655331781274406,3,FALSE,CA1 sr - DG mo,behavioural composite z,1,2.78,"96 stored rows collapse to 48 distinct tests; 1 of 48 intervals exclude zero and the smallest BH value is 0.43 within-outcome (0.67 across the whole family), so no edge-behaviour association survived multiple-testing correction. With 9 animals a single correlation has very low power, so this is a limited-power negative result and not evidence of absence"
CA2_slm - CA3_sr,CombZ,allChanges,all,-0.1471661298630873,-0.7390553594662416,0.5729539303139953,0.7055539599551528,9,0.7055539599551528,0.7785423006401686,3,FALSE,CA2 slm - CA3 sr,behavioural composite z,1,1.78,"96 stored rows collapse to 48 distinct tests; 1 of 48 intervals exclude zero and the smallest BH value is 0.43 within-outcome (0.67 across the whole family), so no edge-behaviour association survived multiple-testing correction. With 9 animals a single correlation has very low power, so this is a limited-power negative result and not evidence of absence"
CA2_slm - DG_po,CombZ,allChanges,all,-0.4555562997491455,-0.8596080409204451,0.2990377252972241,0.2178375599584671,9,0.4283300472489593,0.6655331781274406,3,FALSE,CA2 slm - DG po,behavioural composite z,1,0.78,"96 stored rows collapse to 48 distinct tests; 1 of 48 intervals exclude zero and the smallest BH value is 0.43 within-outcome (0.67 across the whole family), so no edge-behaviour association survived multiple-testing correction. With 9 animals a single correlation has very low power, so this is a limited-power negative result and not evidence of absence"
CA1_slm - CA2_slm,delta_cort,allChanges,all,0.3692597393789229,-0.39066642850896344,0.8298696774559449,0.3280679392658056,9,0.5795758665038117,0.6655331781274406,3,FALSE,CA1 slm - CA2 slm,corticosterone change,1,7.78,"96 stored rows collapse to 48 distinct tests; 1 of 48 intervals exclude zero and the smallest BH value is 0.43 within-outcome (0.67 across the whole family), so no edge-behaviour association survived multiple-testing correction. With 9 animals a single correlation has very low power, so this is a limited-power negative result and not evidence of absence"
CA1_slm - CA3_sr,delta_cort,allChanges,all,0.4588304297685054,-0.29526385962016183,0.8606848859192506,0.21412621262023776,9,0.5795758665038117,0.6655331781274406,3,FALSE,CA1 slm - CA3 sr,corticosterone change,1,6.78,"96 stored rows collapse to 48 distinct tests; 1 of 48 intervals exclude zero and the smallest BH value is 0.43 within-outcome (0.67 across the whole family), so no edge-behaviour association survived multiple-testing correction. With 9 animals a single correlation has very low power, so this is a limited-power negative result and not evidence of absence"
CA1_so - CA1_sr,delta_cort,allChanges,all,-0.4220416765942702,-0.8483748966988698,0.3363563593766039,0.25783434184089804,9,0.5795758665038117,0.6655331781274406,3,FALSE,CA1 so - CA1 sr,corticosterone change,1,5.78,"96 stored rows collapse to 48 distinct tests; 1 of 48 intervals exclude zero and the smallest BH value is 0.43 within-outcome (0.67 across the whole family), so no edge-behaviour association survived multiple-testing correction. With 9 animals a single correlation has very low power, so this is a limited-power negative result and not evidence of absence"
CA1_so - DG_mo,delta_cort,allChanges,all,0.3419524009312738,-0.4168307394999299,0.8198808070585439,0.36773939599886074,9,0.5795758665038117,0.6660940002998232,3,FALSE,CA1 so - DG mo,corticosterone change,1,4.78,"96 stored rows collapse to 48 distinct tests; 1 of 48 intervals exclude zero and the smallest BH value is 0.43 within-outcome (0.67 across the whole family), so no edge-behaviour association survived multiple-testing correction. With 9 animals a single correlation has very low power, so this is a limited-power negative result and not evidence of absence"
CA1_sr - CA3_sr,delta_cort,allChanges,all,0.2526352388670079,-0.4944446650936425,0.7850421465605518,0.5119290520450623,9,0.5795758665038117,0.7320958313732358,3,FALSE,CA1 sr - CA3 sr,corticosterone change,1,3.78,"96 stored rows collapse to 48 distinct tests; 1 of 48 intervals exclude zero and the smallest BH value is 0.43 within-outcome (0.67 across the whole family), so no edge-behaviour association survived multiple-testing correction. With 9 animals a single correlation has very low power, so this is a limited-power negative result and not evidence of absence"
CA1_sr - DG_mo,delta_cort,allChanges,all,0.4274356990186622,-0.3305067324354705,0.8502091174295868,0.25115178409282446,9,0.5795758665038117,0.6655331781274406,3,FALSE,CA1 sr - DG mo,corticosterone change,1,2.78,"96 stored rows collapse to 48 distinct tests; 1 of 48 intervals exclude zero and the smallest BH value is 0.43 within-outcome (0.67 across the whole family), so no edge-behaviour association survived multiple-testing correction. With 9 animals a single correlation has very low power, so this is a limited-power negative result and not evidence of absence"
CA2_slm - CA3_sr,delta_cort,allChanges,all,0.25964603313886725,-0.4887548901407349,0.7879042389828468,0.49987546476977585,9,0.5795758665038117,0.7320958313732358,3,FALSE,CA2 slm - CA3 sr,corticosterone change,1,1.78,"96 stored rows collapse to 48 distinct tests; 1 of 48 intervals exclude zero and the smallest BH value is 0.43 within-outcome (0.67 across the whole family), so no edge-behaviour association survived multiple-testing correction. With 9 animals a single correlation has very low power, so this is a limited-power negative result and not evidence of absence"
CA2_slm - DG_po,delta_cort,allChanges,all,-0.21442148221047944,-0.7690315844540629,0.5243717980409052,0.5795758665038117,9,0.5795758665038117,0.7320958313732358,3,FALSE,CA2 slm - DG po,corticosterone change,1,0.78,"96 stored rows collapse to 48 distinct tests; 1 of 48 intervals exclude zero and the smallest BH value is 0.43 within-outcome (0.67 across the whole family), so no edge-behaviour association survived multiple-testing correction. With 9 animals a single correlation has very low power, so this is a limited-power negative result and not evidence of absence"
CA1_slm - CA2_slm,Movement_AUC_z_vs_CON,allChanges,all,-0.7434562248124369,-0.9423144774031016,-0.15670873839701016,0.02167758198674647,9,0.5202619676819153,0.6655331781274406,1,TRUE,CA1 slm - CA2 slm,movement AUC vs CON,1,7.78,"96 stored rows collapse to 48 distinct tests; 1 of 48 intervals exclude zero and the smallest BH value is 0.43 within-outcome (0.67 across the whole family), so no edge-behaviour association survived multiple-testing correction. With 9 animals a single correlation has very low power, so this is a limited-power negative result and not evidence of absence"
CA1_slm - CA2_slm,Movement_AUC_z_vs_CON,allChanges,all,-0.24908920536057932,-0.783585802173667,0.49729835584518,0.5180694978655908,9,0.92830090840964,0.7320958313732358,1,FALSE,CA1 slm - CA2 slm,movement AUC vs CON,2,8,"96 stored rows collapse to 48 distinct tests; 1 of 48 intervals exclude zero and the smallest BH value is 0.43 within-outcome (0.67 across the whole family), so no edge-behaviour association survived multiple-testing correction. With 9 animals a single correlation has very low power, so this is a limited-power negative result and not evidence of absence"
CA1_slm - CA2_slm,Movement_AUC_z_vs_CON,allChanges,all,-0.05995373630359569,-0.6963492020840878,0.6292214150165093,0.8782285052452707,9,0.9316697094841272,0.8969142181228297,1,FALSE,CA1 slm - CA2 slm,movement AUC vs CON,3,8.22,"96 stored rows collapse to 48 distinct tests; 1 of 48 intervals exclude zero and the smallest BH value is 0.43 within-outcome (0.67 across the whole family), so no edge-behaviour association survived multiple-testing correction. With 9 animals a single correlation has very low power, so this is a limited-power negative result and not evidence of absence"
CA1_slm - CA3_sr,Movement_AUC_z_vs_CON,allChanges,all,0.1182504325190212,-0.592393526162569,0.7254042047391814,0.7618916577594169,9,0.92830090840964,0.8037538367571871,1,FALSE,CA1 slm - CA3 sr,movement AUC vs CON,1,6.78,"96 stored rows collapse to 48 distinct tests; 1 of 48 intervals exclude zero and the smallest BH value is 0.43 within-outcome (0.67 across the whole family), so no edge-behaviour association survived multiple-testing correction. With 9 animals a single correlation has very low power, so this is a limited-power negative result and not evidence of absence"
CA1_slm - CA3_sr,Movement_AUC_z_vs_CON,allChanges,all,0.1500308058368729,-0.570982905043422,0.740381820544843,0.7000349452769401,9,0.92830090840964,0.7785423006401686,1,FALSE,CA1 slm - CA3 sr,movement AUC vs CON,2,7,"96 stored rows collapse to 48 distinct tests; 1 of 48 intervals exclude zero and the smallest BH value is 0.43 within-outcome (0.67 across the whole family), so no edge-behaviour association survived multiple-testing correction. With 9 animals a single correlation has very low power, so this is a limited-power negative result and not evidence of absence"
CA1_slm - CA3_sr,Movement_AUC_z_vs_CON,allChanges,all,0.17915163564587752,-0.5504633733797183,0.7536099674172763,0.6446562219293426,9,0.92830090840964,0.7785423006401686,1,FALSE,CA1 slm - CA3 sr,movement AUC vs CON,3,7.22,"96 stored rows collapse to 48 distinct tests; 1 of 48 intervals exclude zero and the smallest BH value is 0.43 within-outcome (0.67 across the whole family), so no edge-behaviour association survived multiple-testing correction. With 9 animals a single correlation has very low power, so this is a limited-power negative result and not evidence of absence"
CA1_so - CA1_sr,Movement_AUC_z_vs_CON,allChanges,all,-0.5368994248004431,-0.8853388882635684,0.197724078058861,0.13610124317303457,9,0.92830090840964,0.6655331781274406,1,FALSE,CA1 so - CA1 sr,movement AUC vs CON,1,5.78,"96 stored rows collapse to 48 distinct tests; 1 of 48 intervals exclude zero and the smallest BH value is 0.43 within-outcome (0.67 across the whole family), so no edge-behaviour association survived multiple-testing correction. With 9 animals a single correlation has very low power, so this is a limited-power negative result and not evidence of absence"
CA1_so - CA1_sr,Movement_AUC_z_vs_CON,allChanges,all,0.2395986338679386,-0.5048573089150924,0.7796589418055665,0.5346453925401704,9,0.92830090840964,0.7320958313732358,1,FALSE,CA1 so - CA1 sr,movement AUC vs CON,2,6,"96 stored rows collapse to 48 distinct tests; 1 of 48 intervals exclude zero and the smallest BH value is 0.43 within-outcome (0.67 across the whole family), so no edge-behaviour association survived multiple-testing correction. With 9 animals a single correlation has very low power, so this is a limited-power negative result and not evidence of absence"
CA1_so - CA1_sr,Movement_AUC_z_vs_CON,allChanges,all,0.29168643114856174,-0.4619153414967044,0.8007002560954142,0.4463153171106948,9,0.92830090840964,0.7320958313732358,1,FALSE,CA1 so - CA1 sr,movement AUC vs CON,3,6.22,"96 stored rows collapse to 48 distinct tests; 1 of 48 intervals exclude zero and the smallest BH value is 0.43 within-outcome (0.67 across the whole family), so no edge-behaviour association survived multiple-testing correction. With 9 animals a single correlation has very low power, so this is a limited-power negative result and not evidence of absence"
CA1_so - DG_mo,Movement_AUC_z_vs_CON,allChanges,all,-0.17947954079938072,-0.7537563155805049,0.5502271898535649,0.6440406286166636,9,0.92830090840964,0.7785423006401686,1,FALSE,CA1 so - DG mo,movement AUC vs CON,1,4.78,"96 stored rows collapse to 48 distinct tests; 1 of 48 intervals exclude zero and the smallest BH value is 0.43 within-outcome (0.67 across the whole family), so no edge-behaviour association survived multiple-testing correction. With 9 animals a single correlation has very low power, so this is a limited-power negative result and not evidence of absence"
CA1_so - DG_mo,Movement_AUC_z_vs_CON,allChanges,all,-0.04162946997894059,-0.6867641846600077,0.6401916383906956,0.9153155208029328,9,0.9316697094841272,0.9249504210219112,1,FALSE,CA1 so - DG mo,movement AUC vs CON,2,5,"96 stored rows collapse to 48 distinct tests; 1 of 48 intervals exclude zero and the smallest BH value is 0.43 within-outcome (0.67 across the whole family), so no edge-behaviour association survived multiple-testing correction. With 9 animals a single correlation has very low power, so this is a limited-power negative result and not evidence of absence"
CA1_so - DG_mo,Movement_AUC_z_vs_CON,allChanges,all,0.1280065701466239,-0.5859258304934813,0.7300641102801189,0.7427617363710266,9,0.92830090840964,0.7931521413281309,1,FALSE,CA1 so - DG mo,movement AUC vs CON,3,5.22,"96 stored rows collapse to 48 distinct tests; 1 of 48 intervals exclude zero and the smallest BH value is 0.43 within-outcome (0.67 across the whole family), so no edge-behaviour association survived multiple-testing correction. With 9 animals a single correlation has very low power, so this is a limited-power negative result and not evidence of absence"
CA1_sr - CA3_sr,Movement_AUC_z_vs_CON,allChanges,all,-0.17137918399588703,-0.7501242705794892,0.5560277298788682,0.6593018647170281,9,0.92830090840964,0.7785423006401686,1,FALSE,CA1 sr - CA3 sr,movement AUC vs CON,1,3.78,"96 stored rows collapse to 48 distinct tests; 1 of 48 intervals exclude zero and the smallest BH value is 0.43 within-outcome (0.67 across the whole family), so no edge-behaviour association survived multiple-testing correction. With 9 animals a single correlation has very low power, so this is a limited-power negative result and not evidence of absence"
CA1_sr - CA3_sr,Movement_AUC_z_vs_CON,allChanges,all,0.1275879575675214,-0.5862052241290422,0.7298653079123878,0.7435801324951228,9,0.92830090840964,0.7931521413281309,1,FALSE,CA1 sr - CA3 sr,movement AUC vs CON,2,4,"96 stored rows collapse to 48 distinct tests; 1 of 48 intervals exclude zero and the smallest BH value is 0.43 within-outcome (0.67 across the whole family), so no edge-behaviour association survived multiple-testing correction. With 9 animals a single correlation has very low power, so this is a limited-power negative result and not evidence of absence"
CA1_sr - CA3_sr,Movement_AUC_z_vs_CON,allChanges,all,0.3071082002862287,-0.44848532984418293,0.8066980205512616,0.4214735749629146,9,0.92830090840964,0.7320958313732358,1,FALSE,CA1 sr - CA3 sr,movement AUC vs CON,3,4.22,"96 stored rows collapse to 48 distinct tests; 1 of 48 intervals exclude zero and the smallest BH value is 0.43 within-outcome (0.67 across the whole family), so no edge-behaviour association survived multiple-testing correction. With 9 animals a single correlation has very low power, so this is a limited-power negative result and not evidence of absence"
CA1_sr - DG_mo,Movement_AUC_z_vs_CON,allChanges,all,0.03357307186823023,-0.6449283492500516,0.6824778404002693,0.9316697094841272,9,0.9316697094841272,0.9316697094841272,1,FALSE,CA1 sr - DG mo,movement AUC vs CON,1,2.78,"96 stored rows collapse to 48 distinct tests; 1 of 48 intervals exclude zero and the smallest BH value is 0.43 within-outcome (0.67 across the whole family), so no edge-behaviour association survived multiple-testing correction. With 9 animals a single correlation has very low power, so this is a limited-power negative result and not evidence of absence"
CA1_sr - DG_mo,Movement_AUC_z_vs_CON,allChanges,all,0.09281884691026734,-0.6088331709547838,0.7129897214938519,0.812263294858435,9,0.92830090840964,0.8384653366280619,1,FALSE,CA1 sr - DG mo,movement AUC vs CON,2,3,"96 stored rows collapse to 48 distinct tests; 1 of 48 intervals exclude zero and the smallest BH value is 0.43 within-outcome (0.67 across the whole family), so no edge-behaviour association survived multiple-testing correction. With 9 animals a single correlation has very low power, so this is a limited-power negative result and not evidence of absence"
CA1_sr - DG_mo,Movement_AUC_z_vs_CON,allChanges,all,0.20563928944229268,-0.5310009630710448,0.7652510339510894,0.5955583194560621,9,0.92830090840964,0.7425142684127527,1,FALSE,CA1 sr - DG mo,movement AUC vs CON,3,3.22,"96 stored rows collapse to 48 distinct tests; 1 of 48 intervals exclude zero and the smallest BH value is 0.43 within-outcome (0.67 across the whole family), so no edge-behaviour association survived multiple-testing correction. With 9 animals a single correlation has very low power, so this is a limited-power negative result and not evidence of absence"
CA2_slm - CA3_sr,Movement_AUC_z_vs_CON,allChanges,all,0.13489630441588424,-0.5813029157242311,0.7333215233748542,0.7293246999484819,9,0.92830090840964,0.7931521413281309,1,FALSE,CA2 slm - CA3 sr,movement AUC vs CON,1,1.78,"96 stored rows collapse to 48 distinct tests; 1 of 48 intervals exclude zero and the smallest BH value is 0.43 within-outcome (0.67 across the whole family), so no edge-behaviour association survived multiple-testing correction. With 9 animals a single correlation has very low power, so this is a limited-power negative result and not evidence of absence"
CA2_slm - CA3_sr,Movement_AUC_z_vs_CON,allChanges,all,0.4028262639422414,-0.3567298292936198,0.8417565025672358,0.2823942307731119,9,0.92830090840964,0.6655331781274406,1,FALSE,CA2 slm - CA3 sr,movement AUC vs CON,2,2,"96 stored rows collapse to 48 distinct tests; 1 of 48 intervals exclude zero and the smallest BH value is 0.43 within-outcome (0.67 across the whole family), so no edge-behaviour association survived multiple-testing correction. With 9 animals a single correlation has very low power, so this is a limited-power negative result and not evidence of absence"
CA2_slm - CA3_sr,Movement_AUC_z_vs_CON,allChanges,all,0.43136267708805287,-0.3262111165622663,0.8515380487633568,0.24634557326351753,9,0.92830090840964,0.6655331781274406,1,FALSE,CA2 slm - CA3 sr,movement AUC vs CON,3,2.22,"96 stored rows collapse to 48 distinct tests; 1 of 48 intervals exclude zero and the smallest BH value is 0.43 within-outcome (0.67 across the whole family), so no edge-behaviour association survived multiple-testing correction. With 9 animals a single correlation has very low power, so this is a limited-power negative result and not evidence of absence"
CA2_slm - DG_po,Movement_AUC_z_vs_CON,allChanges,all,-0.23513059491796703,-0.7777954032087029,0.5083768724513421,0.5425191510623282,9,0.92830090840964,0.7320958313732358,1,FALSE,CA2 slm - DG po,movement AUC vs CON,1,0.78,"96 stored rows collapse to 48 distinct tests; 1 of 48 intervals exclude zero and the smallest BH value is 0.43 within-outcome (0.67 across the whole family), so no edge-behaviour association survived multiple-testing correction. With 9 animals a single correlation has very low power, so this is a limited-power negative result and not evidence of absence"
CA2_slm - DG_po,Movement_AUC_z_vs_CON,allChanges,all,0.10184915248391348,-0.6030639409843752,0.7174428582442088,0.7942998298054718,9,0.92830090840964,0.8288346050144053,1,FALSE,CA2 slm - DG po,movement AUC vs CON,2,1,"96 stored rows collapse to 48 distinct tests; 1 of 48 intervals exclude zero and the smallest BH value is 0.43 within-outcome (0.67 across the whole family), so no edge-behaviour association survived multiple-testing correction. With 9 animals a single correlation has very low power, so this is a limited-power negative result and not evidence of absence"
CA2_slm - DG_po,Movement_AUC_z_vs_CON,allChanges,all,0.39802641677430733,-0.3617086178973259,0.8400824292140339,0.28871126878385056,9,0.92830090840964,0.6655331781274406,1,FALSE,CA2 slm - DG po,movement AUC vs CON,3,1.22,"96 stored rows collapse to 48 distinct tests; 1 of 48 intervals exclude zero and the smallest BH value is 0.43 within-outcome (0.67 across the whole family), so no edge-behaviour association survived multiple-testing correction. With 9 animals a single correlation has very low power, so this is a limited-power negative result and not evidence of absence"
CA1_slm - CA2_slm,sucrose_pref,allChanges,all,-0.4335322872637,-0.8522699598339561,0.32382434385160447,0.243711526046818,9,0.487423052093636,0.6655331781274406,3,FALSE,CA1 slm - CA2 slm,sucrose preference,1,7.78,"96 stored rows collapse to 48 distinct tests; 1 of 48 intervals exclude zero and the smallest BH value is 0.43 within-outcome (0.67 across the whole family), so no edge-behaviour association survived multiple-testing correction. With 9 animals a single correlation has very low power, so this is a limited-power negative result and not evidence of absence"
CA1_slm - CA3_sr,sucrose_pref,allChanges,all,0.4580088740737788,-0.2962130273103936,0.8604150178224935,0.215054175508508,9,0.487423052093636,0.6655331781274406,3,FALSE,CA1 slm - CA3 sr,sucrose preference,1,6.78,"96 stored rows collapse to 48 distinct tests; 1 of 48 intervals exclude zero and the smallest BH value is 0.43 within-outcome (0.67 across the whole family), so no edge-behaviour association survived multiple-testing correction. With 9 animals a single correlation has very low power, so this is a limited-power negative result and not evidence of absence"
CA1_so - CA1_sr,sucrose_pref,allChanges,all,-0.5178076851811672,-0.8794854834713635,0.22300136570390144,0.1533228098407365,9,0.487423052093636,0.6655331781274406,3,FALSE,CA1 so - CA1 sr,sucrose preference,1,5.78,"96 stored rows collapse to 48 distinct tests; 1 of 48 intervals exclude zero and the smallest BH value is 0.43 within-outcome (0.67 across the whole family), so no edge-behaviour association survived multiple-testing correction. With 9 animals a single correlation has very low power, so this is a limited-power negative result and not evidence of absence"
CA1_so - DG_mo,sucrose_pref,allChanges,all,0.2169666674341705,-0.5224337002381116,0.770120029288418,0.5749730521398996,9,0.6571120595884566,0.7320958313732358,3,FALSE,CA1 so - DG mo,sucrose preference,1,4.78,"96 stored rows collapse to 48 distinct tests; 1 of 48 intervals exclude zero and the smallest BH value is 0.43 within-outcome (0.67 across the whole family), so no edge-behaviour association survived multiple-testing correction. With 9 animals a single correlation has very low power, so this is a limited-power negative result and not evidence of absence"
CA1_sr - CA3_sr,sucrose_pref,allChanges,all,0.1489769615767794,-0.5717089648094371,0.7398943819489672,0.7020638580872661,9,0.7020638580872661,0.7785423006401686,3,FALSE,CA1 sr - CA3 sr,sucrose preference,1,3.78,"96 stored rows collapse to 48 distinct tests; 1 of 48 intervals exclude zero and the smallest BH value is 0.43 within-outcome (0.67 across the whole family), so no edge-behaviour association survived multiple-testing correction. With 9 animals a single correlation has very low power, so this is a limited-power negative result and not evidence of absence"
CA1_sr - DG_mo,sucrose_pref,allChanges,all,0.29638057214896885,-0.4578637210946901,0.8025367475973738,0.43868735197277353,9,0.5849164692970313,0.7320958313732358,3,FALSE,CA1 sr - DG mo,sucrose preference,1,2.78,"96 stored rows collapse to 48 distinct tests; 1 of 48 intervals exclude zero and the smallest BH value is 0.43 within-outcome (0.67 across the whole family), so no edge-behaviour association survived multiple-testing correction. With 9 animals a single correlation has very low power, so this is a limited-power negative result and not evidence of absence"
CA2_slm - CA3_sr,sucrose_pref,allChanges,all,0.5244850937855438,-0.21427238679997176,0.8815452524662974,0.14716291704953813,9,0.487423052093636,0.6655331781274406,3,FALSE,CA2 slm - CA3 sr,sucrose preference,1,1.78,"96 stored rows collapse to 48 distinct tests; 1 of 48 intervals exclude zero and the smallest BH value is 0.43 within-outcome (0.67 across the whole family), so no edge-behaviour association survived multiple-testing correction. With 9 animals a single correlation has very low power, so this is a limited-power negative result and not evidence of absence"
CA2_slm - DG_po,sucrose_pref,allChanges,all,0.3562921959496105,-0.4032461803301579,0.8251627531118055,0.346631863608042,9,0.5546109817728672,0.6655331781274406,3,FALSE,CA2 slm - DG po,sucrose preference,1,0.78,"96 stored rows collapse to 48 distinct tests; 1 of 48 intervals exclude zero and the smallest BH value is 0.43 within-outcome (0.67 across the whole family), so no edge-behaviour association survived multiple-testing correction. With 9 animals a single correlation has very low power, so this is a limited-power negative result and not evidence of absence"
