dataset,AnimalID,StressGroup,distance_from_CON_centroid,distance_metric,centroid_rule,value,lab,Group,off,xpos,reading
neuron_neuropil,127,CON,0.5057867806005134,euclidean distance in Fisher-z edge space,leave-one-CON-out centroid,0.5057867806005134,Neuropil,CON,-0.16,0.84,each point is one animal-level network replicate; CON animals use a leave-one-CON-out centroid so no animal is compared against a centroid containing itself; group means are shown without an inferential claim
neuron_neuropil,129,CON,0.7217577411466283,euclidean distance in Fisher-z edge space,leave-one-CON-out centroid,0.7217577411466283,Neuropil,CON,0,1,each point is one animal-level network replicate; CON animals use a leave-one-CON-out centroid so no animal is compared against a centroid containing itself; group means are shown without an inferential claim
neuron_neuropil,765,CON,0.819506037262835,euclidean distance in Fisher-z edge space,leave-one-CON-out centroid,0.819506037262835,Neuropil,CON,0.16,1.16,each point is one animal-level network replicate; CON animals use a leave-one-CON-out centroid so no animal is compared against a centroid containing itself; group means are shown without an inferential claim
neuron_neuropil,3,RES,0.629592449178531,euclidean distance in Fisher-z edge space,centroid of all CON animals,0.629592449178531,Neuropil,RES,-0.16,1.84,each point is one animal-level network replicate; CON animals use a leave-one-CON-out centroid so no animal is compared against a centroid containing itself; group means are shown without an inferential claim
neuron_neuropil,135,RES,0.8605168585324391,euclidean distance in Fisher-z edge space,centroid of all CON animals,0.8605168585324391,Neuropil,RES,0,2,each point is one animal-level network replicate; CON animals use a leave-one-CON-out centroid so no animal is compared against a centroid containing itself; group means are shown without an inferential claim
neuron_neuropil,139,RES,0.5462728966802257,euclidean distance in Fisher-z edge space,centroid of all CON animals,0.5462728966802257,Neuropil,RES,0.16,2.16,each point is one animal-level network replicate; CON animals use a leave-one-CON-out centroid so no animal is compared against a centroid containing itself; group means are shown without an inferential claim
neuron_neuropil,111,SUS,0.5069940049001039,euclidean distance in Fisher-z edge space,centroid of all CON animals,0.5069940049001039,Neuropil,SUS,-0.16,2.84,each point is one animal-level network replicate; CON animals use a leave-one-CON-out centroid so no animal is compared against a centroid containing itself; group means are shown without an inferential claim
neuron_neuropil,755,SUS,0.6443916610251224,euclidean distance in Fisher-z edge space,centroid of all CON animals,0.6443916610251224,Neuropil,SUS,0,3,each point is one animal-level network replicate; CON animals use a leave-one-CON-out centroid so no animal is compared against a centroid containing itself; group means are shown without an inferential claim
neuron_neuropil,764,SUS,0.3952428634820924,euclidean distance in Fisher-z edge space,centroid of all CON animals,0.3952428634820924,Neuropil,SUS,0.16,3.16,each point is one animal-level network replicate; CON animals use a leave-one-CON-out centroid so no animal is compared against a centroid containing itself; group means are shown without an inferential claim
neuron_soma,127,CON,0.04899692609916616,euclidean distance in Fisher-z edge space,leave-one-CON-out centroid,0.04899692609916616,Soma,CON,-0.16,0.84,each point is one animal-level network replicate; CON animals use a leave-one-CON-out centroid so no animal is compared against a centroid containing itself; group means are shown without an inferential claim
neuron_soma,129,CON,0.13639468408264277,euclidean distance in Fisher-z edge space,leave-one-CON-out centroid,0.13639468408264277,Soma,CON,0,1,each point is one animal-level network replicate; CON animals use a leave-one-CON-out centroid so no animal is compared against a centroid containing itself; group means are shown without an inferential claim
neuron_soma,765,CON,0.09722591114036735,euclidean distance in Fisher-z edge space,leave-one-CON-out centroid,0.09722591114036735,Soma,CON,0.16,1.16,each point is one animal-level network replicate; CON animals use a leave-one-CON-out centroid so no animal is compared against a centroid containing itself; group means are shown without an inferential claim
neuron_soma,3,RES,0.064320235772185,euclidean distance in Fisher-z edge space,centroid of all CON animals,0.064320235772185,Soma,RES,-0.16,1.84,each point is one animal-level network replicate; CON animals use a leave-one-CON-out centroid so no animal is compared against a centroid containing itself; group means are shown without an inferential claim
neuron_soma,135,RES,0.15541618902387222,euclidean distance in Fisher-z edge space,centroid of all CON animals,0.15541618902387222,Soma,RES,0,2,each point is one animal-level network replicate; CON animals use a leave-one-CON-out centroid so no animal is compared against a centroid containing itself; group means are shown without an inferential claim
neuron_soma,139,RES,0.25836523976387543,euclidean distance in Fisher-z edge space,centroid of all CON animals,0.25836523976387543,Soma,RES,0.16,2.16,each point is one animal-level network replicate; CON animals use a leave-one-CON-out centroid so no animal is compared against a centroid containing itself; group means are shown without an inferential claim
neuron_soma,111,SUS,0.1304626508499926,euclidean distance in Fisher-z edge space,centroid of all CON animals,0.1304626508499926,Soma,SUS,-0.16,2.84,each point is one animal-level network replicate; CON animals use a leave-one-CON-out centroid so no animal is compared against a centroid containing itself; group means are shown without an inferential claim
neuron_soma,755,SUS,0.07487108208410861,euclidean distance in Fisher-z edge space,centroid of all CON animals,0.07487108208410861,Soma,SUS,0,3,each point is one animal-level network replicate; CON animals use a leave-one-CON-out centroid so no animal is compared against a centroid containing itself; group means are shown without an inferential claim
neuron_soma,764,SUS,0.04817540541613012,euclidean distance in Fisher-z edge space,centroid of all CON animals,0.04817540541613012,Soma,SUS,0.16,3.16,each point is one animal-level network replicate; CON animals use a leave-one-CON-out centroid so no animal is compared against a centroid containing itself; group means are shown without an inferential claim
microglia,127,CON,0.07384994382405635,euclidean distance in Fisher-z edge space,leave-one-CON-out centroid,0.07384994382405635,Microglia-enriched ROI,CON,-0.16,0.84,each point is one animal-level network replicate; CON animals use a leave-one-CON-out centroid so no animal is compared against a centroid containing itself; group means are shown without an inferential claim
microglia,129,CON,0.21396988138920484,euclidean distance in Fisher-z edge space,leave-one-CON-out centroid,0.21396988138920484,Microglia-enriched ROI,CON,0,1,each point is one animal-level network replicate; CON animals use a leave-one-CON-out centroid so no animal is compared against a centroid containing itself; group means are shown without an inferential claim
microglia,765,CON,0.2074242591704802,euclidean distance in Fisher-z edge space,leave-one-CON-out centroid,0.2074242591704802,Microglia-enriched ROI,CON,0.16,1.16,each point is one animal-level network replicate; CON animals use a leave-one-CON-out centroid so no animal is compared against a centroid containing itself; group means are shown without an inferential claim
microglia,3,RES,0.30510451194318416,euclidean distance in Fisher-z edge space,centroid of all CON animals,0.30510451194318416,Microglia-enriched ROI,RES,-0.16,1.84,each point is one animal-level network replicate; CON animals use a leave-one-CON-out centroid so no animal is compared against a centroid containing itself; group means are shown without an inferential claim
microglia,135,RES,0.2270911024153117,euclidean distance in Fisher-z edge space,centroid of all CON animals,0.2270911024153117,Microglia-enriched ROI,RES,0,2,each point is one animal-level network replicate; CON animals use a leave-one-CON-out centroid so no animal is compared against a centroid containing itself; group means are shown without an inferential claim
microglia,139,RES,0.14216930052750706,euclidean distance in Fisher-z edge space,centroid of all CON animals,0.14216930052750706,Microglia-enriched ROI,RES,0.16,2.16,each point is one animal-level network replicate; CON animals use a leave-one-CON-out centroid so no animal is compared against a centroid containing itself; group means are shown without an inferential claim
microglia,111,SUS,0.15807634758771127,euclidean distance in Fisher-z edge space,centroid of all CON animals,0.15807634758771127,Microglia-enriched ROI,SUS,-0.16,2.84,each point is one animal-level network replicate; CON animals use a leave-one-CON-out centroid so no animal is compared against a centroid containing itself; group means are shown without an inferential claim
microglia,755,SUS,0.12205592467384135,euclidean distance in Fisher-z edge space,centroid of all CON animals,0.12205592467384135,Microglia-enriched ROI,SUS,0,3,each point is one animal-level network replicate; CON animals use a leave-one-CON-out centroid so no animal is compared against a centroid containing itself; group means are shown without an inferential claim
microglia,764,SUS,0.05937434731125534,euclidean distance in Fisher-z edge space,centroid of all CON animals,0.05937434731125534,Microglia-enriched ROI,SUS,0.16,3.16,each point is one animal-level network replicate; CON animals use a leave-one-CON-out centroid so no animal is compared against a centroid containing itself; group means are shown without an inferential claim
