Sex,Batch,Phase,PhaseLabel,Reference,Contrast,RateDifference,ChangeDifference
Female,B3,Active,A1,A2,RES-CON,-3.706018518518519,6.287037037037036
Female,B3,Active,A2,A2,RES-CON,-9.99305555555555,0
Female,B3,Active,A3,A2,RES-CON,-8.979166666666668,1.013888888888887
Female,B3,Active,A4,A2,RES-CON,-7.0717592592592595,2.921296296296296
Female,B3,Active,A5,A2,RES-CON,-6.328703703703706,3.6643518518518494
Female,B3,Inactive,I2,I2,RES-CON,-2.083333333333333,0
Female,B3,Inactive,I3,I2,RES-CON,-3.4074074074074066,-1.3240740740740735
Female,B3,Inactive,I4,I2,RES-CON,-2.5902777777777777,-0.5069444444444438
Female,B3,Inactive,I5,I2,RES-CON,-1.3078703703703702,0.7754629629629628
Female,B4,Active,A1,A2,RES-CON,12.581597222222218,1.331597222222223
Female,B4,Active,A2,A2,RES-CON,11.25,0
Female,B4,Active,A3,A2,RES-CON,10.034722222222221,-1.2152777777777777
Female,B4,Active,A4,A2,RES-CON,11.656250000000002,0.4062500000000018
Female,B4,Active,A5,A2,RES-CON,9.12673611111111,-2.1232638888888893
Female,B4,Inactive,I2,I2,RES-CON,4.335069444444445,0
Female,B4,Inactive,I3,I2,RES-CON,8.835069444444445,4.5
Female,B4,Inactive,I4,I2,RES-CON,8.348958333333334,4.013888888888888
Female,B4,Inactive,I5,I2,RES-CON,7.263888888888889,2.9288194444444446
Female,B6,Active,A1,A2,RES-CON,-6.506944444444443,-5.072916666666668
Female,B6,Active,A2,A2,RES-CON,-1.4340277777777786,0
Female,B6,Active,A3,A2,RES-CON,-6.510416666666668,-5.07638888888889
Female,B6,Active,A4,A2,RES-CON,-6.364583333333332,-4.930555555555557
Female,B6,Active,A5,A2,RES-CON,-10.576388888888893,-9.142361111111114
Female,B6,Inactive,I2,I2,RES-CON,1.222222222222222,0
Female,B6,Inactive,I3,I2,RES-CON,5.2881944444444455,4.065972222222221
Female,B6,Inactive,I4,I2,RES-CON,4.336805555555556,3.114583333333334
Female,B6,Inactive,I5,I2,RES-CON,4.374999999999999,3.152777777777778
Male,B1,Active,A1,A2,RES-CON,-8.125,8.659722222222221
Male,B1,Active,A2,A2,RES-CON,-16.78472222222222,0
Male,B1,Active,A3,A2,RES-CON,-10.944444444444446,5.840277777777776
Male,B1,Active,A4,A2,RES-CON,-11.131944444444443,5.6527777777777795
Male,B1,Active,A5,A2,RES-CON,-12.194444444444443,4.590277777777777
Male,B1,Inactive,I2,I2,RES-CON,1.2777777777777781,0
Male,B1,Inactive,I3,I2,RES-CON,-2.7986111111111107,-4.076388888888889
Male,B1,Inactive,I4,I2,RES-CON,2.1805555555555554,0.9027777777777777
Male,B1,Inactive,I5,I2,RES-CON,0.9375,-0.3402777777777777
Male,B2,Active,A1,A2,RES-CON,3.918402777777775,-1.4184027777777781
Male,B2,Active,A2,A2,RES-CON,5.336805555555557,0
Male,B2,Active,A3,A2,RES-CON,0.5503472222222214,-4.786458333333333
Male,B2,Active,A4,A2,RES-CON,-0.7291666666666679,-6.065972222222222
Male,B2,Active,A5,A2,RES-CON,1.1006944444444429,-4.236111111111112
Male,B2,Inactive,I2,I2,RES-CON,0.7256944444444442,0
Male,B2,Inactive,I3,I2,RES-CON,4.371527777777778,3.645833333333334
Male,B2,Inactive,I4,I2,RES-CON,1.8454861111111112,1.1197916666666665
Male,B2,Inactive,I5,I2,RES-CON,2.2083333333333335,1.4826388888888888
Male,B5,Active,A1,A2,RES-CON,2.2152777777777786,0.8333333333333313
Male,B5,Active,A2,A2,RES-CON,1.3819444444444464,0
Male,B5,Active,A3,A2,RES-CON,4.645833333333332,3.2638888888888875
Male,B5,Active,A4,A2,RES-CON,3.256944444444443,1.875
Male,B5,Active,A5,A2,RES-CON,4.256944444444443,2.874999999999999
Male,B5,Inactive,I2,I2,RES-CON,0.2569444444444444,0
Male,B5,Inactive,I3,I2,RES-CON,1.7847222222222214,1.5277777777777786
Male,B5,Inactive,I4,I2,RES-CON,0.47916666666666696,0.22222222222222143
Male,B5,Inactive,I5,I2,RES-CON,0.9930555555555554,0.7361111111111107
Female,B3,Active,A1,A2,SUS-CON,-0.8854166666666679,4.333333333333332
Female,B3,Active,A2,A2,SUS-CON,-5.2187499999999964,0
Female,B3,Active,A3,A2,SUS-CON,-3.802083333333332,1.4166666666666652
Female,B3,Active,A4,A2,SUS-CON,-3.395833333333332,1.8229166666666652
Female,B3,Active,A5,A2,SUS-CON,-1.8645833333333357,3.354166666666665
Female,B3,Inactive,I2,I2,SUS-CON,0.75,0
Female,B3,Inactive,I3,I2,SUS-CON,4.59375,3.84375
Female,B3,Inactive,I4,I2,SUS-CON,0.9270833333333321,0.17708333333333393
Female,B3,Inactive,I5,I2,SUS-CON,3.031250000000001,2.28125
Female,B4,Active,A1,A2,SUS-CON,15.803240740740737,0.8750000000000011
Female,B4,Active,A2,A2,SUS-CON,14.92824074074074,0
Female,B4,Active,A3,A2,SUS-CON,6.608796296296298,-8.319444444444445
Female,B4,Active,A4,A2,SUS-CON,11.819444444444445,-3.108796296296296
Female,B4,Active,A5,A2,SUS-CON,8.23611111111111,-6.69212962962963
Female,B4,Inactive,I2,I2,SUS-CON,3.381944444444444,0
Female,B4,Inactive,I3,I2,SUS-CON,10.252314814814815,6.87037037037037
Female,B4,Inactive,I4,I2,SUS-CON,7.625,4.243055555555555
Female,B4,Inactive,I5,I2,SUS-CON,8.534722222222223,5.152777777777779
Female,B6,Active,A1,A2,SUS-CON,-9.875,-7.625000000000003
Female,B6,Active,A2,A2,SUS-CON,-2.2499999999999964,0
Female,B6,Active,A3,A2,SUS-CON,-6.229166666666664,-3.979166666666668
Female,B6,Active,A4,A2,SUS-CON,-7.0625,-4.812500000000003
Female,B6,Active,A5,A2,SUS-CON,-11.8125,-9.562500000000004
Female,B6,Inactive,I2,I2,SUS-CON,1.2083333333333333,0
Female,B6,Inactive,I3,I2,SUS-CON,4.000000000000001,2.791666666666667
Female,B6,Inactive,I4,I2,SUS-CON,3.729166666666667,2.520833333333333
Female,B6,Inactive,I5,I2,SUS-CON,2.1875,0.9791666666666665
Male,B1,Active,A1,A2,SUS-CON,-4.24537037037037,10.141203703703704
Male,B1,Active,A2,A2,SUS-CON,-14.386574074074073,0
Male,B1,Active,A3,A2,SUS-CON,-4.75462962962963,9.631944444444443
Male,B1,Active,A4,A2,SUS-CON,-3.465277777777775,10.9212962962963
Male,B1,Active,A5,A2,SUS-CON,-8.995370370370367,5.391203703703705
Male,B1,Inactive,I2,I2,SUS-CON,1.2037037037037042,0
Male,B1,Inactive,I3,I2,SUS-CON,-1.0393518518518512,-2.2430555555555554
Male,B1,Inactive,I4,I2,SUS-CON,1.0092592592592595,-0.19444444444444464
Male,B1,Inactive,I5,I2,SUS-CON,1.4236111111111107,0.21990740740740744
Male,B2,Active,A1,A2,SUS-CON,-3.552713678800501e-15,-0.6458333333333339
Male,B2,Active,A2,A2,SUS-CON,0.6458333333333321,0
Male,B2,Active,A3,A2,SUS-CON,-0.9375,-1.583333333333333
Male,B2,Active,A4,A2,SUS-CON,-2.8125000000000036,-3.458333333333334
Male,B2,Active,A5,A2,SUS-CON,-1.9375000000000036,-2.583333333333334
Male,B2,Inactive,I2,I2,SUS-CON,0.16666666666666652,0
Male,B2,Inactive,I3,I2,SUS-CON,2.562499999999999,2.395833333333333
Male,B2,Inactive,I4,I2,SUS-CON,-0.6041666666666665,-0.7708333333333333
Male,B2,Inactive,I5,I2,SUS-CON,0.8125000000000004,0.6458333333333335
Male,B5,Active,A1,A2,SUS-CON,-0.07175925925925952,-4.412037037037037
Male,B5,Active,A2,A2,SUS-CON,4.340277777777782,0
Male,B5,Active,A3,A2,SUS-CON,4.168981481481481,-0.1712962962962985
Male,B5,Active,A4,A2,SUS-CON,6.511574074074073,2.171296296296294
Male,B5,Active,A5,A2,SUS-CON,5.724537037037038,1.3842592592592586
Male,B5,Inactive,I2,I2,SUS-CON,1.3587962962962965,0
Male,B5,Inactive,I3,I2,SUS-CON,0.9837962962962958,-0.375
Male,B5,Inactive,I4,I2,SUS-CON,2.418981481481482,1.0601851851851842
Male,B5,Inactive,I5,I2,SUS-CON,0.9513888888888893,-0.4074074074074079
Female,B3,Active,A1,A2,SUS-RES,2.820601851851851,-1.9537037037037037
Female,B3,Active,A2,A2,SUS-RES,4.774305555555554,0
Female,B3,Active,A3,A2,SUS-RES,5.177083333333336,0.4027777777777781
Female,B3,Active,A4,A2,SUS-RES,3.6759259259259274,-1.0983796296296306
Female,B3,Active,A5,A2,SUS-RES,4.46412037037037,-0.31018518518518423
Female,B3,Inactive,I2,I2,SUS-RES,2.833333333333333,0
Female,B3,Inactive,I3,I2,SUS-RES,8.001157407407407,5.1678240740740735
Female,B3,Inactive,I4,I2,SUS-RES,3.51736111111111,0.6840277777777777
Female,B3,Inactive,I5,I2,SUS-RES,4.339120370370371,1.5057870370370372
Female,B4,Active,A1,A2,SUS-RES,3.221643518518519,-0.4565972222222218
Female,B4,Active,A2,A2,SUS-RES,3.6782407407407405,0
Female,B4,Active,A3,A2,SUS-RES,-3.425925925925924,-7.104166666666667
Female,B4,Active,A4,A2,SUS-RES,0.16319444444444287,-3.5150462962962976
Female,B4,Active,A5,A2,SUS-RES,-0.890625,-4.5688657407407405
Female,B4,Inactive,I2,I2,SUS-RES,-0.953125,0
Female,B4,Inactive,I3,I2,SUS-RES,1.4172453703703702,2.3703703703703702
Female,B4,Inactive,I4,I2,SUS-RES,-0.7239583333333339,0.22916666666666696
Female,B4,Inactive,I5,I2,SUS-RES,1.270833333333334,2.223958333333334
Female,B6,Active,A1,A2,SUS-RES,-3.368055555555557,-2.5520833333333344
Female,B6,Active,A2,A2,SUS-RES,-0.8159722222222179,0
Female,B6,Active,A3,A2,SUS-RES,0.28125000000000355,1.0972222222222223
Female,B6,Active,A4,A2,SUS-RES,-0.6979166666666679,0.11805555555555447
Female,B6,Active,A5,A2,SUS-RES,-1.2361111111111072,-0.4201388888888884
Female,B6,Inactive,I2,I2,SUS-RES,-0.01388888888888884,0
Female,B6,Inactive,I3,I2,SUS-RES,-1.2881944444444446,-1.2743055555555545
Female,B6,Inactive,I4,I2,SUS-RES,-0.6076388888888893,-0.5937500000000009
Female,B6,Inactive,I5,I2,SUS-RES,-2.187499999999999,-2.1736111111111116
Male,B1,Active,A1,A2,SUS-RES,3.8796296296296298,1.481481481481482
Male,B1,Active,A2,A2,SUS-RES,2.398148148148149,0
Male,B1,Active,A3,A2,SUS-RES,6.189814814814817,3.791666666666668
Male,B1,Active,A4,A2,SUS-RES,7.666666666666668,5.268518518518519
Male,B1,Active,A5,A2,SUS-RES,3.199074074074076,0.8009259259259283
Male,B1,Inactive,I2,I2,SUS-RES,-0.07407407407407396,0
Male,B1,Inactive,I3,I2,SUS-RES,1.7592592592592595,1.833333333333334
Male,B1,Inactive,I4,I2,SUS-RES,-1.1712962962962958,-1.0972222222222223
Male,B1,Inactive,I5,I2,SUS-RES,0.4861111111111107,0.5601851851851851
Male,B2,Active,A1,A2,SUS-RES,-3.9184027777777786,0.7725694444444442
Male,B2,Active,A2,A2,SUS-RES,-4.690972222222225,0
Male,B2,Active,A3,A2,SUS-RES,-1.4878472222222214,3.203125
Male,B2,Active,A4,A2,SUS-RES,-2.0833333333333357,2.6076388888888884
Male,B2,Active,A5,A2,SUS-RES,-3.0381944444444464,1.6527777777777777
Male,B2,Inactive,I2,I2,SUS-RES,-0.5590277777777777,0
Male,B2,Inactive,I3,I2,SUS-RES,-1.8090277777777786,-1.2500000000000009
Male,B2,Inactive,I4,I2,SUS-RES,-2.4496527777777777,-1.8906249999999998
Male,B2,Inactive,I5,I2,SUS-RES,-1.395833333333333,-0.8368055555555554
Male,B5,Active,A1,A2,SUS-RES,-2.287037037037038,-5.2453703703703685
Male,B5,Active,A2,A2,SUS-RES,2.9583333333333357,0
Male,B5,Active,A3,A2,SUS-RES,-0.4768518518518512,-3.435185185185186
Male,B5,Active,A4,A2,SUS-RES,3.2546296296296298,0.29629629629629406
Male,B5,Active,A5,A2,SUS-RES,1.4675925925925952,-1.4907407407407405
Male,B5,Inactive,I2,I2,SUS-RES,1.101851851851852,0
Male,B5,Inactive,I3,I2,SUS-RES,-0.8009259259259256,-1.9027777777777786
Male,B5,Inactive,I4,I2,SUS-RES,1.9398148148148149,0.8379629629629628
Male,B5,Inactive,I5,I2,SUS-RES,-0.041666666666666075,-1.1435185185185186
