AnimalNum,Sex,Batch,Group,CC,CageEpisodeID,n_in_cage,n_tracked_mates,hardware_flag,obs_s,n_events,n_bouts,crossing_rate,shared_zone_use,occupancy_dispersion,fragmentation,events_per_bout,light_phase_crossing_rate,CombZ
13856,Male,B5,SUS,CC1,B5|sys.4|CC1,4,3,FALSE,43196.2769999504,291,112,24.2520900586225,0.159934415965828,1.9850880007559,0.357142857142857,2.59821428571429,2.58333333333333,-0.443530298857735
13856,Male,B5,SUS,CC2,B5|sys.5|CC2,4,3,FALSE,43120.1489999294,346,122,28.8867276409931,0.177735455726109,1.95828808896185,0.237704918032787,2.83606557377049,5.16666666666667,-0.443530298857735
13856,Male,B5,SUS,CC3,B5|sys.5|CC3,4,3,FALSE,43177.7409999371,324,152,27.0139190468927,0.258340734708962,2.21594087297505,0.473684210526316,2.13157894736842,3.5,-0.443530298857735
13856,Male,B5,SUS,CC4,B5|sys.3|CC4,3,2,FALSE,43197.5390000343,487,157,40.5856453998133,0.431280934757114,1.68428014690071,0.197452229299363,3.10191082802548,3.58333333333333,-0.443530298857735
13857,Male,B5,RES,CC1,B5|sys.5|CC1,3,2,FALSE,43196.2769999504,329,128,27.4190296539065,0.296219683463749,2.14955137529136,0.2734375,2.5703125,3.66666666666667,0.12313211444803
13857,Male,B5,RES,CC2,B5|sys.3|CC2,4,3,FALSE,43120.1489999294,324,146,27.0499992938779,0.266531902133025,2.30025998467435,0.431506849315069,2.21917808219178,3.66666666666667,0.12313211444803
13857,Male,B5,RES,CC3,B5|sys.4|CC3,4,3,FALSE,43177.7409999371,253,121,21.0942022187156,0.258928730597743,2.27731278755937,0.40495867768595,2.09090909090909,0.75,0.12313211444803
13857,Male,B5,RES,CC4,B5|sys.2|CC4,4,3,FALSE,43197.5390000343,378,170,31.5017945813746,0.272211031896172,2.28700257752655,0.423529411764706,2.22352941176471,1.83333333333333,0.12313211444803
1545,Female,B3,SUS,CC1,B3|sys.2|CC1,4,3,FALSE,43134.3559999466,276,123,23.0350025395355,0.205530034268719,2.47102681699629,0.40650406504065,2.24390243902439,1.16666666666667,-1.14084168441238
1545,Female,B3,SUS,CC2,B3|sys.1|CC2,4,3,FALSE,43136.6640000343,272,113,22.6999473116238,0.315526478035347,1.82962619126459,0.31858407079646,2.4070796460177,7,-1.14084168441238
1545,Female,B3,SUS,CC3,B3|sys.2|CC3,4,3,FALSE,43161.5629999638,308,151,25.6895238015577,0.327644915601426,2.25948157077644,0.470198675496689,2.03973509933775,3.83333333333333,-1.14084168441238
1545,Female,B3,SUS,CC4,B3|sys.4|CC4,4,3,FALSE,43138.7409999371,432,166,36.0511216588882,0.28270869873543,2.17443341221259,0.36144578313253,2.60240963855422,4.5,-1.14084168441238
1546,Female,B3,SUS,CC1,B3|sys.4|CC1,4,3,FALSE,43134.3559999466,283,132,23.6192236184368,0.316202209373089,1.8785369004758,0.5,2.14393939393939,2.25,-1.65283291359378
1546,Female,B3,SUS,CC2,B3|sys.3|CC2,4,3,FALSE,43136.6640000343,240,120,20.0293652749622,0.352227206695968,1.8350414723876,0.508333333333333,2,3.16666666666667,-1.65283291359378
1546,Female,B3,SUS,CC3,B3|sys.2|CC3,4,3,FALSE,43161.5629999638,283,135,23.6043351813014,0.33126068672047,1.7813251143184,0.488888888888889,2.0962962962963,4.08333333333333,-1.65283291359378
1546,Female,B3,SUS,CC4,B3|sys.2|CC4,4,3,FALSE,43138.7409999371,330,146,27.5390512672063,0.201165552473368,2.04632408314196,0.39041095890411,2.26027397260274,3.83333333333333,-1.65283291359378
1547,Female,B3,SUS,CC1,B3|sys.5|CC1,4,3,FALSE,43134.3559999466,412,163,34.3855835010458,0.22191432124127,2.039960361617,0.349693251533742,2.52760736196319,2.83333333333333,-0.670690972715035
1547,Female,B3,SUS,CC2,B3|sys.1|CC2,4,3,FALSE,43136.6640000343,462,143,38.5565281543023,0.258275350167961,2.06226104351776,0.314685314685315,3.23076923076923,3.83333333333333,-0.670690972715035
1547,Female,B3,SUS,CC3,B3|sys.1|CC3,4,3,FALSE,43161.5629999638,376,154,31.3612368486548,0.24126442470594,2.28762267352595,0.376623376623377,2.44155844155844,2.16666666666667,-0.670690972715035
1547,Female,B3,SUS,CC4,B3|sys.3|CC4,4,3,FALSE,43138.7409999371,458,189,38.2208650920621,0.279163980854733,2.236270967211,0.35978835978836,2.42328042328042,1.83333333333333,-0.670690972715035
3,Male,B1,RES,CC1,B1|sys.1|CC1,4,3,FALSE,43134.882999897,224,127,18.6948461179766,0.335635661742602,2.03719255477382,0.559055118110236,1.76377952755906,2.33333333333333,0.450655267760721
3,Male,B1,RES,CC2,B1|sys.2|CC2,3,2,FALSE,43144.2809998989,218,107,18.1901281424029,0.275138864881101,2.07158151981222,0.476635514018692,2.03738317757009,1.66666666666667,0.450655267760721
3,Male,B1,RES,CC3,B1|sys.1|CC3,2,1,FALSE,43138.3099999428,184,96,15.3552607879372,0.307904528485298,2.24223777323907,0.46875,1.91666666666667,1,0.450655267760721
3,Male,B1,RES,CC4,B1|sys.3|CC4,3,2,FALSE,43146.0889999866,207,110,17.2715538597306,0.229787895712336,2.11254368452166,0.527272727272727,1.88181818181818,1.58333333333333,0.450655267760721
303,Male,B5,SUS,CC1,B5|sys.5|CC1,3,2,FALSE,43196.2769999504,350,111,29.1691804828793,0.237261512135979,2.07258536213075,0.261261261261261,3.15315315315315,1.33333333333333,-0.611090311347931
303,Male,B5,SUS,CC2,B5|sys.2|CC2,4,3,FALSE,43120.1489999294,304,122,25.3802462510459,0.325991568354025,2.0798316222145,0.442622950819672,2.49180327868852,4.83333333333333,-0.611090311347931
303,Male,B5,SUS,CC3,B5|sys.5|CC3,4,3,FALSE,43177.7409999371,300,100,25.0128880063821,0.235846636819211,2.11568016415694,0.34,3,0.833333333333333,-0.611090311347931
303,Male,B5,SUS,CC4,B5|sys.5|CC4,4,3,FALSE,43197.5390000343,451,133,37.5854744873015,0.194059234098151,2.14833565195765,0.270676691729323,3.39097744360902,1.58333333333333,-0.611090311347931
304,Male,B5,RES,CC1,B5|sys.4|CC1,4,3,FALSE,43196.2769999504,254,116,21.1684909790038,0.302706017930582,1.95668684401269,0.422413793103448,2.18965517241379,3.08333333333333,-0.333430326212357
304,Male,B5,RES,CC2,B5|sys.3|CC2,4,3,FALSE,43120.1489999294,346,148,28.8867276409931,0.174591612232329,2.4117272811304,0.425675675675676,2.33783783783784,2.33333333333333,-0.333430326212357
304,Male,B5,RES,CC3,B5|sys.3|CC3,3,2,FALSE,43177.7409999371,361,148,30.0988419010132,0.261304800551143,2.12833339438289,0.351351351351351,2.43918918918919,1.33333333333333,-0.333430326212357
304,Male,B5,RES,CC4,B5|sys.5|CC4,4,3,FALSE,43197.5390000343,500,174,41.6690404515537,0.267785347702488,2.15063940169059,0.304597701149425,2.8735632183908,1.66666666666667,-0.333430326212357
310,Male,B5,RES,CC1,B5|sys.1|CC1,4,3,FALSE,43196.2769999504,278,114,23.1686633549727,0.306488018248338,2.08168445758047,0.394736842105263,2.43859649122807,2.83333333333333,0.00650819487809573
310,Male,B5,RES,CC2,B5|sys.1|CC2,3,2,FALSE,43120.1489999294,262,123,21.8737648610988,0.222268237053259,2.02169716243747,0.398373983739837,2.13008130081301,5,0.00650819487809573
310,Male,B5,RES,CC3,B5|sys.5|CC3,4,3,FALSE,43177.7409999371,284,139,23.6788673127084,0.224798073617065,2.10293788095277,0.517985611510791,2.0431654676259,2.33333333333333,0.00650819487809573
310,Male,B5,RES,CC4,B5|sys.2|CC4,4,3,FALSE,43197.5390000343,326,156,27.168214374413,0.232765860428273,2.03867070516819,0.493589743589744,2.08974358974359,3.16666666666667,0.00650819487809573
313,Male,B5,SUS,CC1,B5|sys.2|CC1,4,3,FALSE,43196.2769999504,261,96,21.7518745886614,0.304395430499641,1.91952783763249,0.291666666666667,2.71875,2.41666666666667,-1.4204248723118
313,Male,B5,SUS,CC2,B5|sys.2|CC2,4,3,FALSE,43120.1489999294,310,133,25.8811721638955,0.303911898218092,2.09639160801779,0.421052631578947,2.33082706766917,4.66666666666667,-1.4204248723118
313,Male,B5,SUS,CC3,B5|sys.4|CC3,4,3,FALSE,43177.7409999371,306,126,25.5131457665098,0.219910833225719,2.20411340426034,0.444444444444444,2.42857142857143,2.33333333333333,-1.4204248723118
313,Male,B5,SUS,CC4,B5|sys.3|CC4,3,2,FALSE,43197.5390000343,454,132,37.8354887300108,0.376243158200026,2.13582983145306,0.212121212121212,3.43939393939394,1.83333333333333,-1.4204248723118
314,Male,B5,RES,CC1,B5|sys.5|CC1,3,2,FALSE,43196.2769999504,311,117,25.9189003719299,0.351966779449671,1.90931910337831,0.282051282051282,2.65811965811966,5.91666666666667,0.164251883787188
314,Male,B5,RES,CC2,B5|sys.5|CC2,4,3,FALSE,43120.1489999294,347,122,28.9702152931346,0.173947126209088,2.40608984754672,0.360655737704918,2.84426229508197,6.25,0.164251883787188
314,Male,B5,RES,CC3,B5|sys.2|CC3,4,3,FALSE,43177.7409999371,266,148,22.1780940323255,0.236456642476527,2.36975024090849,0.614864864864865,1.7972972972973,4,0.164251883787188
314,Male,B5,RES,CC4,B5|sys.1|CC4,4,3,TRUE,43197.5390000343,346,169,28.8349759924752,0.338488210325137,2.30522101985851,0.550295857988166,2.04733727810651,3.66666666666667,0.164251883787188
317,Male,B5,SUS,CC1,B5|sys.1|CC1,4,3,FALSE,43196.2769999504,230,102,19.1683186030349,0.306665788197825,1.91662372115774,0.392156862745098,2.25490196078431,2.83333333333333,-1.29290712469666
317,Male,B5,SUS,CC2,B5|sys.5|CC2,4,3,FALSE,43120.1489999294,322,146,26.8830239895947,0.231182093859452,2.36844853564188,0.513698630136986,2.20547945205479,3.83333333333333,-1.29290712469666
317,Male,B5,SUS,CC3,B5|sys.4|CC3,4,3,FALSE,43177.7409999371,304,150,25.3463931798006,0.209998773825314,2.74349828321754,0.486666666666667,2.02666666666667,2.5,-1.29290712469666
317,Male,B5,SUS,CC4,B5|sys.5|CC4,4,3,FALSE,43197.5390000343,514,191,42.8357735841972,0.231490278505907,2.49916727306702,0.413612565445026,2.69109947643979,2.16666666666667,-1.29290712469666
318,Male,B5,RES,CC1,B5|sys.2|CC1,4,3,FALSE,43196.2769999504,378,131,31.5027149215096,0.322277519423891,2.02493518462187,0.312977099236641,2.88549618320611,4.5,-0.265290178887837
318,Male,B5,RES,CC2,B5|sys.3|CC2,4,3,FALSE,43120.1489999294,310,156,25.8811721638955,0.318604859180272,2.25666272780093,0.557692307692308,1.98717948717949,3.66666666666667,-0.265290178887837
318,Male,B5,RES,CC3,B5|sys.5|CC3,4,3,FALSE,43177.7409999371,361,171,30.0988419010132,0.206765904382167,2.52509842175184,0.514619883040936,2.11111111111111,2.16666666666667,-0.265290178887837
318,Male,B5,RES,CC4,B5|sys.1|CC4,4,3,TRUE,43197.5390000343,344,165,28.668299830669,0.353705674448569,2.24091785316943,0.56969696969697,2.08484848484849,1.83333333333333,-0.265290178887837
319,Male,B5,SUS,CC1,B5|sys.4|CC1,4,3,FALSE,43196.2769999504,240,109,20.0017237596886,0.302841091312157,2.27657046445179,0.458715596330275,2.20183486238532,3.33333333333333,-0.571812546855905
319,Male,B5,SUS,CC2,B5|sys.2|CC2,4,3,FALSE,43120.1489999294,267,139,22.2912031218068,0.220639876129577,2.17641193320006,0.517985611510791,1.92086330935252,4.16666666666667,-0.571812546855905
319,Male,B5,SUS,CC3,B5|sys.2|CC3,4,3,FALSE,43177.7409999371,229,112,19.093171178205,0.219495341351467,2.31420277407471,0.589285714285714,2.04464285714286,3.91666666666667,-0.571812546855905
319,Male,B5,SUS,CC4,B5|sys.2|CC4,4,3,FALSE,43197.5390000343,300,144,25.0014242709322,0.161656940673401,2.52652620391642,0.423611111111111,2.08333333333333,5,-0.571812546855905
4,Male,B1,SUS,CC1,B1|sys.4|CC1,4,3,FALSE,43134.882999897,250,115,20.8647836138132,0.236506186107705,1.99225689823766,0.382608695652174,2.17391304347826,3.16666666666667,-0.624988958625248
4,Male,B1,SUS,CC2,B1|sys.5|CC2,3,2,FALSE,43144.2809998989,288,94,24.0309949771194,0.17040541248261,1.86060704778474,0.24468085106383,3.06382978723404,3.33333333333333,-0.624988958625248
4,Male,B1,SUS,CC3,B1|sys.2|CC3,2,1,FALSE,43138.3099999428,340,121,28.3738514559709,0.172832663110939,2.17774061158154,0.330578512396694,2.8099173553719,1.5,-0.624988958625248
4,Male,B1,SUS,CC4,B1|sys.5|CC4,3,2,FALSE,43146.0889999866,274,109,22.8618635631217,0.353408069037353,1.6396057490176,0.431192660550459,2.51376146788991,1.33333333333333,-0.624988958625248
654,Female,B6,RES,CC1,B6|sys.4|CC1,4,3,FALSE,43110.763999939,230,112,19.2063402077767,0.207082821982345,2.15644552653882,0.517857142857143,2.05357142857143,1.41666666666667,0.397623328469766
654,Female,B6,RES,CC2,B6|sys.3|CC2,4,3,FALSE,43004.9179999828,306,132,25.6156749328168,0.338586709239861,2.46929089627467,0.401515151515151,2.31818181818182,3.5,0.397623328469766
654,Female,B6,RES,CC3,B6|sys.3|CC3,4,3,FALSE,43187.4539999962,347,159,28.9250669882071,0.159167683276097,2.65089466718159,0.515723270440252,2.18238993710692,4.25,0.397623328469766
654,Female,B6,RES,CC4,B6|sys.4|CC4,4,3,FALSE,43165.5759999752,586,212,48.8722772980306,0.219976623630981,2.64151850601198,0.367924528301887,2.76415094339623,1.5,0.397623328469766
656,Female,B6,SUS,CC1,B6|sys.3|CC1,4,3,FALSE,43110.763999939,180,101,15.03104885826,0.205746682347357,2.32791276648214,0.564356435643564,1.78217821782178,4.33333333333333,-0.516925365474716
656,Female,B6,SUS,CC2,B6|sys.4|CC2,4,3,FALSE,43004.9179999828,268,107,22.4346434052121,0.299635993572026,2.25994082622757,0.383177570093458,2.50467289719626,7.33333333333333,-0.516925365474716
656,Female,B6,SUS,CC3,B6|sys.1|CC3,3,2,FALSE,43187.4539999962,294,120,24.5071172753109,0.278091294755829,1.72464579284196,0.4,2.45,4.16666666666667,-0.516925365474716
656,Female,B6,SUS,CC4,B6|sys.4|CC4,4,3,FALSE,43165.5759999752,524,193,43.7014902801502,0.262688498198189,2.19299198638302,0.347150259067358,2.71502590673575,5.83333333333333,-0.516925365474716
662,Female,B6,SUS,CC1,B6|sys.5|CC1,3,2,FALSE,43110.763999939,250,105,20.8764567475834,0.268206729072527,2.42491346184383,0.40952380952381,2.38095238095238,1,-0.498664433612366
662,Female,B6,SUS,CC2,B6|sys.1|CC2,4,3,FALSE,43004.9179999828,225,104,18.8350550976594,0.313574097106795,2.06630116232173,0.538461538461538,2.16346153846154,2.58333333333333,-0.498664433612366
662,Female,B6,SUS,CC3,B6|sys.5|CC3,4,3,FALSE,43187.4539999962,302,118,25.1739776093329,0.264970146185511,2.08249839442143,0.415254237288136,2.55932203389831,0.833333333333333,-0.498664433612366
662,Female,B6,SUS,CC4,B6|sys.4|CC4,4,3,FALSE,43165.5759999752,381,128,31.775320222781,0.254575080840422,1.57763143808762,0.2109375,2.9765625,1.41666666666667,-0.498664433612366
663,Female,B6,SUS,CC1,B6|sys.4|CC1,4,3,FALSE,43110.763999939,164,78,13.6949556264147,0.146310428026232,2.25474732506651,0.487179487179487,2.1025641025641,0.333333333333333,-0.619998081410667
663,Female,B6,SUS,CC2,B6|sys.4|CC2,4,3,FALSE,43004.9179999828,112,73,9.37567187083489,0.363236796931905,1.50616515996307,0.643835616438356,1.53424657534247,0,-0.619998081410667
663,Female,B6,SUS,CC3,B6|sys.4|CC3,4,3,FALSE,43187.4539999962,62,43,5.168167588671,0.233166835899425,1.75283737073348,0.627906976744186,1.44186046511628,0.666666666666667,-0.619998081410667
663,Female,B6,SUS,CC4,B6|sys.5|CC4,3,2,FALSE,43165.5759999752,138,76,11.5091711043144,0.459289793801176,1.96463568842795,0.5,1.81578947368421,0.833333333333333,-0.619998081410667
675,Female,B6,RES,CC1,B6|sys.3|CC1,4,3,FALSE,43110.763999939,223,116,18.6217994188444,0.270301124781555,2.04589857543979,0.482758620689655,1.92241379310345,4.83333333333333,1.26498767005806
675,Female,B6,RES,CC2,B6|sys.1|CC2,4,3,FALSE,43004.9179999828,332,124,27.7921701885463,0.159215875426066,2.16674223796357,0.370967741935484,2.67741935483871,7,1.26498767005806
675,Female,B6,RES,CC3,B6|sys.4|CC3,4,3,FALSE,43187.4539999962,255,116,21.2561731469533,0.245418742831395,1.89190762279302,0.439655172413793,2.19827586206897,3.58333333333333,1.26498767005806
675,Female,B6,RES,CC4,B6|sys.1|CC4,4,3,FALSE,43165.5759999752,278,113,23.1851417898507,0.18541385076358,2.30054194083972,0.353982300884956,2.46017699115044,4.5,1.26498767005806
676,Female,B6,RES,CC1,B6|sys.1|CC1,4,3,FALSE,43110.763999939,422,150,35.2394589899207,0.203109065764782,2.3608625371086,0.413333333333333,2.81333333333333,3.5,0.153603356737092
676,Female,B6,RES,CC2,B6|sys.4|CC2,4,3,FALSE,43004.9179999828,347,158,29.0478405283902,0.361608107228473,2.2338945001607,0.525316455696203,2.19620253164557,7.58333333333333,0.153603356737092
676,Female,B6,RES,CC3,B6|sys.5|CC3,4,3,FALSE,43187.4539999962,348,155,29.0084245299598,0.263407369800193,2.28629940219911,0.464516129032258,2.24516129032258,4.5,0.153603356737092
676,Female,B6,RES,CC4,B6|sys.2|CC4,4,3,FALSE,43165.5759999752,407,178,33.9437147786663,0.231353768271894,2.40033469120224,0.466292134831461,2.28651685393258,8.25,0.153603356737092
690,Female,B6,RES,CC1,B6|sys.3|CC1,4,3,FALSE,43110.763999939,76,45,6.34644285126534,0.271784783647352,1.32610435345527,0.466666666666667,1.68888888888889,1.16666666666667,1.56503037565116
690,Female,B6,RES,CC2,B6|sys.3|CC2,4,3,FALSE,43004.9179999828,196,74,16.4074257739611,0.386072107688459,1.6794997840365,0.486486486486487,2.64864864864865,0.333333333333333,1.56503037565116
690,Female,B6,RES,CC3,B6|sys.5|CC3,4,3,FALSE,43187.4539999962,186,87,15.504502766013,0.245665095238465,2.14046808502325,0.413793103448276,2.13793103448276,0.333333333333333,1.56503037565116
690,Female,B6,RES,CC4,B6|sys.5|CC4,3,2,FALSE,43165.5759999752,274,97,22.8515426274068,0.458152081648975,1.55877878747007,0.350515463917526,2.82474226804124,0.333333333333333,1.56503037565116
691,Female,B6,RES,CC1,B6|sys.1|CC1,4,3,FALSE,43110.763999939,188,92,15.6990954741827,0.330237385728376,1.86729233417155,0.41304347826087,2.04347826086957,1.16666666666667,0.99737483761872
691,Female,B6,RES,CC2,B6|sys.2|CC2,3,2,FALSE,43004.9179999828,262,95,21.9323752692745,0.25745241509986,2.26333252199591,0.305263157894737,2.75789473684211,1.83333333333333,0.99737483761872
691,Female,B6,RES,CC3,B6|sys.4|CC3,4,3,FALSE,43187.4539999962,163,84,13.5872793056996,0.255501593902889,2.27067692452425,0.535714285714286,1.94047619047619,1.41666666666667,0.99737483761872
691,Female,B6,RES,CC4,B6|sys.4|CC4,4,3,FALSE,43165.5759999752,316,143,26.3543338330677,0.310381402059506,2.1614539866748,0.370629370629371,2.20979020979021,1.33333333333333,0.99737483761872
692,Female,B6,RES,CC1,B6|sys.5|CC1,3,2,TRUE,43110.763999939,68,48,5.67839623534268,0.314123509849078,1.31983193899072,0.645833333333333,1.41666666666667,1.16666666666667,0.867560857620985
692,Female,B6,RES,CC2,B6|sys.4|CC2,4,3,FALSE,43004.9179999828,76,46,6.36206305520939,0.234348166093248,1.61326731164623,0.586956521739131,1.65217391304348,1.5,0.867560857620985
692,Female,B6,RES,CC3,B6|sys.3|CC3,4,3,FALSE,43187.4539999962,116,57,9.66947484331994,0.201648338269808,2.18667429463559,0.526315789473684,2.03508771929825,1.5,0.867560857620985
692,Female,B6,RES,CC4,B6|sys.1|CC4,4,3,FALSE,43165.5759999752,138,65,11.5091711043144,0.254436073476966,1.86756382837749,0.476923076923077,2.12307692307692,0.833333333333333,0.867560857620985
693,Female,B6,RES,CC1,B6|sys.4|CC1,4,3,FALSE,43110.763999939,164,85,13.6949556264147,0.168794658035811,2.18795616393376,0.447058823529412,1.92941176470588,1,0.800127871054697
693,Female,B6,RES,CC2,B6|sys.1|CC2,4,3,FALSE,43004.9179999828,224,128,18.7513437416698,0.309207294242162,2.3086148792018,0.578125,1.75,3.5,0.800127871054697
693,Female,B6,RES,CC3,B6|sys.1|CC3,3,2,FALSE,43187.4539999962,238,109,19.8390949371564,0.250942773804599,2.32605295389075,0.44954128440367,2.18348623853211,2.66666666666667,0.800127871054697
693,Female,B6,RES,CC4,B6|sys.2|CC4,4,3,FALSE,43165.5759999752,293,126,24.4361386490153,0.319472226351144,2.1634549833393,0.436507936507937,2.32539682539683,2.75,0.800127871054697
694,Female,B6,RES,CC1,B6|sys.1|CC1,4,3,FALSE,43110.763999939,156,80,13.026909010492,0.245966251030875,1.61666033286949,0.4875,1.95,1.66666666666667,0.959080987347653
694,Female,B6,RES,CC2,B6|sys.1|CC2,4,3,FALSE,43004.9179999828,214,87,17.9142301817738,0.328112589363075,2.08952829492491,0.379310344827586,2.45977011494253,6,0.959080987347653
694,Female,B6,RES,CC3,B6|sys.3|CC3,4,3,FALSE,43187.4539999962,276,100,23.0066815237612,0.229784896936551,2.48440264124418,0.39,2.76,3.5,0.959080987347653
694,Female,B6,RES,CC4,B6|sys.5|CC4,3,2,FALSE,43165.5759999752,310,120,25.8539350894018,0.386941205196666,2.30055793490808,0.4,2.58333333333333,1.5,0.959080987347653
695,Female,B6,RES,CC1,B6|sys.5|CC1,3,2,FALSE,43110.763999939,151,78,12.6093798755404,0.191444635505277,2.1814121521219,0.474358974358974,1.93589743589744,1.75,0.453129558627428
695,Female,B6,RES,CC2,B6|sys.3|CC2,4,3,FALSE,43004.9179999828,188,92,15.7377349260443,0.354965029808712,2.00592549762879,0.423913043478261,2.04347826086957,6.66666666666667,0.453129558627428
695,Female,B6,RES,CC3,B6|sys.4|CC3,4,3,FALSE,43187.4539999962,164,95,13.6706368474523,0.333531261185663,1.86545011101347,0.663157894736842,1.72631578947368,1.83333333333333,0.453129558627428
695,Female,B6,RES,CC4,B6|sys.2|CC4,4,3,FALSE,43165.5759999752,220,97,18.3479539344142,0.305643683913096,1.49098438151733,0.484536082474227,2.2680412371134,3,0.453129558627428
696,Female,B6,RES,CC1,B6|sys.4|CC1,4,3,FALSE,43110.763999939,240,89,20.04139847768,0.246770195650592,1.63224835784194,0.314606741573034,2.69662921348315,1.16666666666667,0.155378688315626
696,Female,B6,RES,CC2,B6|sys.2|CC2,3,2,FALSE,43004.9179999828,310,93,25.9505203567751,0.277949094114634,2.20876725049611,0.290322580645161,3.33333333333333,3,0.155378688315626
696,Female,B6,RES,CC3,B6|sys.5|CC3,4,3,FALSE,43187.4539999962,246,100,20.5059552711785,0.294437477147762,1.85072541586354,0.4,2.46,0.666666666666667,0.155378688315626
696,Female,B6,RES,CC4,B6|sys.1|CC4,4,3,FALSE,43165.5759999752,322,125,26.8547325767335,0.209800065357942,2.25831111072556,0.336,2.576,0.333333333333333,0.155378688315626
OQ754,Male,B1,SUS,CC1,B1|sys.1|CC1,4,3,FALSE,43134.882999897,266,113,22.2001297650972,0.371140081671557,1.75546473683978,0.327433628318584,2.35398230088496,2.5,-0.934693581486834
OQ754,Male,B1,SUS,CC2,B1|sys.3|CC2,3,2,FALSE,43144.2809998989,235,94,19.6086243736912,0.327436955101743,1.88482541877788,0.372340425531915,2.5,4.58333333333333,-0.934693581486834
OQ754,Male,B1,SUS,CC3,B1|sys.4|CC3,3,2,FALSE,43138.3099999428,279,116,23.2832486947526,0.256696066671933,2.24325333068894,0.387931034482759,2.4051724137931,3,-0.934693581486834
OQ754,Male,B1,SUS,CC4,B1|sys.5|CC4,3,2,FALSE,43146.0889999866,354,133,29.5368602238871,0.329373839667355,1.89023081692481,0.383458646616541,2.66165413533835,2.16666666666667,-0.934693581486834
OQ755,Male,B1,SUS,CC1,B1|sys.4|CC1,4,3,FALSE,43134.882999897,290,126,24.2031489920233,0.236108124675475,2.45419109761951,0.420634920634921,2.3015873015873,2,-0.535143253547445
OQ755,Male,B1,SUS,CC2,B1|sys.4|CC2,1,0,FALSE,43144.2809998989,190,88,15.8537814085163,,1.86398332928905,0.397727272727273,2.15909090909091,2.83333333333333,-0.535143253547445
OQ755,Male,B1,SUS,CC3,B1|sys.3|CC3,3,2,FALSE,43138.3099999428,213,92,17.7753834121229,0.171770034574982,2.0605622041485,0.369565217391304,2.31521739130435,3.91666666666667,-0.535143253547445
OQ755,Male,B1,SUS,CC4,B1|sys.3|CC4,3,2,FALSE,43146.0889999866,238,122,19.8581150657772,0.20630844429959,2.62226270476396,0.532786885245902,1.95081967213115,3.5,-0.535143253547445
OQ760,Male,B1,CON,CC1,B1|sys.3|CC1,4,3,FALSE,43134.882999897,250,110,20.8647836138132,0.270644380018496,1.94686849254446,0.4,2.27272727272727,1.16666666666667,-0.240524851970429
OQ760,Male,B1,CON,CC2,B1|sys.1|CC2,4,3,FALSE,43144.2809998989,212,112,17.6894824137129,0.207525689606926,2.22129399904123,0.5625,1.89285714285714,0.333333333333333,-0.240524851970429
OQ760,Male,B1,CON,CC3,B1|sys.5|CC3,4,3,FALSE,43138.3099999428,263,127,21.9480086262363,0.36033358747394,1.63815012334526,0.511811023622047,2.07086614173228,1.08333333333333,-0.240524851970429
OQ760,Male,B1,CON,CC4,B1|sys.2|CC4,4,3,FALSE,43146.0889999866,284,152,23.6962381457174,0.214832944273676,2.33135518033634,0.578947368421053,1.86842105263158,0.666666666666667,-0.240524851970429
OQ761,Male,B1,CON,CC1,B1|sys.3|CC1,4,3,FALSE,43134.882999897,326,143,27.2076778324124,0.291501273657416,2.16809465191112,0.370629370629371,2.27972027972028,1.33333333333333,-0.489151228020343
OQ761,Male,B1,CON,CC2,B1|sys.1|CC2,4,3,FALSE,43144.2809998989,294,124,24.5316407058094,0.209151096228354,2.09573936875448,0.459677419354839,2.37096774193548,1.5,-0.489151228020343
OQ761,Male,B1,CON,CC3,B1|sys.5|CC3,4,3,FALSE,43138.3099999428,472,179,39.3895820212302,0.240651785700242,2.10212035251447,0.368715083798883,2.63687150837989,3.66666666666667,-0.489151228020343
OQ761,Male,B1,CON,CC4,B1|sys.2|CC4,4,3,FALSE,43146.0889999866,502,200,41.8856040463032,0.191555021376374,2.1930410421771,0.44,2.51,2.66666666666667,-0.489151228020343
OQ762,Male,B1,RES,CC1,B1|sys.1|CC1,4,3,FALSE,43134.882999897,285,127,23.785853319747,0.33534029368819,1.99638565293,0.362204724409449,2.24409448818898,3.16666666666667,-0.213269762173186
OQ762,Male,B1,RES,CC2,B1|sys.5|CC2,3,2,FALSE,43144.2809998989,270,130,22.5290577910495,0.160066232185244,2.32062563627155,0.515384615384615,2.07692307692308,3,-0.213269762173186
OQ762,Male,B1,RES,CC3,B1|sys.3|CC3,3,2,FALSE,43138.3099999428,287,129,23.9508687290107,0.220686786286291,2.43155707616967,0.434108527131783,2.22480620155039,2.5,-0.213269762173186
OQ762,Male,B1,RES,CC4,B1|sys.4|CC4,2,1,FALSE,43146.0889999866,291,149,24.2803003535343,0.180890949356485,2.05140888523881,0.48993288590604,1.95302013422819,3.25,-0.213269762173186
OQ763,Male,B1,CON,CC1,B1|sys.3|CC1,4,3,FALSE,43134.882999897,342,167,28.5430239836964,0.274356642319552,2.20294708787542,0.508982035928144,2.04790419161677,3.33333333333333,-0.0833532794876353
OQ763,Male,B1,CON,CC2,B1|sys.1|CC2,4,3,FALSE,43144.2809998989,327,141,27.2851922136044,0.190496325573289,2.4543316313087,0.432624113475177,2.31914893617021,3.75,-0.0833532794876353
OQ763,Male,B1,CON,CC3,B1|sys.5|CC3,4,3,FALSE,43138.3099999428,464,184,38.721961986972,0.306706760955564,2.15380225786479,0.472826086956522,2.52173913043478,6.5,-0.0833532794876353
OQ763,Male,B1,CON,CC4,B1|sys.2|CC4,4,3,FALSE,43146.0889999866,498,189,41.551854213265,0.164903845632262,2.43866832539588,0.465608465608466,2.63492063492064,4.66666666666667,-0.0833532794876353
OQ764,Male,B1,SUS,CC1,B1|sys.4|CC1,4,3,FALSE,43134.882999897,358,150,29.8783701349805,0.227910049819252,2.27185319112278,0.453333333333333,2.38666666666667,2,-0.931782489857225
OQ764,Male,B1,SUS,CC2,B1|sys.5|CC2,3,2,FALSE,43144.2809998989,255,108,21.2774434693245,0.154391737342526,2.16551316467554,0.407407407407407,2.36111111111111,2.08333333333333,-0.931782489857225
OQ764,Male,B1,SUS,CC3,B1|sys.4|CC3,3,2,FALSE,43138.3099999428,343,139,28.6242089688177,0.144613001744182,2.33332054801228,0.474820143884892,2.46762589928058,2.25,-0.931782489857225
OQ764,Male,B1,SUS,CC4,B1|sys.1|CC4,2,1,FALSE,43146.0889999866,424,170,35.3774823020569,0.146081328474158,2.45463030962136,0.388235294117647,2.49411764705882,3.66666666666667,-0.931782489857225
OQ765,Male,B1,CON,CC1,B1|sys.3|CC1,4,3,FALSE,43134.882999897,312,129,26.0392499500389,0.258183892602669,1.96742715182235,0.410852713178295,2.41860465116279,1.66666666666667,-0.271338741565108
OQ765,Male,B1,CON,CC2,B1|sys.1|CC2,4,3,FALSE,43144.2809998989,157,76,13.1002299007214,0.214266266256312,2.12612758193969,0.486842105263158,2.06578947368421,1.25,-0.271338741565108
OQ765,Male,B1,CON,CC3,B1|sys.5|CC3,4,3,FALSE,43138.3099999428,292,130,24.3681312504221,0.324704236226363,2.06560286824191,0.407692307692308,2.24615384615385,2.5,-0.271338741565108
OQ765,Male,B1,CON,CC4,B1|sys.2|CC4,4,3,FALSE,43146.0889999866,263,143,21.9440515222664,0.197692340877743,2.094454307461,0.552447552447552,1.83916083916084,3.16666666666667,-0.271338741565108
OQ770,Male,B1,SUS,CC1,B1|sys.2|CC1,1,0,FALSE,43134.882999897,209,111,17.4429591011478,,2.12044302174101,0.540540540540541,1.88288288288288,2.58333333333333,-0.627260518022955
OQ770,Male,B1,SUS,CC2,B1|sys.2|CC2,3,2,FALSE,43144.2809998989,222,104,18.5238919615296,0.271989003608716,2.3541224098127,0.509615384615385,2.13461538461538,1.91666666666667,-0.627260518022955
OQ770,Male,B1,SUS,CC3,B1|sys.4|CC3,3,2,FALSE,43138.3099999428,236,125,19.6947910106151,0.275364542548303,1.78054137434955,0.536,1.888,2.66666666666667,-0.627260518022955
OQ770,Male,B1,SUS,CC4,B1|sys.3|CC4,3,2,FALSE,43146.0889999866,317,147,26.4496742682831,0.269438059596214,2.35092989411951,0.482993197278912,2.15646258503401,4.91666666666667,-0.627260518022955
OQ771,Male,B1,SUS,CC1,B1|sys.5|CC1,1,0,FALSE,43134.882999897,264,142,22.0332114961867,,2.19440261657621,0.528169014084507,1.85915492957746,7.16666666666667,-0.889499247134719
OQ771,Male,B1,SUS,CC2,B1|sys.2|CC2,3,2,FALSE,43144.2809998989,186,106,15.5200175893896,0.278466582873348,1.68240393352413,0.60377358490566,1.75471698113208,3,-0.889499247134719
OQ771,Male,B1,SUS,CC3,B1|sys.3|CC3,3,2,FALSE,43138.3099999428,249,105,20.7796735662846,0.197926089371504,2.24813284302864,0.419047619047619,2.37142857142857,5.08333333333333,-0.889499247134719
OQ771,Male,B1,SUS,CC4,B1|sys.5|CC4,3,2,FALSE,43146.0889999866,292,130,24.3637378117939,0.181788110631748,2.11247702113963,0.484615384615385,2.24615384615385,8.83333333333333,-0.889499247134719
OQ772,Male,B1,RES,CC1,B1|sys.1|CC1,4,3,FALSE,43134.882999897,438,152,36.5551008914007,0.142291101163045,2.34329542326661,0.434210526315789,2.88157894736842,6,-0.0708303837557376
OQ772,Male,B1,RES,CC2,B1|sys.3|CC2,3,2,FALSE,43144.2809998989,339,126,28.2864836709843,0.319944073247591,2.13534001781199,0.357142857142857,2.69047619047619,5.25,-0.0708303837557376
OQ772,Male,B1,RES,CC3,B1|sys.2|CC3,2,1,FALSE,43138.3099999428,282,134,23.5336062075994,0.172832663110939,2.23387782531611,0.455223880597015,2.1044776119403,4,-0.0708303837557376
OQ772,Male,B1,RES,CC4,B1|sys.1|CC4,2,1,FALSE,43146.0889999866,369,157,30.7884220977807,0.146081328474158,1.98841330279476,0.484076433121019,2.35031847133758,7.91666666666667,-0.0708303837557376
OQ773,Male,B1,RES,CC1,B1|sys.4|CC1,4,3,FALSE,43134.882999897,294,132,24.5369855298443,0.167925813854303,2.51644073140217,0.5,2.22727272727273,2.83333333333333,-0.265888969865684
OQ773,Male,B1,RES,CC2,B1|sys.3|CC2,3,2,FALSE,43144.2809998989,222,90,18.5238919615296,0.214464693502411,2.07136128536372,0.388888888888889,2.46666666666667,4,-0.265888969865684
OQ773,Male,B1,RES,CC3,B1|sys.1|CC3,2,1,FALSE,43138.3099999428,235,110,19.6113385063328,0.307904528485298,2.10429941126491,0.418181818181818,2.13636363636364,4.25,-0.265888969865684
OQ773,Male,B1,RES,CC4,B1|sys.4|CC4,2,1,FALSE,43146.0889999866,294,136,24.530612728313,0.180890949356485,2.6128553371142,0.411764705882353,2.16176470588235,2.16666666666667,-0.265888969865684
OR104,Male,B2,RES,CC1,B2|sys.1|CC1,4,3,FALSE,43156.0590000153,192,84,16.0162910148898,0.282340539953307,2.2624128918342,0.476190476190476,2.28571428571429,1.66666666666667,1.11279258795434
OR104,Male,B2,RES,CC2,B2|sys.3|CC2,4,3,FALSE,43132.5899999142,186,114,15.5242242583006,0.228972153068529,2.02109635115607,0.657894736842105,1.63157894736842,1.33333333333333,1.11279258795434
OR104,Male,B2,RES,CC3,B2|sys.4|CC3,4,3,FALSE,43191.8619999886,211,124,17.5866462992543,0.30858800052567,2.2098423208572,0.604838709677419,1.70161290322581,2.25,1.11279258795434
OR104,Male,B2,RES,CC4,B2|sys.2|CC4,4,3,FALSE,43125.5889999867,204,110,17.0293326312651,0.230286284702316,2.30115500637162,0.590909090909091,1.85454545454545,1,1.11279258795434
OR105,Male,B2,RES,CC1,B2|sys.2|CC1,4,3,FALSE,43156.0590000153,214,106,17.8514910270126,0.263967530802625,1.71154842409481,0.481132075471698,2.0188679245283,1.83333333333333,0.281482068579031
OR105,Male,B2,RES,CC2,B2|sys.5|CC2,4,3,FALSE,43132.5899999142,322,148,26.8752699525418,0.183892543120472,2.32640041143468,0.45945945945946,2.17567567567568,5.33333333333333,0.281482068579031
OR105,Male,B2,RES,CC3,B2|sys.1|CC3,4,3,FALSE,43191.8619999886,242,124,20.1704663716566,0.272365482488251,2.34019412040928,0.564516129032258,1.95161290322581,3.83333333333333,0.281482068579031
OR105,Male,B2,RES,CC4,B2|sys.4|CC4,4,3,FALSE,43125.5889999867,286,143,23.8744565320677,0.193671264029945,2.48280865647018,0.58041958041958,2,2.08333333333333,0.281482068579031
OR106,Male,B2,RES,CC1,B2|sys.3|CC1,4,3,FALSE,43156.0590000153,174,97,14.5147637322439,0.305101414985876,2.07243919220421,0.54639175257732,1.79381443298969,3.83333333333333,0.116652997978808
OR106,Male,B2,RES,CC2,B2|sys.1|CC2,4,3,FALSE,43132.5899999142,173,101,14.4391978316452,0.293169534523878,1.75241294446785,0.554455445544555,1.71287128712871,2.75,0.116652997978808
OR106,Male,B2,RES,CC3,B2|sys.2|CC3,4,3,FALSE,43191.8619999886,242,114,20.1704663716566,0.186951359788689,2.27627307458746,0.552631578947369,2.12280701754386,3.83333333333333,0.116652997978808
OR106,Male,B2,RES,CC4,B2|sys.5|CC4,4,3,FALSE,43125.5889999867,268,112,22.3718683587208,0.250879085586939,2.42930376495361,0.473214285714286,2.39285714285714,4.16666666666667,0.116652997978808
OR111,Male,B2,SUS,CC1,B2|sys.5|CC1,4,3,FALSE,43156.0590000153,156,75,13.013236449598,0.340306151071307,2.03162816291458,0.306666666666667,2.08,1.83333333333333,-0.567979315226475
OR111,Male,B2,SUS,CC2,B2|sys.4|CC2,4,3,FALSE,43132.5899999142,224,104,18.6958399669856,0.173805653693773,2.44866081084923,0.442307692307692,2.15384615384615,3.83333333333333,-0.567979315226475
OR111,Male,B2,SUS,CC3,B2|sys.5|CC3,4,3,FALSE,43191.8619999886,232,99,19.3369760257203,0.194343531661056,2.37596386980529,0.474747474747475,2.34343434343434,3.83333333333333,-0.567979315226475
OR111,Male,B2,SUS,CC4,B2|sys.3|CC4,4,3,FALSE,43125.5889999867,226,107,18.865829287578,0.228117309520924,2.03652016222588,0.345794392523364,2.11214953271028,2,-0.567979315226475
OR112,Male,B2,RES,CC1,B2|sys.1|CC1,4,3,FALSE,43156.0590000153,150,98,12.5127273553827,0.21126305810027,2.05030036463,0.673469387755102,1.53061224489796,2.33333333333333,0.491219818112991
OR112,Male,B2,RES,CC2,B2|sys.5|CC2,4,3,FALSE,43132.5899999142,237,111,19.780866393641,0.309895340544693,1.83610129770897,0.468468468468469,2.13513513513514,3.83333333333333,0.491219818112991
OR112,Male,B2,RES,CC3,B2|sys.2|CC3,4,3,TRUE,43191.8619999886,216,93,18.0033914722224,0.18380758084839,2.27050939595696,0.397849462365591,2.32258064516129,1.58333333333333,0.491219818112991
OR112,Male,B2,RES,CC4,B2|sys.3|CC4,4,3,FALSE,43125.5889999867,264,131,22.0379598757548,0.214978459013828,2.527402031496,0.480916030534351,2.01526717557252,1.83333333333333,0.491219818112991
OR113,Male,B2,SUS,CC1,B2|sys.2|CC1,4,3,FALSE,43156.0590000153,160,91,13.3469091790749,0.314145359434038,1.90826155026037,0.505494505494506,1.75824175824176,1.33333333333333,-0.483598958828872
OR113,Male,B2,SUS,CC2,B2|sys.3|CC2,4,3,FALSE,43132.5899999142,188,105,15.6911514008629,0.246030128660593,2.00786431803134,0.552380952380952,1.79047619047619,1.33333333333333,-0.483598958828872
OR113,Male,B2,SUS,CC3,B2|sys.5|CC3,4,3,FALSE,43191.8619999886,249,101,20.7539096138119,0.26420958651517,2.05011562651592,0.415841584158416,2.46534653465347,1.58333333333333,-0.483598958828872
OR113,Male,B2,SUS,CC4,B2|sys.5|CC4,4,3,FALSE,43125.5889999867,305,129,25.4605218261562,0.244209920627885,2.33968723534189,0.496124031007752,2.36434108527132,1.5,-0.483598958828872
OR120,Male,B2,RES,CC1,B2|sys.3|CC1,4,3,FALSE,43156.0590000153,184,88,15.3489455559361,0.261160339031444,1.96098079498362,0.465909090909091,2.09090909090909,0.833333333333333,0.0178512517968418
OR120,Male,B2,RES,CC2,B2|sys.4|CC2,4,3,FALSE,43132.5899999142,298,121,24.8721442417934,0.309462350090817,1.94459525748949,0.446280991735537,2.46280991735537,4.66666666666667,0.0178512517968418
OR120,Male,B2,RES,CC3,B2|sys.4|CC3,4,3,FALSE,43191.8619999886,273,120,22.7542864440588,0.395528753377253,1.98251204092398,0.458333333333333,2.275,1.41666666666667,0.0178512517968418
OR120,Male,B2,RES,CC4,B2|sys.4|CC4,4,3,FALSE,43125.5889999867,359,149,29.9682863461969,0.217911729088705,2.08729826279025,0.496644295302014,2.40939597315436,1.25,0.0178512517968418
OR122,Male,B2,RES,CC1,B2|sys.5|CC1,4,3,FALSE,43156.0590000153,172,67,14.3479273675055,0.337085637661016,1.85202128513294,0.343283582089552,2.56716417910448,0.666666666666667,1.05739617912031
OR122,Male,B2,RES,CC2,B2|sys.1|CC2,4,3,FALSE,43132.5899999142,214,91,17.8612042541738,0.302611582869937,1.982075049285,0.43956043956044,2.35164835164835,2.16666666666667,1.05739617912031
OR122,Male,B2,RES,CC3,B2|sys.1|CC3,4,3,FALSE,43191.8619999886,298,119,24.8380123088994,0.285676508534151,2.13499863926106,0.394957983193277,2.50420168067227,2.16666666666667,1.05739617912031
OR122,Male,B2,RES,CC4,B2|sys.2|CC4,4,3,FALSE,43125.5889999867,354,143,29.5509007424894,0.238964581631338,2.49380643954409,0.433566433566434,2.47552447552448,1.5,1.05739617912031
OR126,Male,B2,CON,CC1,B2|sys.4|CC1,4,3,FALSE,43156.0590000153,228,91,19.0193455801817,0.258369653267809,1.62217101526259,0.483516483516484,2.50549450549451,2.16666666666667,0.794444012299231
OR126,Male,B2,CON,CC2,B2|sys.2|CC2,4,3,FALSE,43132.5899999142,218,105,18.1950585392985,0.282956182322467,1.86805707415991,0.523809523809524,2.07619047619048,2.66666666666667,0.794444012299231
OR126,Male,B2,CON,CC3,B2|sys.3|CC3,4,3,FALSE,43191.8619999886,236,109,19.6703721640948,0.267181651016559,1.95926800629929,0.541284403669725,2.1651376146789,2.33333333333333,0.794444012299231
OR126,Male,B2,CON,CC4,B2|sys.1|CC4,4,3,FALSE,43125.5889999867,274,120,22.8727310831698,0.221157335008451,1.8536087023881,0.458333333333333,2.28333333333333,3.83333333333333,0.794444012299231
OR127,Male,B2,CON,CC1,B2|sys.4|CC1,4,3,FALSE,43156.0590000153,182,90,15.1821091911977,0.143615616072301,2.1467297188531,0.466666666666667,2.02222222222222,0.833333333333333,0.805560084381998
OR127,Male,B2,CON,CC2,B2|sys.2|CC2,4,3,FALSE,43132.5899999142,140,87,11.684899979366,0.309820223335846,1.77295974406677,0.632183908045977,1.60919540229885,2.16666666666667,0.805560084381998
OR127,Male,B2,CON,CC3,B2|sys.3|CC3,4,3,FALSE,43191.8619999886,184,109,15.3362223652265,0.214526423213164,1.82682051834334,0.623853211009174,1.68807339449541,1.16666666666667,0.805560084381998
OR127,Male,B2,CON,CC4,B2|sys.1|CC4,4,3,FALSE,43125.5889999867,212,101,17.6971495971971,0.291802012655526,1.8890209208931,0.465346534653465,2.0990099009901,1,0.805560084381998
OR128,Male,B2,CON,CC1,B2|sys.4|CC1,4,3,FALSE,43156.0590000153,242,94,20.1872001333507,0.299619009864862,1.77859522851125,0.436170212765957,2.57446808510638,1.41666666666667,0.572523097218762
OR128,Male,B2,CON,CC2,B2|sys.2|CC2,4,3,FALSE,43132.5899999142,196,104,16.3588599711124,0.181455808707393,2.23128046810457,0.538461538461538,1.88461538461538,2.16666666666667,0.572523097218762
OR128,Male,B2,CON,CC3,B2|sys.3|CC3,4,3,FALSE,43191.8619999886,210,121,17.5032972646607,0.21842316806902,2.4971775497234,0.611570247933884,1.73553719008264,2.66666666666667,0.572523097218762
OR128,Male,B2,CON,CC4,B2|sys.1|CC4,4,3,FALSE,43125.5889999867,252,126,21.0362344268569,0.294921714980584,2.03768513070183,0.547619047619048,2,1.5,0.572523097218762
OR129,Male,B2,CON,CC1,B2|sys.4|CC1,4,3,FALSE,43156.0590000153,222,86,18.5188364859664,0.209841071604834,2.21170939489483,0.383720930232558,2.58139534883721,0,0.0284113054492268
OR129,Male,B2,CON,CC2,B2|sys.2|CC2,4,3,FALSE,43132.5899999142,216,102,18.0281313967361,0.219235849270772,1.96770384986468,0.46078431372549,2.11764705882353,0.333333333333333,0.0284113054492268
OR129,Male,B2,CON,CC3,B2|sys.3|CC3,4,3,FALSE,43191.8619999886,280,126,23.3377296862142,0.251949499186369,2.2017812960571,0.531746031746032,2.22222222222222,0.333333333333333,0.0284113054492268
OR129,Male,B2,CON,CC4,B2|sys.1|CC4,4,3,FALSE,43125.5889999867,326,136,27.2135413617276,0.320647647662077,2.27752353398325,0.433823529411765,2.39705882352941,0,0.0284113054492268
OR130,Male,B2,RES,CC1,B2|sys.1|CC1,4,3,FALSE,43156.0590000153,196,97,16.3499637443667,0.182128184293861,1.91978420553895,0.494845360824742,2.02061855670103,2.16666666666667,0.590263662685027
OR130,Male,B2,RES,CC2,B2|sys.1|CC2,4,3,FALSE,43132.5899999142,216,101,18.0281313967361,0.256109050404574,2.11058789161222,0.376237623762376,2.13861386138614,2.16666666666667,0.590263662685027
OR130,Male,B2,RES,CC3,B2|sys.5|CC3,4,3,FALSE,43191.8619999886,317,136,26.4216439661782,0.158507475310165,2.16673398045743,0.389705882352941,2.33088235294118,4.41666666666667,0.590263662685027
OR130,Male,B2,RES,CC4,B2|sys.4|CC4,4,3,FALSE,43125.5889999867,350,150,29.2169922595235,0.120460855237523,2.56965695537891,0.446666666666667,2.33333333333333,1.83333333333333,0.590263662685027
OR131,Male,B2,RES,CC1,B2|sys.2|CC1,4,3,FALSE,43156.0590000153,194,93,16.1831273796283,0.309173797969314,2.07092160187198,0.43010752688172,2.08602150537634,0.833333333333333,0.595364775612003
OR131,Male,B2,RES,CC2,B2|sys.4|CC2,4,3,FALSE,43132.5899999142,258,124,21.5336013905459,0.301049260755502,1.98361990839325,0.491935483870968,2.08064516129032,3.33333333333333,0.595364775612003
OR131,Male,B2,RES,CC3,B2|sys.2|CC3,4,3,FALSE,43191.8619999886,320,116,26.6716910699591,0.206189767871389,2.44490193738101,0.318965517241379,2.75862068965517,1.66666666666667,0.595364775612003
OR131,Male,B2,RES,CC4,B2|sys.2|CC4,4,3,FALSE,43125.5889999867,405,153,33.8082339003057,0.218675034583018,2.45449445729969,0.398692810457516,2.64705882352941,1.58333333333333,0.595364775612003
OR134,Male,B2,RES,CC1,B2|sys.3|CC1,4,3,FALSE,43156.0590000153,188,101,15.682618285413,0.366471028621923,2.06475124047078,0.504950495049505,1.86138613861386,2.66666666666667,-0.42633571795095
OR134,Male,B2,RES,CC2,B2|sys.3|CC2,4,3,FALSE,43132.5899999142,268,133,22.3682371033578,0.250464308633258,2.22623710345247,0.473684210526316,2.01503759398496,2.33333333333333,-0.42633571795095
OR134,Male,B2,RES,CC3,B2|sys.1|CC3,4,3,FALSE,43191.8619999886,330,124,27.5051814158953,0.171485074355067,2.25397555118824,0.387096774193548,2.66129032258065,3.66666666666667,-0.42633571795095
OR134,Male,B2,RES,CC4,B2|sys.3|CC4,4,3,FALSE,43125.5889999867,334,160,27.8813583276595,0.260807753844636,2.41060562733927,0.4625,2.0875,2,-0.42633571795095
OR135,Male,B2,RES,CC1,B2|sys.5|CC1,4,3,FALSE,43156.0590000153,256,96,21.3550546865198,0.356454281429494,1.87736959628687,0.385416666666667,2.66666666666667,2,0.781922056997101
OR135,Male,B2,RES,CC2,B2|sys.5|CC2,4,3,FALSE,43132.5899999142,288,128,24.0375085289815,0.250428581584922,2.28493903644275,0.453125,2.25,2.5,0.781922056997101
OR135,Male,B2,RES,CC3,B2|sys.4|CC3,4,3,FALSE,43191.8619999886,274,123,22.8376354786525,0.348413689593713,2.07332274191404,0.463414634146342,2.22764227642276,3,0.781922056997101
OR135,Male,B2,RES,CC4,B2|sys.5|CC4,4,3,FALSE,43125.5889999867,374,157,31.2204431573194,0.30596429264074,1.94083772561235,0.445859872611465,2.38216560509554,2.66666666666667,0.781922056997101
OR138,Male,B2,RES,CC1,B2|sys.1|CC1,4,3,FALSE,43156.0590000153,114,62,9.50967279009084,0.243924759985025,2.19239898818155,0.419354838709677,1.83870967741935,1.16666666666667,0.234467880404653
OR138,Male,B2,RES,CC2,B2|sys.4|CC2,4,3,FALSE,43132.5899999142,202,104,16.8596413987995,0.241408372039008,2.33131410441413,0.480769230769231,1.94230769230769,4.83333333333333,0.234467880404653
OR138,Male,B2,RES,CC3,B2|sys.1|CC3,4,3,FALSE,43191.8619999886,243,109,20.2538154062502,0.321262702989018,2.09004567919356,0.467889908256881,2.22935779816514,3.83333333333333,0.234467880404653
OR138,Male,B2,RES,CC4,B2|sys.5|CC4,4,3,FALSE,43125.5889999867,318,107,26.5457243957956,0.324782516779814,2.08316156914528,0.336448598130841,2.97196261682243,3,0.234467880404653
OR139,Male,B2,RES,CC1,B2|sys.2|CC1,4,3,FALSE,43156.0590000153,136,64,11.3448728022136,0.126493261739761,1.95216282525691,0.328125,2.125,1.33333333333333,1.26774708093852
OR139,Male,B2,RES,CC2,B2|sys.1|CC2,4,3,FALSE,43132.5899999142,205,112,17.1100321126431,0.327417868169822,2.04042807816817,0.517857142857143,1.83035714285714,2.41666666666667,1.26774708093852
OR139,Male,B2,RES,CC3,B2|sys.4|CC3,4,3,FALSE,43191.8619999886,224,116,18.6701837489714,0.393242219254599,1.88878661151721,0.53448275862069,1.93103448275862,3.83333333333333,1.26774708093852
OR139,Male,B2,RES,CC4,B2|sys.3|CC4,4,3,FALSE,43125.5889999867,306,143,25.5439989468977,0.185251375167035,2.42879343108566,0.426573426573427,2.13986013986014,2.66666666666667,1.26774708093852
OR140,Male,B2,RES,CC1,B2|sys.3|CC1,4,3,FALSE,43156.0590000153,187,103,15.5992001030437,0.375079360228493,2.26712473004415,0.621359223300971,1.81553398058252,3.83333333333333,1.08703785401613
OR140,Male,B2,RES,CC2,B2|sys.5|CC2,4,3,FALSE,43132.5899999142,248,110,20.6989656777341,0.315148220870261,2.03376914320594,0.390909090909091,2.25454545454545,5.16666666666667,1.08703785401613
OR140,Male,B2,RES,CC3,B2|sys.5|CC3,4,3,FALSE,43191.8619999886,238,102,19.8370702332821,0.243687448970566,2.14878534403896,0.42156862745098,2.33333333333333,4.75,1.08703785401613
OR140,Male,B2,RES,CC4,B2|sys.2|CC4,4,3,FALSE,43125.5889999867,261,142,21.7875285135304,0.16269275765621,2.1404158409721,0.598591549295775,1.83802816901408,3.41666666666667,1.08703785401613
OR141,Male,B2,RES,CC1,B2|sys.5|CC1,4,3,FALSE,43156.0590000153,200,87,16.6836364738436,0.336924509260333,2.12203590623844,0.32183908045977,2.29885057471264,1.66666666666667,1.6495714850694
OR141,Male,B2,RES,CC2,B2|sys.3|CC2,4,3,FALSE,43132.5899999142,273,121,22.7855549597637,0.199502039328287,2.56745464847356,0.462809917355372,2.25619834710744,3.33333333333333,1.6495714850694
OR141,Male,B2,RES,CC3,B2|sys.2|CC3,4,3,TRUE,43191.8619999886,309,113,25.7548516894292,0.145753822794422,2.53656685465912,0.424778761061947,2.73451327433628,4.25,1.6495714850694
OR141,Male,B2,RES,CC4,B2|sys.4|CC4,4,3,FALSE,43125.5889999867,303,129,25.2935675846732,0.162409275533062,2.3989028590358,0.48062015503876,2.34883720930233,2.5,1.6495714850694
OR413,Female,B3,CON,CC1,B3|sys.3|CC1,4,3,FALSE,43134.3559999466,274,107,22.868082231278,0.319611394383154,2.12696775865965,0.420560747663551,2.5607476635514,3.16666666666667,0.274921809196741
OR413,Female,B3,CON,CC2,B3|sys.2|CC2,4,3,FALSE,43136.6640000343,272,110,22.6999473116238,0.277036436264358,2.28985140994249,0.345454545454545,2.47272727272727,2.16666666666667,0.274921809196741
OR413,Female,B3,CON,CC3,B3|sys.4|CC3,4,3,FALSE,43161.5629999638,267,125,22.2698144643373,0.220225697888684,1.96286310577381,0.552,2.136,4,0.274921809196741
OR413,Female,B3,CON,CC4,B3|sys.1|CC4,4,3,FALSE,43138.7409999371,297,119,24.7851461404857,0.291280815691557,2.10425469632118,0.352941176470588,2.49579831932773,3.08333333333333,0.274921809196741
OR414,Female,B3,CON,CC1,B3|sys.3|CC1,4,3,FALSE,43134.3559999466,264,130,22.0334806899905,0.153428371582166,2.44779687108138,0.515384615384615,2.03076923076923,3,0.269081723406395
OR414,Female,B3,CON,CC2,B3|sys.2|CC2,4,3,FALSE,43136.6640000343,254,118,21.1977449160017,0.23402480389596,2.14126188784627,0.474576271186441,2.15254237288136,1.66666666666667,0.269081723406395
OR414,Female,B3,CON,CC3,B3|sys.4|CC3,4,3,FALSE,43161.5629999638,324,145,27.0240445185217,0.167940998815948,2.12338838758016,0.531034482758621,2.23448275862069,2.33333333333333,0.269081723406395
OR414,Female,B3,CON,CC4,B3|sys.1|CC4,4,3,FALSE,43138.7409999371,399,172,33.2972165321676,0.222105562458896,2.70949323915888,0.494186046511628,2.31976744186047,2.16666666666667,0.269081723406395
OR415,Female,B3,CON,CC1,B3|sys.3|CC1,4,3,FALSE,43134.3559999466,251,107,20.9484986863167,0.304076461311821,1.8448832475596,0.429906542056075,2.34579439252336,2.16666666666667,-0.426671159937745
OR415,Female,B3,CON,CC2,B3|sys.2|CC2,4,3,FALSE,43136.6640000343,322,132,26.8727317439076,0.208599819710996,2.25226219013557,0.371212121212121,2.43939393939394,2.91666666666667,-0.426671159937745
OR415,Female,B3,CON,CC3,B3|sys.4|CC3,4,3,FALSE,43161.5629999638,404,162,33.6966481033419,0.241003845644388,2.5201311134944,0.407407407407407,2.49382716049383,2.5,-0.426671159937745
OR415,Female,B3,CON,CC4,B3|sys.1|CC4,4,3,FALSE,43138.7409999371,434,176,36.2180249999016,0.282419816864466,2.34206756547357,0.420454545454546,2.46590909090909,5.25,-0.426671159937745
OR416,Female,B3,CON,CC1,B3|sys.3|CC1,4,3,FALSE,43134.3559999466,202,85,16.8589511340079,0.298375491377704,1.98500891703321,0.458823529411765,2.37647058823529,1,-0.0585571140439505
OR416,Female,B3,CON,CC2,B3|sys.2|CC2,4,3,FALSE,43136.6640000343,296,105,24.7028838391201,0.243752831686986,2.4489357166224,0.304761904761905,2.81904761904762,0.333333333333333,-0.0585571140439505
OR416,Female,B3,CON,CC3,B3|sys.4|CC3,4,3,FALSE,43161.5629999638,232,98,19.3505503959785,0.276827339809171,2.15840619703267,0.397959183673469,2.36734693877551,1.16666666666667,-0.0585571140439505
OR416,Female,B3,CON,CC4,B3|sys.1|CC4,4,3,FALSE,43138.7409999371,250,119,20.8629176266714,0.185223115337304,2.05358549683672,0.487394957983193,2.10084033613445,1.5,-0.0585571140439505
OR419,Female,B3,RES,CC1,B3|sys.1|CC1,4,3,FALSE,43134.3559999466,383,162,31.965239031312,0.277999104329669,2.43377632468791,0.487654320987654,2.3641975308642,1.25,0.652539690649005
OR419,Female,B3,RES,CC2,B3|sys.1|CC2,4,3,FALSE,43136.6640000343,311,144,25.9547191688052,0.311361505993226,2.01811289260703,0.416666666666667,2.15972222222222,1.91666666666667,0.652539690649005
OR419,Female,B3,RES,CC3,B3|sys.3|CC3,4,3,FALSE,43161.5629999638,286,155,23.8545578157321,0.259425050642451,2.39951136260474,0.561290322580645,1.84516129032258,1.5,0.652539690649005
OR419,Female,B3,RES,CC4,B3|sys.2|CC4,4,3,FALSE,43138.7409999371,295,140,24.6182427994723,0.197231316194754,2.50344235630948,0.392857142857143,2.10714285714286,1.75,0.652539690649005
OR420,Female,B3,SUS,CC1,B3|sys.2|CC1,4,3,FALSE,43134.3559999466,278,114,23.201922847793,0.265606616065029,2.32544356776698,0.482456140350877,2.43859649122807,1.91666666666667,-0.519520369886668
OR420,Female,B3,SUS,CC2,B3|sys.5|CC2,4,3,FALSE,43136.6640000343,266,111,22.1992131797498,0.302228980894908,2.14200033238673,0.414414414414414,2.3963963963964,2.33333333333333,-0.519520369886668
OR420,Female,B3,SUS,CC3,B3|sys.1|CC3,4,3,FALSE,43161.5629999638,427,144,35.6150216339777,0.256867674911141,2.07563941734907,0.298611111111111,2.96527777777778,3.41666666666667,-0.519520369886668
OR420,Female,B3,SUS,CC4,B3|sys.2|CC4,4,3,FALSE,43138.7409999371,299,131,24.952049481499,0.229500006349368,2.1493725218721,0.50381679389313,2.2824427480916,2.08333333333333,-0.519520369886668
OR424,Female,B3,RES,CC1,B3|sys.1|CC1,4,3,FALSE,43134.3559999466,304,118,25.3718868551406,0.2714184257329,2.07019874062316,0.432203389830509,2.57627118644068,0.5,-0.243254728313602
OR424,Female,B3,RES,CC2,B3|sys.3|CC2,4,3,FALSE,43136.6640000343,234,123,19.5286311430882,0.347126201817397,2.12112272520465,0.520325203252033,1.90243902439024,0.583333333333333,-0.243254728313602
OR424,Female,B3,RES,CC3,B3|sys.1|CC3,4,3,FALSE,43161.5629999638,293,140,24.4384106294039,0.279556226145276,2.01239101165634,0.457142857142857,2.09285714285714,0.583333333333333,-0.243254728313602
OR424,Female,B3,RES,CC4,B3|sys.5|CC4,4,3,FALSE,43138.7409999371,291,131,24.2844361174455,0.185028286600327,2.27339336145674,0.404580152671756,2.22137404580153,0.75,-0.243254728313602
OR425,Female,B3,RES,CC1,B3|sys.2|CC1,4,3,FALSE,43134.3559999466,258,112,21.532719765218,0.275008873828431,2.32321695916549,0.464285714285714,2.30357142857143,0.5,0.169029084074611
OR425,Female,B3,RES,CC2,B3|sys.4|CC2,4,3,FALSE,43136.6640000343,136,69,11.3499736558119,0.357406822171775,1.58758596317276,0.492753623188406,1.97101449275362,0.333333333333333,0.169029084074611
OR425,Female,B3,RES,CC3,B3|sys.3|CC3,4,3,FALSE,43161.5629999638,252,97,21.0187012921836,0.190693186906631,1.93894446539818,0.34020618556701,2.5979381443299,0.333333333333333,0.169029084074611
OR425,Female,B3,RES,CC4,B3|sys.5|CC4,4,3,FALSE,43138.7409999371,227,93,18.9435292050177,0.143281542061099,2.32039953620838,0.333333333333333,2.44086021505376,0.166666666666667,0.169029084074611
OR426,Female,B3,SUS,CC1,B3|sys.5|CC1,4,3,FALSE,43134.3559999466,264,111,22.0334806899905,0.262797215902158,2.13681251945192,0.414414414414414,2.37837837837838,7.83333333333333,-0.344220559499236
OR426,Female,B3,SUS,CC2,B3|sys.5|CC2,4,3,FALSE,43136.6640000343,264,98,22.0323018024584,0.287538809211215,2.17513482500383,0.397959183673469,2.69387755102041,8.25,-0.344220559499236
OR426,Female,B3,SUS,CC3,B3|sys.2|CC3,4,3,FALSE,43161.5629999638,265,117,22.1029993747168,0.351140349878337,2.30404423160787,0.47008547008547,2.26495726495727,6.58333333333333,-0.344220559499236
OR426,Female,B3,SUS,CC4,B3|sys.5|CC4,4,3,FALSE,43138.7409999371,308,136,25.7031145160592,0.185691596012032,2.21919863172632,0.433823529411765,2.26470588235294,7.91666666666667,-0.344220559499236
OR428,Female,B3,SUS,CC1,B3|sys.1|CC1,4,3,FALSE,43134.3559999466,520,171,43.399280146951,0.184803037288938,2.43461496012501,0.368421052631579,3.04093567251462,3.16666666666667,-1.61179141387004
OR428,Female,B3,SUS,CC2,B3|sys.4|CC2,4,3,FALSE,43136.6640000343,316,136,26.3719976120336,0.316179789252312,2.00309140531959,0.419117647058824,2.32352941176471,2.16666666666667,-1.61179141387004
OR428,Female,B3,SUS,CC3,B3|sys.2|CC3,4,3,FALSE,43161.5629999638,372,178,31.0276066694138,0.317095714698361,2.49254167399428,0.51685393258427,2.08988764044944,3,-1.61179141387004
OR428,Female,B3,SUS,CC4,B3|sys.3|CC4,4,3,FALSE,43138.7409999371,470,187,39.2222851381423,0.283620987754278,2.34529943174184,0.422459893048128,2.51336898395722,1.66666666666667,-1.61179141387004
OR429,Female,B3,RES,CC1,B3|sys.4|CC1,4,3,FALSE,43134.3559999466,350,145,29.2110539450632,0.314347740191212,2.12421566872409,0.413793103448276,2.41379310344828,0.5,0.020705469656809
OR429,Female,B3,RES,CC2,B3|sys.4|CC2,4,3,FALSE,43136.6640000343,345,121,28.7922125827582,0.320834878018266,2.3466400550019,0.454545454545455,2.85123966942149,0.166666666666667,0.020705469656809
OR429,Female,B3,RES,CC3,B3|sys.1|CC3,4,3,FALSE,43161.5629999638,386,142,32.1953122967573,0.263358774423116,2.04553935780683,0.380281690140845,2.71830985915493,0.333333333333333,0.020705469656809
OR429,Female,B3,RES,CC4,B3|sys.4|CC4,4,3,FALSE,43138.7409999371,380,149,31.7116347925406,0.264145995031984,2.34379689284964,0.463087248322148,2.5503355704698,0.166666666666667,0.020705469656809
OR430,Female,B3,RES,CC1,B3|sys.5|CC1,4,3,FALSE,43134.3559999466,309,121,25.7891876257844,0.24140334911245,2.33778251915086,0.413223140495868,2.55371900826446,0.75,-0.25090880466534
OR430,Female,B3,RES,CC2,B3|sys.4|CC2,4,3,FALSE,43136.6640000343,235,124,19.6120868317338,0.198721988930008,2.05973448818747,0.532258064516129,1.89516129032258,0.75,-0.25090880466534
OR430,Female,B3,RES,CC3,B3|sys.5|CC3,4,3,FALSE,43161.5629999638,304,146,25.3558936223167,0.335262179139396,2.10566859285505,0.541095890410959,2.08219178082192,0.333333333333333,-0.25090880466534
OR430,Female,B3,RES,CC4,B3|sys.2|CC4,4,3,FALSE,43138.7409999371,351,141,29.2915363478467,0.185468880523482,2.14997930769918,0.382978723404255,2.48936170212766,0.583333333333333,-0.25090880466534
OR432,Female,B3,SUS,CC1,B3|sys.1|CC1,4,3,FALSE,43134.3559999466,414,131,34.5525038093033,0.282093945415773,2.12267301150812,0.351145038167939,3.16030534351145,2.5,-1.31481454428764
OR432,Female,B3,SUS,CC2,B3|sys.5|CC2,4,3,FALSE,43136.6640000343,226,99,18.8609856339227,0.336770061766367,1.84981341056546,0.424242424242424,2.28282828282828,2.66666666666667,-1.31481454428764
OR432,Female,B3,SUS,CC3,B3|sys.5|CC3,4,3,FALSE,43161.5629999638,300,120,25.0222634430757,0.279256128882384,1.93355758992788,0.358333333333333,2.5,1.5,-1.31481454428764
OR432,Female,B3,SUS,CC4,B3|sys.4|CC4,4,3,FALSE,43138.7409999371,286,121,23.8671777649121,0.316956630699874,1.9904276347105,0.355371900826446,2.36363636363636,1.5,-1.31481454428764
OR433,Female,B3,SUS,CC1,B3|sys.4|CC1,4,3,FALSE,43134.3559999466,314,120,26.2064883964281,0.193474941431394,1.78184650587439,0.333333333333333,2.61666666666667,0.5,-0.383156726286367
OR433,Female,B3,SUS,CC2,B3|sys.5|CC2,4,3,FALSE,43136.6640000343,272,94,22.6999473116238,0.341284682242888,1.76981578521067,0.319148936170213,2.8936170212766,1,-0.383156726286367
OR433,Female,B3,SUS,CC3,B3|sys.3|CC3,4,3,FALSE,43161.5629999638,238,110,19.85099566484,0.300727223431748,1.93505218552255,0.372727272727273,2.16363636363636,1,-0.383156726286367
OR433,Female,B3,SUS,CC4,B3|sys.3|CC4,4,3,FALSE,43138.7409999371,178,88,14.8543973501901,0.263672484101621,1.59891909524492,0.420454545454546,2.02272727272727,0.333333333333333,-0.383156726286367
OR434,Female,B3,RES,CC1,B3|sys.5|CC1,4,3,FALSE,43134.3559999466,433,143,36.1382467377496,0.195220209166921,2.20961349124627,0.293706293706294,3.02797202797203,1.08333333333333,-0.227484714090517
OR434,Female,B3,RES,CC2,B3|sys.3|CC2,4,3,FALSE,43136.6640000343,340,154,28.3749341395298,0.297839373946977,2.16661659093949,0.480519480519481,2.20779220779221,1.66666666666667,-0.227484714090517
OR434,Female,B3,RES,CC3,B3|sys.3|CC3,4,3,FALSE,43161.5629999638,278,125,23.1872974572501,0.278951614115944,1.81373462825555,0.448,2.224,0.666666666666667,-0.227484714090517
OR434,Female,B3,RES,CC4,B3|sys.4|CC4,4,3,FALSE,43138.7409999371,266,117,22.1981443547784,0.314190400998625,1.76726576029326,0.435897435897436,2.27350427350427,0.5,-0.227484714090517
OR436,Female,B3,SUS,CC1,B3|sys.2|CC1,4,3,FALSE,43134.3559999466,244,114,20.3642776074155,0.245728949799242,1.96704489481392,0.464912280701754,2.14035087719298,0.166666666666667,-0.426502131517557
OR436,Female,B3,SUS,CC2,B3|sys.3|CC2,4,3,FALSE,43136.6640000343,273,114,22.7834030002695,0.230555535462788,1.90694586094441,0.394736842105263,2.39473684210526,0.916666666666667,-0.426502131517557
OR436,Female,B3,SUS,CC3,B3|sys.5|CC3,4,3,FALSE,43161.5629999638,306,111,25.5227087119372,0.300718427025411,1.7851821731863,0.324324324324324,2.75675675675676,1.83333333333333,-0.426502131517557
OR436,Female,B3,SUS,CC4,B3|sys.3|CC4,4,3,FALSE,43138.7409999371,320,131,26.7045345621394,0.307024970142469,1.88600146875136,0.267175572519084,2.44274809160305,0.666666666666667,-0.426502131517557
OR437,Female,B3,RES,CC1,B3|sys.4|CC1,4,3,FALSE,43134.3559999466,372,151,31.0471773358957,0.208258083968759,2.56081810045055,0.470198675496689,2.4635761589404,2.66666666666667,0.226528359990831
OR437,Female,B3,RES,CC2,B3|sys.1|CC2,4,3,FALSE,43136.6640000343,298,132,24.8697952164114,0.322433062207926,1.91500563995519,0.393939393939394,2.25757575757576,4.16666666666667,0.226528359990831
OR437,Female,B3,RES,CC3,B3|sys.5|CC3,4,3,FALSE,43161.5629999638,266,133,22.1864069195271,0.334519890616162,2.03630560226994,0.503759398496241,2,3,0.226528359990831
OR437,Female,B3,RES,CC4,B3|sys.5|CC4,4,3,FALSE,43138.7409999371,250,112,20.8629176266714,0.191085633830368,2.51012392413017,0.473214285714286,2.23214285714286,2.83333333333333,0.226528359990831
OR529,Female,B4,SUS,CC1,B4|sys.2|CC1,4,3,FALSE,43186.1119999886,281,127,23.424197112263,0.244401649305518,2.4666894276983,0.393700787401575,2.21259842519685,3.41666666666667,-0.646417507112976
OR529,Female,B4,SUS,CC2,B4|sys.5|CC2,4,3,FALSE,43142.6689999104,297,149,24.782889533381,0.279357071460588,2.11698666665629,0.483221476510067,1.99328859060403,2.75,-0.646417507112976
OR529,Female,B4,SUS,CC3,B4|sys.4|CC3,4,3,FALSE,43129.1579999924,398,176,33.2211447299818,0.209053242678849,2.65125261259573,0.454545454545455,2.26136363636364,3,-0.646417507112976
OR529,Female,B4,SUS,CC4,B4|sys.5|CC4,4,3,FALSE,43187.2790000439,335,137,27.9248896416645,0.282226918398753,1.97795398691708,0.408759124087591,2.44525547445255,2.16666666666667,-0.646417507112976
OR530,Female,B4,RES,CC1,B4|sys.4|CC1,4,3,FALSE,43186.1119999886,362,150,30.176367810104,0.390920094871452,1.9425444720973,0.486666666666667,2.41333333333333,0.166666666666667,-0.148355912360246
OR530,Female,B4,RES,CC2,B4|sys.1|CC2,4,3,FALSE,43142.6689999104,342,165,28.5378727960145,0.224630253335457,2.24407369022851,0.533333333333333,2.07272727272727,1.08333333333333,-0.148355912360246
OR530,Female,B4,RES,CC3,B4|sys.3|CC3,4,3,FALSE,43129.1579999924,378,148,31.5517404721938,0.28691428816191,2.05104799768852,0.398648648648649,2.55405405405405,0.666666666666667,-0.148355912360246
OR530,Female,B4,RES,CC4,B4|sys.2|CC4,4,3,FALSE,43187.2790000439,324,138,27.0079529668636,0.291680875144046,2.13118705214176,0.376811594202899,2.34782608695652,0.5,-0.148355912360246
OR531,Female,B4,RES,CC1,B4|sys.5|CC1,4,3,FALSE,43186.1119999886,194,92,16.1718656219894,0.343966751771265,2.00784428735675,0.41304347826087,2.10869565217391,3.16666666666667,-0.0183989432175988
OR531,Female,B4,RES,CC2,B4|sys.3|CC2,4,3,FALSE,43142.6689999104,260,114,21.6954588507713,0.156626185249183,2.07288456142329,0.535087719298246,2.28070175438597,6.16666666666667,-0.0183989432175988
OR531,Female,B4,RES,CC3,B4|sys.1|CC3,4,3,FALSE,43129.1579999924,274,124,22.870838331696,0.231553202738341,2.40256516286843,0.451612903225806,2.20967741935484,2.83333333333333,-0.0183989432175988
OR531,Female,B4,RES,CC4,B4|sys.3|CC4,4,3,FALSE,43187.2790000439,437,159,36.4273933534549,0.191534440810021,2.32376637630243,0.352201257861635,2.74842767295598,6.66666666666667,-0.0183989432175988
OR537,Female,B4,CON,CC1,B4|sys.3|CC1,4,3,FALSE,43186.1119999886,332,130,27.6755638479407,0.30601432700981,2.21520006269944,0.415384615384615,2.55384615384615,0.5,-0.368435794884884
OR537,Female,B4,CON,CC2,B4|sys.2|CC2,4,3,FALSE,43142.6689999104,278,130,23.1974521558247,0.157662073863016,2.48528388493241,0.5,2.13846153846154,0.166666666666667,-0.368435794884884
OR537,Female,B4,CON,CC3,B4|sys.5|CC3,4,3,FALSE,43129.1579999924,318,148,26.5435276988297,0.273725523082735,2.22288183242674,0.466216216216216,2.14864864864865,0.833333333333333,-0.368435794884884
OR537,Female,B4,CON,CC4,B4|sys.4|CC4,4,3,FALSE,43187.2790000439,326,128,27.1746687259183,0.258522453645199,2.25550811449992,0.359375,2.546875,0.333333333333333,-0.368435794884884
OR538,Female,B4,CON,CC1,B4|sys.3|CC1,4,3,FALSE,43186.1119999886,244,108,20.339872225595,0.337421731006128,2.16158210856273,0.472222222222222,2.25925925925926,0.5,0.548614312216395
OR538,Female,B4,CON,CC2,B4|sys.2|CC2,4,3,FALSE,43142.6689999104,210,96,17.5232552256229,0.234905850012302,2.38932971727048,0.395833333333333,2.1875,0,0.548614312216395
OR538,Female,B4,CON,CC3,B4|sys.5|CC3,4,3,FALSE,43129.1579999924,208,111,17.3618042809955,0.276672469864441,2.26003655975976,0.477477477477478,1.87387387387387,0,0.548614312216395
OR538,Female,B4,CON,CC4,B4|sys.4|CC4,4,3,FALSE,43187.2790000439,261,139,21.7564065566401,0.35456237779575,2.17940651925839,0.553956834532374,1.87769784172662,0.25,0.548614312216395
OR539,Female,B4,CON,CC1,B4|sys.3|CC1,4,3,FALSE,43186.1119999886,332,120,27.6755638479407,0.300918745974002,2.42603717055772,0.425,2.76666666666667,0.5,-0.19318953090096
OR539,Female,B4,CON,CC2,B4|sys.2|CC2,4,3,FALSE,43142.6689999104,208,109,17.356367080617,0.27818937210496,2.20591373602884,0.532110091743119,1.90825688073395,0.333333333333333,-0.19318953090096
OR539,Female,B4,CON,CC3,B4|sys.5|CC3,4,3,FALSE,43129.1579999924,216,100,18.0295659841107,0.275020617531294,2.20831939583094,0.47,2.16,0,-0.19318953090096
OR539,Female,B4,CON,CC4,B4|sys.4|CC4,4,3,FALSE,43187.2790000439,232,105,19.3390280503468,0.37985695588196,1.76092606023151,0.447619047619048,2.20952380952381,0,-0.19318953090096
OR540,Female,B4,CON,CC1,B4|sys.3|CC1,4,3,FALSE,43186.1119999886,264,103,22.0070748670372,0.333133847887543,2.07162403515809,0.378640776699029,2.56310679611651,0.666666666666667,0.218704036709845
OR540,Female,B4,CON,CC2,B4|sys.2|CC2,4,3,FALSE,43142.6689999104,202,94,16.8557026455992,0.197877017453586,2.24210379187567,0.563829787234043,2.14893617021277,0.333333333333333,0.218704036709845
OR540,Female,B4,CON,CC3,B4|sys.5|CC3,4,3,FALSE,43129.1579999924,227,91,18.9477383258942,0.277050736762281,2.15614798148574,0.351648351648352,2.49450549450549,0.25,0.218704036709845
OR540,Female,B4,CON,CC4,B4|sys.4|CC4,4,3,FALSE,43187.2790000439,218,101,18.1720177369638,0.425951416539149,1.78484535285083,0.485148514851485,2.15841584158416,0,0.218704036709845
OR550,Female,B4,SUS,CC1,B4|sys.1|CC1,3,2,FALSE,43186.1119999886,379,151,31.5934900553299,0.280518619043604,2.26001545976767,0.450331125827815,2.50993377483444,4.33333333333333,-0.790004246247856
OR550,Female,B4,SUS,CC2,B4|sys.1|CC2,4,3,FALSE,43142.6689999104,280,140,23.3643403008306,0.227275399518966,2.20656167498071,0.521428571428571,2,2.83333333333333,-0.790004246247856
OR550,Female,B4,SUS,CC3,B4|sys.1|CC3,4,3,FALSE,43129.1579999924,366,146,30.550097917521,0.221441103330376,2.3628228974037,0.438356164383562,2.50684931506849,4.5,-0.790004246247856
OR550,Female,B4,SUS,CC4,B4|sys.5|CC4,4,3,FALSE,43187.2790000439,406,165,33.8432990881068,0.196439388218412,2.5736371275231,0.387878787878788,2.46060606060606,3.66666666666667,-0.790004246247856
OR551,Female,B4,SUS,CC1,B4|sys.2|CC1,4,3,FALSE,43186.1119999886,308,130,25.67492067821,0.152079083500495,2.43023227542091,0.415384615384615,2.36923076923077,5,-0.561066369633397
OR551,Female,B4,SUS,CC2,B4|sys.3|CC2,4,3,FALSE,43142.6689999104,500,157,41.7220362514832,0.224139053610205,2.44537201327316,0.369426751592357,3.18471337579618,5.16666666666667,-0.561066369633397
OR551,Female,B4,SUS,CC3,B4|sys.3|CC3,4,3,FALSE,43129.1579999924,403,170,33.6384957944288,0.309848672053314,2.01679446010845,0.429411764705882,2.37058823529412,4.91666666666667,-0.561066369633397
OR551,Female,B4,SUS,CC4,B4|sys.1|CC4,3,2,FALSE,43187.2790000439,779,200,64.9357881518109,0.154203035112348,2.75495384108695,0.325,3.895,5.83333333333333,-0.561066369633397
OR552,Female,B4,SUS,CC1,B4|sys.4|CC1,4,3,FALSE,43186.1119999886,300,137,25.0080396216331,0.375384714727083,1.94486059468159,0.445255474452555,2.18978102189781,2.16666666666667,-0.710688108166501
OR552,Female,B4,SUS,CC2,B4|sys.4|CC2,3,2,FALSE,43142.6689999104,198,86,16.5219263555873,0.292803732179513,2.20361674329868,0.418604651162791,2.30232558139535,2.16666666666667,-0.710688108166501
OR552,Female,B4,SUS,CC3,B4|sys.4|CC3,4,3,FALSE,43129.1579999924,242,98,20.1997915192352,0.263034835975143,2.15153847221634,0.377551020408163,2.46938775510204,3,-0.710688108166501
OR552,Female,B4,SUS,CC4,B4|sys.3|CC4,4,3,FALSE,43187.2790000439,314,144,26.17437417159,0.269243295767912,2.15936049984421,0.430555555555556,2.18055555555556,2.33333333333333,-0.710688108166501
OR553,Female,B4,RES,CC1,B4|sys.1|CC1,3,2,FALSE,43186.1119999886,256,102,21.3401938104603,0.182019187099216,2.27773604237188,0.372549019607843,2.50980392156863,0.5,-0.103064375500667
OR553,Female,B4,RES,CC2,B4|sys.5|CC2,4,3,FALSE,43142.6689999104,207,107,17.272923008114,0.338396974621535,1.79325773501504,0.542056074766355,1.93457943925234,0.0833333333333333,-0.103064375500667
OR553,Female,B4,RES,CC3,B4|sys.3|CC3,4,3,FALSE,43129.1579999924,230,118,19.1981489645624,0.305517487725949,2.23128900171156,0.559322033898305,1.94915254237288,0,-0.103064375500667
OR553,Female,B4,RES,CC4,B4|sys.3|CC4,4,3,FALSE,43187.2790000439,412,195,34.343446365271,0.213522150035635,2.52540545734154,0.497435897435897,2.11282051282051,0.833333333333333,-0.103064375500667
OR554,Female,B4,RES,CC1,B4|sys.2|CC1,4,3,FALSE,43186.1119999886,288,127,24.0077180367678,0.237839238679403,2.12147422521559,0.488188976377953,2.26771653543307,1.5,0.0756796561874309
OR554,Female,B4,RES,CC2,B4|sys.4|CC2,3,2,FALSE,43142.6689999104,314,143,26.2014387659315,0.304065344208802,2.25479688851154,0.503496503496504,2.1958041958042,0.666666666666667,0.0756796561874309
OR554,Female,B4,RES,CC3,B4|sys.1|CC3,4,3,FALSE,43129.1579999924,540,180,45.0739149602769,0.237489998461088,2.56430753735847,0.327777777777778,3,1.16666666666667,0.0756796561874309
OR554,Female,B4,RES,CC4,B4|sys.2|CC4,4,3,FALSE,43187.2790000439,426,153,35.510456678654,0.269400525714928,2.21673888251196,0.34640522875817,2.7843137254902,2.83333333333333,0.0756796561874309
OR555,Female,B4,SUS,CC1,B4|sys.4|CC1,4,3,FALSE,43186.1119999886,298,136,24.8413193574889,0.229112266456837,2.14471501742934,0.566176470588235,2.19117647058824,0.833333333333333,-1.13545314084055
OR555,Female,B4,SUS,CC2,B4|sys.3|CC2,4,3,FALSE,43142.6689999104,228,120,19.0252485306763,0.237247885610225,2.27604534286001,0.55,1.9,1.33333333333333,-1.13545314084055
OR555,Female,B4,SUS,CC3,B4|sys.2|CC3,3,2,FALSE,43129.1579999924,252,120,21.0344936481292,0.211657447612557,2.26710618823998,0.441666666666667,2.1,1,-1.13545314084055
OR555,Female,B4,SUS,CC4,B4|sys.5|CC4,4,3,FALSE,43187.2790000439,304,127,25.3407953763164,0.247145476948649,2.01741460240428,0.425196850393701,2.39370078740158,1.16666666666667,-1.13545314084055
OR556,Female,B4,SUS,CC1,B4|sys.5|CC1,4,3,FALSE,43186.1119999886,300,130,25.0080396216331,0.286865447229879,2.05345762732009,0.530769230769231,2.30769230769231,2.83333333333333,-0.678817876495425
OR556,Female,B4,SUS,CC2,B4|sys.1|CC2,4,3,FALSE,43142.6689999104,244,140,20.3603536907238,0.255194580869117,2.22133219999015,0.578571428571429,1.74285714285714,5.16666666666667,-0.678817876495425
OR556,Female,B4,SUS,CC3,B4|sys.4|CC3,4,3,FALSE,43129.1579999924,391,181,32.636853239756,0.261155426845235,2.25770170799765,0.513812154696133,2.16022099447514,6.75,-0.678817876495425
OR556,Female,B4,SUS,CC4,B4|sys.1|CC4,3,2,FALSE,43187.2790000439,589,196,49.0977910416131,0.19738248616904,2.74923196178554,0.38265306122449,3.00510204081633,6,-0.678817876495425
OR559,Female,B4,RES,CC1,B4|sys.1|CC1,3,2,FALSE,43186.1119999886,260,115,21.6736343387487,0.263292131968966,1.99528842553475,0.495652173913044,2.26086956521739,2.16666666666667,0.177821900295525
OR559,Female,B4,RES,CC2,B4|sys.3|CC2,4,3,FALSE,43142.6689999104,192,115,16.0212619205695,0.281376371663575,1.71024384283619,0.6,1.6695652173913,1,0.177821900295525
OR559,Female,B4,RES,CC3,B4|sys.4|CC3,4,3,FALSE,43129.1579999924,270,141,22.5369574801384,0.22829703748128,2.35504749873236,0.48936170212766,1.91489361702128,2.25,0.177821900295525
OR559,Female,B4,RES,CC4,B4|sys.2|CC4,4,3,FALSE,43187.2790000439,284,144,23.6736377857693,0.22801989138642,2.31782021336406,0.548611111111111,1.97222222222222,2.83333333333333,0.177821900295525
OR560,Female,B4,RES,CC1,B4|sys.2|CC1,4,3,FALSE,43186.1119999886,248,119,20.6733127538834,0.233765830388962,2.25499508330478,0.512605042016807,2.08403361344538,3.33333333333333,0.741356856234064
OR560,Female,B4,RES,CC2,B4|sys.1|CC2,4,3,FALSE,43142.6689999104,271,127,22.6133436483039,0.239060530386779,2.14780120912577,0.47244094488189,2.13385826771654,3.33333333333333,0.741356856234064
OR560,Female,B4,RES,CC3,B4|sys.2|CC3,3,2,FALSE,43129.1579999924,339,131,28.2964021695071,0.191225191562609,2.38291791248549,0.374045801526718,2.58778625954198,2,0.741356856234064
OR560,Female,B4,RES,CC4,B4|sys.3|CC4,4,3,FALSE,43187.2790000439,412,159,34.343446365271,0.270374909847217,2.04160064734615,0.40251572327044,2.59119496855346,4.83333333333333,0.741356856234064
OR561,Female,B4,RES,CC1,B4|sys.4|CC1,4,3,FALSE,43186.1119999886,292,152,24.3411585650563,0.392646892279255,1.82695808220462,0.55921052631579,1.92105263157895,4.33333333333333,0.335518057765152
OR561,Female,B4,RES,CC2,B4|sys.5|CC2,4,3,FALSE,43142.6689999104,328,146,27.369655780973,0.279535440887917,2.07473904838931,0.452054794520548,2.24657534246575,5.66666666666667,0.335518057765152
OR561,Female,B4,RES,CC3,B4|sys.1|CC3,4,3,FALSE,43129.1579999924,466,163,38.8971192064611,0.184100804066911,2.35177505092137,0.361963190184049,2.85889570552147,7.41666666666667,0.335518057765152
OR561,Female,B4,RES,CC4,B4|sys.1|CC4,3,2,FALSE,43187.2790000439,449,148,37.4276879077832,0.175997242148103,2.59224917720164,0.304054054054054,3.03378378378378,7.5,0.335518057765152
OR562,Female,B4,RES,CC1,B4|sys.5|CC1,4,3,FALSE,43186.1119999886,244,110,20.339872225595,0.2158025169403,2.10482535168439,0.409090909090909,2.21818181818182,3,0.121054117333154
OR562,Female,B4,RES,CC2,B4|sys.4|CC2,3,2,FALSE,43142.6689999104,288,119,24.0318928808543,0.251943012606434,2.28991033635738,0.369747899159664,2.42016806722689,3.66666666666667,0.121054117333154
OR562,Female,B4,RES,CC3,B4|sys.3|CC3,4,3,FALSE,43129.1579999924,428,159,35.7252511166639,0.268482063422639,2.50254570513589,0.39622641509434,2.69182389937107,2.83333333333333,0.121054117333154
OR562,Female,B4,RES,CC4,B4|sys.5|CC4,4,3,FALSE,43187.2790000439,436,137,36.3440354739275,0.238953543073722,2.35582010518569,0.255474452554745,3.18248175182482,4,0.121054117333154
OR568,Female,B4,RES,CC1,B4|sys.5|CC1,4,3,FALSE,43186.1119999886,350,140,29.1760462252387,0.264362016817345,2.20167075580941,0.414285714285714,2.5,2.33333333333333,0.118508504671846
OR568,Female,B4,RES,CC2,B4|sys.5|CC2,4,3,FALSE,43142.6689999104,294,117,24.5325573158721,0.233846728394503,2.19661832728309,0.376068376068376,2.51282051282051,0.666666666666667,0.118508504671846
OR568,Female,B4,RES,CC3,B4|sys.2|CC3,3,2,FALSE,43129.1579999924,306,126,25.5418851441569,0.214038238346279,2.09613012365328,0.404761904761905,2.42857142857143,2,0.118508504671846
OR568,Female,B4,RES,CC4,B4|sys.2|CC4,4,3,FALSE,43187.2790000439,307,132,25.5908690148985,0.29921433578268,2.04918438583031,0.462121212121212,2.32575757575758,3.08333333333333,0.118508504671846
OR620,Male,B5,SUS,CC1,B5|sys.1|CC1,4,3,FALSE,43196.2769999504,235,125,19.5850211813618,0.26861707703287,1.97847065228675,0.56,1.88,1.75,-0.671796206689756
OR620,Male,B5,SUS,CC2,B5|sys.2|CC2,4,3,FALSE,43120.1489999294,242,134,20.2040118182668,0.291660564539449,2.05044990161248,0.597014925373134,1.80597014925373,3.08333333333333,-0.671796206689756
OR620,Male,B5,SUS,CC3,B5|sys.3|CC3,3,2,FALSE,43177.7409999371,334,128,27.8476819804388,0.308787599623218,2.0733023711222,0.4140625,2.609375,1.16666666666667,-0.671796206689756
OR620,Male,B5,SUS,CC4,B5|sys.1|CC4,4,3,TRUE,43197.5390000343,324,174,27.0015382126068,0.366007679284423,1.84279570845778,0.563218390804598,1.86206896551724,2.16666666666667,-0.671796206689756
OR621,Male,B5,CON,CC1,B5|sys.3|CC1,4,3,FALSE,43196.2769999504,195,90,16.251400554747,0.383546920015526,1.48993308564,0.522222222222222,2.16666666666667,0.416666666666667,-0.0872290946034615
OR621,Male,B5,CON,CC2,B5|sys.4|CC2,4,3,FALSE,43120.1489999294,147,83,12.272684864815,0.188208680197479,2.17432308718925,0.626506024096386,1.7710843373494,0.916666666666667,-0.0872290946034615
OR621,Male,B5,CON,CC3,B5|sys.1|CC3,4,3,FALSE,43177.7409999371,312,135,26.0134035266374,0.176818568007223,2.48187168023904,0.488888888888889,2.31111111111111,0.333333333333333,-0.0872290946034615
OR621,Male,B5,CON,CC4,B5|sys.4|CC4,4,3,FALSE,43197.5390000343,478,195,39.8356026716854,0.288740615529324,2.355708415994,0.476923076923077,2.45128205128205,1,-0.0872290946034615
OR622,Male,B5,CON,CC1,B5|sys.3|CC1,4,3,FALSE,43196.2769999504,240,115,20.0017237596886,0.149323107932252,2.28222636189235,0.434782608695652,2.08695652173913,1.83333333333333,-0.17326587042767
OR622,Male,B5,CON,CC2,B5|sys.4|CC2,4,3,FALSE,43120.1489999294,288,146,24.0444438167803,0.167199105304955,2.3075538758011,0.541095890410959,1.97260273972603,3,-0.17326587042767
OR622,Male,B5,CON,CC3,B5|sys.1|CC3,4,3,FALSE,43177.7409999371,391,169,32.6001307016514,0.245312764286861,2.4607844558122,0.402366863905325,2.31360946745562,3.41666666666667,-0.17326587042767
OR622,Male,B5,CON,CC4,B5|sys.4|CC4,4,3,FALSE,43197.5390000343,428,182,35.66869862653,0.283941916229935,2.20517838783384,0.445054945054945,2.35164835164835,2.5,-0.17326587042767
OR623,Male,B5,CON,CC1,B5|sys.3|CC1,4,3,FALSE,43196.2769999504,233,113,19.4183401500311,0.35308570689862,1.82783688193973,0.557522123893805,2.06194690265487,1.41666666666667,-0.607387675114655
OR623,Male,B5,CON,CC2,B5|sys.4|CC2,4,3,FALSE,43120.1489999294,240,115,20.0370365139836,0.213469338121004,2.37435675859326,0.460869565217391,2.08695652173913,2.33333333333333,-0.607387675114655
OR623,Male,B5,CON,CC3,B5|sys.1|CC3,4,3,FALSE,43177.7409999371,300,122,25.0128880063821,0.195599039479175,2.24020130085518,0.401639344262295,2.45901639344262,2,-0.607387675114655
OR623,Male,B5,CON,CC4,B5|sys.4|CC4,4,3,FALSE,43197.5390000343,378,146,31.5017945813746,0.254319171591537,2.16739314457524,0.39041095890411,2.58904109589041,2.16666666666667,-0.607387675114655
OR624,Male,B5,CON,CC1,B5|sys.3|CC1,4,3,FALSE,43196.2769999504,196,99,16.3347410704124,0.339254962483153,2.06466712968847,0.505050505050505,1.97979797979798,1.66666666666667,-0.11628042277671
OR624,Male,B5,CON,CC2,B5|sys.4|CC2,4,3,FALSE,43120.1489999294,180,89,15.0277773854877,0.20986367650299,1.93123459854309,0.48314606741573,2.02247191011236,3.16666666666667,-0.11628042277671
OR624,Male,B5,CON,CC3,B5|sys.1|CC3,4,3,FALSE,43177.7409999371,234,110,19.5100526449781,0.242939187878873,2.32680739435797,0.427272727272727,2.12727272727273,2,-0.11628042277671
OR624,Male,B5,CON,CC4,B5|sys.4|CC4,4,3,FALSE,43197.5390000343,291,124,24.2513815428043,0.284208960770194,2.06942826953612,0.516129032258065,2.34677419354839,1.41666666666667,-0.11628042277671
OR625,Male,B5,SUS,CC1,B5|sys.2|CC1,4,3,FALSE,43196.2769999504,242,97,20.1684047910194,0.164384336489117,2.08650739522839,0.412371134020619,2.49484536082474,2,-0.446270381284236
OR625,Male,B5,SUS,CC2,B5|sys.1|CC2,3,2,FALSE,43120.1489999294,262,108,21.8737648610988,0.233194915447719,2.23696104991736,0.388888888888889,2.42592592592593,1.66666666666667,-0.446270381284236
OR625,Male,B5,SUS,CC3,B5|sys.2|CC3,4,3,FALSE,43177.7409999371,200,114,16.6752586709214,0.274552343986042,1.90142877193844,0.614035087719298,1.75438596491228,1.83333333333333,-0.446270381284236
OR625,Male,B5,SUS,CC4,B5|sys.5|CC4,4,3,FALSE,43197.5390000343,390,163,32.5018515522119,0.299412481194977,2.13104855493554,0.478527607361963,2.39263803680982,0.833333333333333,-0.446270381284236
OR628,Male,B5,SUS,CC1,B5|sys.1|CC1,4,3,FALSE,43196.2769999504,274,123,22.8353012923112,0.331935782342546,2.13496914774408,0.422764227642276,2.22764227642276,3.83333333333333,-0.531626239720073
OR628,Male,B5,SUS,CC2,B5|sys.3|CC2,4,3,FALSE,43120.1489999294,356,125,29.721604162409,0.295689207074378,1.8635996800266,0.336,2.848,3.66666666666667,-0.531626239720073
OR628,Male,B5,SUS,CC3,B5|sys.2|CC3,4,3,FALSE,43177.7409999371,242,133,20.1770629918149,0.237011380478412,2.30975076266092,0.56390977443609,1.81954887218045,4.5,-0.531626239720073
OR628,Male,B5,SUS,CC4,B5|sys.3|CC4,3,2,FALSE,43197.5390000343,340,116,28.3349475070565,0.418046141461954,1.99896971981429,0.344827586206897,2.93103448275862,3.16666666666667,-0.531626239720073
OR629,Male,B5,RES,CC1,B5|sys.2|CC1,4,3,FALSE,43196.2769999504,256,101,21.3351720103346,0.287549526561659,2.14623655724523,0.267326732673267,2.53465346534653,0.833333333333333,0.102289448433373
OR629,Male,B5,RES,CC2,B5|sys.5|CC2,4,3,FALSE,43120.1489999294,290,97,24.2114191210635,0.245909362076856,1.99312163601469,0.34020618556701,2.98969072164948,4.16666666666667,0.102289448433373
OR629,Male,B5,RES,CC3,B5|sys.3|CC3,3,2,FALSE,43177.7409999371,328,130,27.3474242203111,0.321231881964583,1.83884327908648,0.461538461538462,2.52307692307692,1.66666666666667,0.102289448433373
OR629,Male,B5,RES,CC4,B5|sys.2|CC4,4,3,FALSE,43197.5390000343,318,146,26.5015097271882,0.236929276610125,2.2892501582559,0.410958904109589,2.17808219178082,2.16666666666667,0.102289448433373
OR630,Male,B5,RES,CC1,B5|sys.4|CC1,4,3,FALSE,43196.2769999504,208,104,17.3348272583968,0.339018460627154,2.11343491022226,0.423076923076923,2,5.16666666666667,0.187423470060096
OR630,Male,B5,RES,CC2,B5|sys.1|CC2,3,2,FALSE,43120.1489999294,268,109,22.3746907739484,0.250977054830709,1.95283271025514,0.293577981651376,2.45871559633028,2,0.187423470060096
OR630,Male,B5,RES,CC3,B5|sys.4|CC3,4,3,FALSE,43177.7409999371,305,112,25.4297694731552,0.241441162938055,1.70832295636535,0.375,2.72321428571429,1.75,0.187423470060096
OR630,Male,B5,RES,CC4,B5|sys.1|CC4,4,3,TRUE,43197.5390000343,282,173,23.5013388146763,0.378237272565195,1.39559419493001,0.635838150289017,1.63005780346821,1,0.187423470060096
OR639,Female,B6,CON,CC1,B6|sys.2|CC1,4,3,FALSE,43110.763999939,388,152,32.4002608722494,0.260219953425847,2.45018253008116,0.381578947368421,2.55263157894737,0.5,0.273946627305589
OR639,Female,B6,CON,CC2,B6|sys.5|CC2,4,3,FALSE,43004.9179999828,324,102,27.1224793406295,0.213464624374722,1.9442390025842,0.264705882352941,3.17647058823529,0,0.273946627305589
OR639,Female,B6,CON,CC3,B6|sys.2|CC3,4,3,FALSE,43187.4539999962,512,203,42.6790613774121,0.174931211885846,2.67443272686092,0.438423645320197,2.52216748768473,0,0.273946627305589
OR639,Female,B6,CON,CC4,B6|sys.3|CC4,4,3,FALSE,43165.5759999752,460,180,38.3639036810479,0.213971390848743,2.11097272821386,0.372222222222222,2.55555555555556,0,0.273946627305589
OR643,Female,B6,CON,CC1,B6|sys.2|CC1,4,3,FALSE,43110.763999939,248,119,20.7094450936027,0.303846668082612,2.1619515445138,0.512605042016807,2.08403361344538,2.83333333333333,0.0995468371044012
OR643,Female,B6,CON,CC2,B6|sys.5|CC2,4,3,FALSE,43004.9179999828,242,102,20.2581481494825,0.229574836079071,2.23801973097415,0.401960784313726,2.37254901960784,4.75,0.0995468371044012
OR643,Female,B6,CON,CC3,B6|sys.2|CC3,4,3,FALSE,43187.4539999962,243,130,20.2558826459202,0.203436666274249,2.38557689863998,0.546153846153846,1.86923076923077,2.16666666666667,0.0995468371044012
OR643,Female,B6,CON,CC4,B6|sys.3|CC4,4,3,FALSE,43165.5759999752,353,138,29.4401260856737,0.229365702593267,2.17013690980392,0.398550724637681,2.55797101449275,2.16666666666667,0.0995468371044012
OR644,Female,B6,CON,CC1,B6|sys.2|CC1,4,3,FALSE,43110.763999939,374,147,31.2311792943847,0.31324821027149,2.18925049369752,0.421768707482993,2.54421768707483,3.33333333333333,-0.491099469575346
OR644,Female,B6,CON,CC2,B6|sys.5|CC2,4,3,FALSE,43004.9179999828,466,156,39.0094918911523,0.256852460464908,2.35556195264721,0.391025641025641,2.98717948717949,5.41666666666667,-0.491099469575346
OR644,Female,B6,CON,CC3,B6|sys.2|CC3,4,3,FALSE,43187.4539999962,618,193,51.5149608032045,0.139118974997599,2.72086578957772,0.316062176165803,3.2020725388601,6.83333333333333,-0.491099469575346
OR644,Female,B6,CON,CC4,B6|sys.3|CC4,4,3,FALSE,43165.5759999752,326,138,27.1883317391774,0.165461230811405,2.53170506407483,0.41304347826087,2.36231884057971,1,-0.491099469575346
OR645,Female,B6,CON,CC1,B6|sys.2|CC1,4,3,FALSE,43110.763999939,338,131,28.2249695227327,0.323938881400783,2.05785391097377,0.351145038167939,2.58015267175573,2,-0.146862276596487
OR645,Female,B6,CON,CC2,B6|sys.5|CC2,4,3,FALSE,43004.9179999828,282,117,23.6066023890664,0.267266424424397,1.94360921911607,0.324786324786325,2.41025641025641,2.16666666666667,-0.146862276596487
OR645,Female,B6,CON,CC3,B6|sys.2|CC3,4,3,FALSE,43187.4539999962,326,159,27.1745586113991,0.186010725866212,2.62979387099758,0.50314465408805,2.05031446540881,1,-0.146862276596487
OR645,Female,B6,CON,CC4,B6|sys.3|CC4,4,3,FALSE,43165.5759999752,515,193,42.9508921646514,0.217096365569769,2.36946855043052,0.373056994818653,2.66839378238342,0.916666666666667,-0.146862276596487
OR646,Female,B6,RES,CC1,B6|sys.3|CC1,4,3,FALSE,43110.763999939,352,145,29.3940511005974,0.224623383303886,2.51871471981541,0.455172413793104,2.42758620689655,1.66666666666667,0.0161825826219448
OR646,Female,B6,RES,CC2,B6|sys.2|CC2,3,2,FALSE,43004.9179999828,254,100,21.2626844213577,0.236622843937544,1.87746957562089,0.37,2.54,3.5,0.0161825826219448
OR646,Female,B6,RES,CC3,B6|sys.3|CC3,4,3,FALSE,43187.4539999962,496,180,41.345340709368,0.125080862601123,2.30367395526516,0.411111111111111,2.75555555555556,3.5,0.0161825826219448
OR646,Female,B6,RES,CC4,B6|sys.2|CC4,4,3,FALSE,43165.5759999752,472,179,39.3647011683796,0.273982575075832,2.2816007988704,0.318435754189944,2.63687150837989,1.83333333333333,0.0161825826219448
OR647,Female,B6,RES,CC1,B6|sys.1|CC1,4,3,FALSE,43110.763999939,184,82,15.3650721662214,0.294402391023172,1.5393968901155,0.487804878048781,2.24390243902439,0.666666666666667,0.0333494725306365
OR647,Female,B6,RES,CC2,B6|sys.3|CC2,4,3,FALSE,43004.9179999828,120,67,10.0453627187517,0.36330095237908,1.68201776431295,0.611940298507463,1.7910447761194,0.333333333333333,0.0333494725306365
OR647,Female,B6,RES,CC3,B6|sys.1|CC3,3,2,FALSE,43187.4539999962,152,79,12.6703463464192,0.181718016997423,1.54155698156931,0.493670886075949,1.92405063291139,0.5,0.0333494725306365
OR647,Female,B6,RES,CC4,B6|sys.1|CC4,4,3,FALSE,43165.5759999752,194,94,16.1795593785289,0.209529880942392,2.33701873510749,0.48936170212766,2.06382978723404,1,0.0333494725306365
