CC,Sex,Group,construct,n,mean,sd
CC1,Male,SUS,crossing_rate,16,21.2446664680938,4.5749700065405
CC2,Male,SUS,crossing_rate,16,21.8952186972831,4.57142259541929
CC3,Male,SUS,crossing_rate,16,22.8313477230663,4.00389863802079
CC4,Male,SUS,crossing_rate,16,29.653514255799,7.34268867337025
CC1,Male,RES,crossing_rate,25,19.3888350690845,6.35064032137636
CC2,Male,RES,crossing_rate,25,21.9820852085854,4.25299913738882
CC3,Male,RES,crossing_rate,25,22.9540983026595,3.89730974810325
CC4,Male,RES,crossing_rate,25,26.8338685753563,5.19904134659327
CC1,Female,SUS,crossing_rate,18,25.330568379762,7.05973832288834
CC2,Female,SUS,crossing_rate,18,22.9253252398519,7.28771311354241
CC3,Female,SUS,crossing_rate,18,25.8848239251023,7.18111693178092
CC4,Female,SUS,crossing_rate,18,31.7454175505248,12.4516089992445
CC1,Female,RES,crossing_rate,28,21.9242492899388,7.96183485825877
CC2,Female,RES,crossing_rate,28,21.5563637071469,6.04412886939645
CC3,Female,RES,crossing_rate,28,24.6756362533684,8.57727920849349
CC4,Female,RES,crossing_rate,28,27.8690203351241,8.1074392844066
CC1,Male,CON,crossing_rate,12,20.630702692128,4.38601014285507
CC2,Male,CON,crossing_rate,12,18.1879531417857,5.02259539177413
CC3,Male,CON,crossing_rate,12,25.2843150203922,7.82642428282859
CC4,Male,CON,crossing_rate,12,29.0962401515748,8.65497238450666
CC1,Female,CON,crossing_rate,12,24.414411859423,4.85530740357659
CC2,Female,CON,crossing_rate,12,23.3669005573873,6.03355552530417
CC3,Female,CON,crossing_rate,12,27.0706797674955,10.6873549218679
CC4,Female,CON,crossing_rate,12,28.2957233366371,7.98155821160667
CC1,Male,SUS,shared_zone_use,14,0.271582241911093,0.0637983119513144
CC2,Male,SUS,shared_zone_use,15,0.246835403540808,0.0583479246262337
CC3,Male,SUS,shared_zone_use,16,0.227606197513526,0.0445647471652502
CC4,Male,SUS,shared_zone_use,16,0.277307620626949,0.0922058293464991
CC1,Male,RES,shared_zone_use,25,0.285799463208637,0.0704030732364968
CC2,Male,RES,shared_zone_use,25,0.255679008941434,0.0513884033496458
CC3,Male,RES,shared_zone_use,25,0.255268623583858,0.07019411392425
CC4,Male,RES,shared_zone_use,25,0.236220362494821,0.0659388431619023
CC1,Female,SUS,shared_zone_use,18,0.242598716138619,0.0574833508085321
CC2,Female,SUS,shared_zone_use,18,0.290725083588283,0.0441338865503113
CC3,Female,SUS,shared_zone_use,18,0.275466363955081,0.0426682108663623
CC4,Female,SUS,shared_zone_use,18,0.259594382254337,0.0670697623114541
CC1,Female,RES,shared_zone_use,28,0.259889666194629,0.0583258533736276
CC2,Female,RES,shared_zone_use,28,0.288308780680748,0.0617491218909339
CC3,Female,RES,shared_zone_use,28,0.245560333783855,0.0525883736547038
CC4,Female,RES,shared_zone_use,28,0.250864764495442,0.0691291273805769
CC1,Male,CON,shared_zone_use,12,0.269278519728124,0.0740853525186177
CC2,Male,CON,shared_zone_use,12,0.216137353452316,0.0409645282202434
CC3,Male,CON,shared_zone_use,12,0.253762222624446,0.0537914405483322
CC4,Male,CON,shared_zone_use,12,0.250726960548974,0.0505009430678275
CC1,Female,CON,shared_zone_use,12,0.296186173642755,0.0491691426550624
CC2,Female,CON,shared_zone_use,12,0.233267212527939,0.0353450810435799
CC3,Female,CON,shared_zone_use,12,0.225997067368571,0.0507506623858642
CC4,Female,CON,shared_zone_use,12,0.268818100336456,0.081050368458437
CC1,Male,SUS,occupancy_dispersion,16,2.06867774104374,0.172795358784665
CC2,Male,SUS,occupancy_dispersion,16,2.06864767827107,0.214848715981759
CC3,Male,SUS,occupancy_dispersion,16,2.19672173828355,0.216665392641896
CC4,Male,SUS,occupancy_dispersion,16,2.15083106147857,0.29807994072524
CC1,Male,RES,occupancy_dispersion,25,2.06605659365977,0.16960687563492
CC2,Male,RES,occupancy_dispersion,25,2.13529324139295,0.1984193769013
CC3,Male,RES,occupancy_dispersion,25,2.1912007735737,0.201860822721949
CC4,Male,RES,occupancy_dispersion,25,2.24884638991054,0.263008498576674
CC1,Female,SUS,occupancy_dispersion,18,2.19252797190777,0.216737687606951
CC2,Female,SUS,occupancy_dispersion,18,2.04866956200955,0.22877167467202
CC3,Female,SUS,occupancy_dispersion,18,2.11786914037597,0.266107935160069
CC4,Female,SUS,occupancy_dispersion,18,2.14522546550402,0.323196746912432
CC1,Female,RES,occupancy_dispersion,28,2.05520651471538,0.325743263702523
CC2,Female,RES,occupancy_dispersion,28,2.05705337530363,0.239341123840737
CC3,Female,RES,occupancy_dispersion,28,2.18173228809304,0.259037699664374
CC4,Female,RES,occupancy_dispersion,28,2.22086761147203,0.27780825073783
CC1,Male,CON,occupancy_dispersion,12,1.97576718340297,0.251910477132373
CC2,Male,CON,occupancy_dispersion,12,2.12708016978056,0.20889525917864
CC3,Male,CON,occupancy_dispersion,12,2.1628656503045,0.266218286088789
CC4,Male,CON,occupancy_dispersion,12,2.15942211343965,0.180171973118724
CC1,Female,CON,occupancy_dispersion,12,2.17819488754817,0.187568346091086
CC2,Female,CON,occupancy_dispersion,12,2.24469768666465,0.172701647800264
CC3,Female,CON,occupancy_dispersion,12,2.33523698828837,0.246524574209394
CC4,Female,CON,occupancy_dispersion,12,2.19769752476284,0.274113008110309
CC1,Male,SUS,fragmentation,16,0.413809994408393,0.0910706103496304
CC2,Male,SUS,fragmentation,16,0.436575132955083,0.109719741422619
CC3,Male,SUS,fragmentation,16,0.458413749011731,0.085171074620495
CC4,Male,SUS,fragmentation,16,0.403077992877216,0.107930118349416
CC1,Male,RES,fragmentation,25,0.428954603918744,0.106271895266091
CC2,Male,RES,fragmentation,25,0.448767513537692,0.0787048825287419
CC3,Male,RES,fragmentation,25,0.455904525431077,0.0767989235135742
CC4,Male,RES,fragmentation,25,0.478127051439599,0.0802811732801321
CC1,Female,SUS,fragmentation,18,0.440753167385843,0.0711270768179171
CC2,Female,SUS,fragmentation,18,0.444330542818793,0.0952548137681868
CC3,Female,SUS,fragmentation,18,0.431952823589607,0.0784894576778011
CC4,Female,SUS,fragmentation,18,0.385159915288088,0.0719337300098832
CC1,Female,RES,fragmentation,28,0.454726841115389,0.0690332726879094
CC2,Female,RES,fragmentation,28,0.464478939817076,0.0879461776498254
CC3,Female,RES,fragmentation,28,0.453524844586925,0.0778906800472374
CC4,Female,RES,fragmentation,28,0.402953114441377,0.0694972564283654
CC1,Male,CON,fragmentation,12,0.456676322731638,0.0597728291684872
CC2,Male,CON,fragmentation,12,0.517375039106347,0.0654957515997381
CC3,Male,CON,fragmentation,12,0.482472185063151,0.0842437917978505
CC4,Male,CON,fragmentation,12,0.480886987052907,0.0562363542947169
CC1,Female,CON,fragmentation,12,0.431918398654836,0.0507036123797396
CC2,Female,CON,fragmentation,12,0.405854723950345,0.0936051405516915
CC3,Female,CON,fragmentation,12,0.45479395340912,0.0753485671167332
CC4,Female,CON,fragmentation,12,0.429829128613524,0.0639639048544156
CC1,Male,SUS,light_phase_crossing_rate,16,2.66666666666667,1.38710997187464
CC2,Male,SUS,light_phase_crossing_rate,16,3.375,1.18321595661992
CC3,Male,SUS,light_phase_crossing_rate,16,2.77604166666667,1.25045130741753
CC4,Male,SUS,light_phase_crossing_rate,16,3.015625,1.9821468790178
CC1,Male,RES,light_phase_crossing_rate,25,2.68666666666667,1.54378233209507
CC2,Male,RES,light_phase_crossing_rate,25,3.48666666666667,1.3328297660186
CC3,Male,RES,light_phase_crossing_rate,25,2.81,1.23545238378199
CC4,Male,RES,light_phase_crossing_rate,25,2.47,1.40639248249371
CC1,Female,SUS,light_phase_crossing_rate,18,2.58796296296296,1.94396002369158
CC2,Female,SUS,light_phase_crossing_rate,18,3.37037037037037,2.33021889877209
CC3,Female,SUS,light_phase_crossing_rate,18,3.125,1.85333342149809
CC4,Female,SUS,light_phase_crossing_rate,18,2.97685185185185,2.21086250942581
CC1,Female,RES,light_phase_crossing_rate,28,1.74702380952381,1.22337532786457
CC2,Female,RES,light_phase_crossing_rate,28,2.73809523809524,2.36668343387756
CC3,Female,RES,light_phase_crossing_rate,28,2.00595238095238,1.68675068281036
CC4,Female,RES,light_phase_crossing_rate,28,2.39285714285714,2.23582148375738
CC1,Male,CON,light_phase_crossing_rate,12,1.4375,0.849929438544783
CC2,Male,CON,light_phase_crossing_rate,12,1.96527777777778,1.11036117368491
CC3,Male,CON,light_phase_crossing_rate,12,2.33333333333333,1.69483767584826
CC4,Male,CON,light_phase_crossing_rate,12,2.04861111111111,1.37824838207545
CC1,Female,CON,light_phase_crossing_rate,12,1.68055555555556,1.18376717043712
CC2,Female,CON,light_phase_crossing_rate,12,1.6875,1.87727135152932
CC3,Female,CON,light_phase_crossing_rate,12,1.75694444444444,2.02617291549899
CC4,Female,CON,light_phase_crossing_rate,12,1.38888888888889,1.58326687792488
