SourceFile,active_start,target_window_start,gate,Batch,CC,t0,active_end,light_start,light_end,file_last,light_complete
E9_SIS_B1_CC1_AnimalPos_preprocessed.csv,2022-10-28T18:30:00Z,2022-10-28T18:30:00Z,anchor,,,,,,,,
E9_SIS_B1_CC2_AnimalPos_preprocessed.csv,2022-11-01T18:30:00Z,2022-11-01T18:30:00Z,anchor,,,,,,,,
E9_SIS_B1_CC3_AnimalPos_preprocessed.csv,2022-11-05T18:30:00Z,2022-11-05T18:30:00Z,anchor,,,,,,,,
E9_SIS_B1_CC4_AnimalPos_preprocessed.csv,2022-11-09T18:30:00Z,2022-11-09T18:30:00Z,anchor,,,,,,,,
E9_SIS_B2_CC1_AnimalPos_preprocessed.csv,2023-01-29T18:30:00Z,2023-01-29T18:30:00Z,anchor,,,,,,,,
E9_SIS_B2_CC2_AnimalPos_preprocessed.csv,2023-02-02T18:30:00Z,2023-02-02T18:30:00Z,anchor,,,,,,,,
E9_SIS_B2_CC3_AnimalPos_preprocessed.csv,2023-02-06T18:30:00Z,2023-02-06T18:30:00Z,anchor,,,,,,,,
E9_SIS_B2_CC4_AnimalPos_preprocessed.csv,2023-02-10T18:30:00Z,2023-02-10T18:30:00Z,anchor,,,,,,,,
E9_SIS_B3_CC1_AnimalPos_preprocessed.csv,2023-04-24T18:30:00Z,2023-04-24T18:30:00Z,anchor,,,,,,,,
E9_SIS_B3_CC2_AnimalPos_preprocessed.csv,2023-04-28T18:30:00Z,2023-04-28T18:30:00Z,anchor,,,,,,,,
E9_SIS_B3_CC3_AnimalPos_preprocessed.csv,2023-05-02T18:30:00Z,2023-05-02T18:30:00Z,anchor,,,,,,,,
E9_SIS_B3_CC4_AnimalPos_preprocessed.csv,2023-05-06T18:30:00Z,2023-05-06T18:30:00Z,anchor,,,,,,,,
E9_SIS_B4_CC1_AnimalPos_preprocessed.csv,2023-07-25T18:30:00Z,2023-07-25T18:30:00Z,anchor,,,,,,,,
E9_SIS_B4_CC2_AnimalPos_preprocessed.csv,2023-07-29T18:30:00Z,2023-07-29T18:30:00Z,anchor,,,,,,,,
E9_SIS_B4_CC3_AnimalPos_preprocessed.csv,2023-08-02T18:30:00Z,2023-08-02T18:30:00Z,anchor,,,,,,,,
E9_SIS_B4_CC4_AnimalPos_preprocessed.csv,2023-08-06T18:30:00Z,2023-08-06T18:30:00Z,anchor,,,,,,,,
E9_SIS_B5_CC1_AnimalPos_preprocessed.csv,2023-11-20T18:30:00Z,2023-11-20T18:30:00Z,anchor,,,,,,,,
E9_SIS_B5_CC2_AnimalPos_preprocessed.csv,2023-11-24T18:30:00Z,2023-11-24T18:30:00Z,anchor,,,,,,,,
E9_SIS_B5_CC3_AnimalPos_preprocessed.csv,2023-11-28T18:30:00Z,2023-11-28T18:30:00Z,anchor,,,,,,,,
E9_SIS_B5_CC4_AnimalPos_preprocessed.csv,2023-12-02T18:30:00Z,2023-12-02T18:30:00Z,anchor,,,,,,,,
E9_SIS_B6_CC1_AnimalPos_preprocessed.csv,2024-04-07T18:30:00Z,2024-04-07T18:30:00Z,anchor,,,,,,,,
E9_SIS_B6_CC2_AnimalPos_preprocessed.csv,2024-04-11T18:30:00Z,2024-04-11T18:30:00Z,anchor,,,,,,,,
E9_SIS_B6_CC3_AnimalPos_preprocessed.csv,2024-04-15T18:30:00Z,2024-04-15T18:30:00Z,anchor,,,,,,,,
E9_SIS_B6_CC4_AnimalPos_preprocessed.csv,2024-04-19T18:30:00Z,2024-04-19T18:30:00Z,anchor,,,,,,,,
E9_SIS_B1_CC1_AnimalPos_preprocessed.csv,2022-10-28T18:30:00Z,,window_coverage,B1,CC1,2022-10-28T18:31:05.117Z,2022-10-29T06:30:00Z,2022-10-29T06:30:00Z,2022-10-29T18:30:00Z,2022-11-01T06:29:36.188Z,TRUE
E9_SIS_B1_CC2_AnimalPos_preprocessed.csv,2022-11-01T18:30:00Z,,window_coverage,B1,CC2,2022-11-01T18:30:55.719Z,2022-11-02T06:30:00Z,2022-11-02T06:30:00Z,2022-11-02T18:30:00Z,2022-11-05T06:29:57.948Z,TRUE
E9_SIS_B1_CC3_AnimalPos_preprocessed.csv,2022-11-05T18:30:00Z,,window_coverage,B1,CC3,2022-11-05T18:31:01.690Z,2022-11-06T06:30:00Z,2022-11-06T06:30:00Z,2022-11-06T18:30:00Z,2022-11-09T06:29:59.548Z,TRUE
E9_SIS_B1_CC4_AnimalPos_preprocessed.csv,2022-11-09T18:30:00Z,,window_coverage,B1,CC4,2022-11-09T18:30:53.911Z,2022-11-10T06:30:00Z,2022-11-10T06:30:00Z,2022-11-10T18:30:00Z,2022-11-13T18:28:54.921Z,TRUE
E9_SIS_B2_CC1_AnimalPos_preprocessed.csv,2023-01-29T18:30:00Z,,window_coverage,B2,CC1,2023-01-29T18:30:43.941Z,2023-01-30T06:30:00Z,2023-01-30T06:30:00Z,2023-01-30T18:30:00Z,2023-02-02T06:29:59.802Z,TRUE
E9_SIS_B2_CC2_AnimalPos_preprocessed.csv,2023-02-02T18:30:00Z,,window_coverage,B2,CC2,2023-02-02T18:31:07.410Z,2023-02-03T06:30:00Z,2023-02-03T06:30:00Z,2023-02-03T18:30:00Z,2023-02-06T06:29:48.437Z,TRUE
E9_SIS_B2_CC3_AnimalPos_preprocessed.csv,2023-02-06T18:30:00Z,,window_coverage,B2,CC3,2023-02-06T18:30:08.138Z,2023-02-07T06:30:00Z,2023-02-07T06:30:00Z,2023-02-07T18:30:00Z,2023-02-10T06:29:56.098Z,TRUE
E9_SIS_B2_CC4_AnimalPos_preprocessed.csv,2023-02-10T18:30:00Z,,window_coverage,B2,CC4,2023-02-10T18:31:14.411Z,2023-02-11T06:30:00Z,2023-02-11T06:30:00Z,2023-02-11T18:30:00Z,2023-02-14T18:29:30.013Z,TRUE
E9_SIS_B3_CC1_AnimalPos_preprocessed.csv,2023-04-24T18:30:00Z,,window_coverage,B3,CC1,2023-04-24T18:31:05.644Z,2023-04-25T06:30:00Z,2023-04-25T06:30:00Z,2023-04-25T18:30:00Z,2023-04-28T06:29:28.516Z,TRUE
E9_SIS_B3_CC2_AnimalPos_preprocessed.csv,2023-04-28T18:30:00Z,,window_coverage,B3,CC2,2023-04-28T18:31:03.336Z,2023-04-29T06:30:00Z,2023-04-29T06:30:00Z,2023-04-29T18:30:00Z,2023-05-02T06:29:53.966Z,TRUE
E9_SIS_B3_CC3_AnimalPos_preprocessed.csv,2023-05-02T18:30:00Z,,window_coverage,B3,CC3,2023-05-02T18:30:38.437Z,2023-05-03T06:30:00Z,2023-05-03T06:30:00Z,2023-05-03T18:30:00Z,2023-05-06T06:28:53.322Z,TRUE
E9_SIS_B3_CC4_AnimalPos_preprocessed.csv,2023-05-06T18:30:00Z,,window_coverage,B3,CC4,2023-05-06T18:31:01.259Z,2023-05-07T06:30:00Z,2023-05-07T06:30:00Z,2023-05-07T18:30:00Z,2023-05-10T18:29:58.943Z,TRUE
E9_SIS_B4_CC1_AnimalPos_preprocessed.csv,2023-07-25T18:30:00Z,,window_coverage,B4,CC1,2023-07-25T18:30:13.888Z,2023-07-26T06:30:00Z,2023-07-26T06:30:00Z,2023-07-26T18:30:00Z,2023-07-29T06:29:36.851Z,TRUE
E9_SIS_B4_CC2_AnimalPos_preprocessed.csv,2023-07-29T18:30:00Z,,window_coverage,B4,CC2,2023-07-29T18:30:57.331Z,2023-07-30T06:30:00Z,2023-07-30T06:30:00Z,2023-07-30T18:30:00Z,2023-08-02T06:29:52.131Z,TRUE
E9_SIS_B4_CC3_AnimalPos_preprocessed.csv,2023-08-02T18:30:00Z,,window_coverage,B4,CC3,2023-08-02T18:31:10.842Z,2023-08-03T06:30:00Z,2023-08-03T06:30:00Z,2023-08-03T18:30:00Z,2023-08-06T06:29:45.512Z,TRUE
E9_SIS_B4_CC4_AnimalPos_preprocessed.csv,2023-08-06T18:30:00Z,,window_coverage,B4,CC4,2023-08-06T18:30:12.721Z,2023-08-07T06:30:00Z,2023-08-07T06:30:00Z,2023-08-07T18:30:00Z,2023-08-10T18:22:52.904Z,TRUE
E9_SIS_B5_CC1_AnimalPos_preprocessed.csv,2023-11-20T18:30:00Z,,window_coverage,B5,CC1,2023-11-20T18:30:03.723Z,2023-11-21T06:30:00Z,2023-11-21T06:30:00Z,2023-11-21T18:30:00Z,2023-11-24T06:29:43.562Z,TRUE
E9_SIS_B5_CC2_AnimalPos_preprocessed.csv,2023-11-24T18:30:00Z,,window_coverage,B5,CC2,2023-11-24T18:31:19.851Z,2023-11-25T06:30:00Z,2023-11-25T06:30:00Z,2023-11-25T18:30:00Z,2023-11-28T06:29:59.299Z,TRUE
E9_SIS_B5_CC3_AnimalPos_preprocessed.csv,2023-11-28T18:30:00Z,,window_coverage,B5,CC3,2023-11-28T18:30:22.259Z,2023-11-29T06:30:00Z,2023-11-29T06:30:00Z,2023-11-29T18:30:00Z,2023-12-02T06:29:54.596Z,TRUE
E9_SIS_B5_CC4_AnimalPos_preprocessed.csv,2023-12-02T18:30:00Z,,window_coverage,B5,CC4,2023-12-02T18:30:02.461Z,2023-12-03T06:30:00Z,2023-12-03T06:30:00Z,2023-12-03T18:30:00Z,2023-12-06T18:28:06.312Z,TRUE
E9_SIS_B6_CC1_AnimalPos_preprocessed.csv,2024-04-07T18:30:00Z,,window_coverage,B6,CC1,2024-04-07T18:31:29.236Z,2024-04-08T06:30:00Z,2024-04-08T06:30:00Z,2024-04-08T18:30:00Z,2024-04-11T06:29:38.601Z,TRUE
E9_SIS_B6_CC2_AnimalPos_preprocessed.csv,2024-04-11T18:30:00Z,,window_coverage,B6,CC2,2024-04-11T18:33:15.082Z,2024-04-12T06:30:00Z,2024-04-12T06:30:00Z,2024-04-12T18:30:00Z,2024-04-15T06:29:52.881Z,TRUE
E9_SIS_B6_CC3_AnimalPos_preprocessed.csv,2024-04-15T18:30:00Z,,window_coverage,B6,CC3,2024-04-15T18:30:12.546Z,2024-04-16T06:30:00Z,2024-04-16T06:30:00Z,2024-04-16T18:30:00Z,2024-04-19T06:29:51.884Z,TRUE
E9_SIS_B6_CC4_AnimalPos_preprocessed.csv,2024-04-19T18:30:00Z,,window_coverage,B6,CC4,2024-04-19T18:30:34.424Z,2024-04-20T06:30:00Z,2024-04-20T06:30:00Z,2024-04-20T18:30:00Z,2024-04-23T18:22:14.673Z,TRUE
