dataset,spatial_unit,theme_id,theme,n_fdr,median_NES,sg_unit,xpos,ypos,shared_NES_scale_limit,shared_scale_note
microglia,CA1,autophagy_lysosome_endosome,Autophagy / endolysosomal trafficking,8,1.4108379796443749,CA1,15,1,2,"one symmetric NES colour scale shared by RES-CON, SUS-CON and SUS-RES: the manuscript's fixed NES colour limit +/-2 (config/manuscript_palette.yml diverging_limits), shared by every GO-term NES panel; a median NES beyond it takes full colour and is kept here uncapped"
microglia,CA1,chromatin_organization,Chromatin organization / epigenetic regulation,0,-0.835564652974132,CA1,15,5,2,"one symmetric NES colour scale shared by RES-CON, SUS-CON and SUS-RES: the manuscript's fixed NES colour limit +/-2 (config/manuscript_palette.yml diverging_limits), shared by every GO-term NES panel; a median NES beyond it takes full colour and is kept here uncapped"
microglia,CA1,mitochondrial_respiration_oxphos,Mitochondrial respiration / OXPHOS,12,-1.7252925108803598,CA1,15,4,2,"one symmetric NES colour scale shared by RES-CON, SUS-CON and SUS-RES: the manuscript's fixed NES colour limit +/-2 (config/manuscript_palette.yml diverging_limits), shared by every GO-term NES panel; a median NES beyond it takes full colour and is kept here uncapped"
microglia,CA1,neuron_projection_development,Neuron projection development,24,1.67542658439121,CA1,15,2,2,"one symmetric NES colour scale shared by RES-CON, SUS-CON and SUS-RES: the manuscript's fixed NES colour limit +/-2 (config/manuscript_palette.yml diverging_limits), shared by every GO-term NES panel; a median NES beyond it takes full colour and is kept here uncapped"
microglia,CA1,ribosome_translation,Translation / ribosome biogenesis,2,0.593054599244132,CA1,15,6,2,"one symmetric NES colour scale shared by RES-CON, SUS-CON and SUS-RES: the manuscript's fixed NES colour limit +/-2 (config/manuscript_palette.yml diverging_limits), shared by every GO-term NES panel; a median NES beyond it takes full colour and is kept here uncapped"
microglia,CA1,rna_processing_splicing_rnp,RNA processing / splicing / RNP organization,7,-1.1184727038946,CA1,15,7,2,"one symmetric NES colour scale shared by RES-CON, SUS-CON and SUS-RES: the manuscript's fixed NES colour limit +/-2 (config/manuscript_palette.yml diverging_limits), shared by every GO-term NES panel; a median NES beyond it takes full colour and is kept here uncapped"
microglia,CA1,synaptic_signaling_vesicle,Synaptic signaling / vesicle-mediated transport,35,1.7564587446625501,CA1,15,3,2,"one symmetric NES colour scale shared by RES-CON, SUS-CON and SUS-RES: the manuscript's fixed NES colour limit +/-2 (config/manuscript_palette.yml diverging_limits), shared by every GO-term NES panel; a median NES beyond it takes full colour and is kept here uncapped"
microglia,CA2,autophagy_lysosome_endosome,Autophagy / endolysosomal trafficking,1,1.2252145715645701,CA2,16,1,2,"one symmetric NES colour scale shared by RES-CON, SUS-CON and SUS-RES: the manuscript's fixed NES colour limit +/-2 (config/manuscript_palette.yml diverging_limits), shared by every GO-term NES panel; a median NES beyond it takes full colour and is kept here uncapped"
microglia,CA2,chromatin_organization,Chromatin organization / epigenetic regulation,0,1.030664744572265,CA2,16,5,2,"one symmetric NES colour scale shared by RES-CON, SUS-CON and SUS-RES: the manuscript's fixed NES colour limit +/-2 (config/manuscript_palette.yml diverging_limits), shared by every GO-term NES panel; a median NES beyond it takes full colour and is kept here uncapped"
microglia,CA2,mitochondrial_respiration_oxphos,Mitochondrial respiration / OXPHOS,0,-1.43532083948811,CA2,16,4,2,"one symmetric NES colour scale shared by RES-CON, SUS-CON and SUS-RES: the manuscript's fixed NES colour limit +/-2 (config/manuscript_palette.yml diverging_limits), shared by every GO-term NES panel; a median NES beyond it takes full colour and is kept here uncapped"
microglia,CA2,neuron_projection_development,Neuron projection development,0,0.909178080359705,CA2,16,2,2,"one symmetric NES colour scale shared by RES-CON, SUS-CON and SUS-RES: the manuscript's fixed NES colour limit +/-2 (config/manuscript_palette.yml diverging_limits), shared by every GO-term NES panel; a median NES beyond it takes full colour and is kept here uncapped"
microglia,CA2,ribosome_translation,Translation / ribosome biogenesis,0,1.01419741758779,CA2,16,6,2,"one symmetric NES colour scale shared by RES-CON, SUS-CON and SUS-RES: the manuscript's fixed NES colour limit +/-2 (config/manuscript_palette.yml diverging_limits), shared by every GO-term NES panel; a median NES beyond it takes full colour and is kept here uncapped"
microglia,CA2,rna_processing_splicing_rnp,RNA processing / splicing / RNP organization,6,1.26309402067755,CA2,16,7,2,"one symmetric NES colour scale shared by RES-CON, SUS-CON and SUS-RES: the manuscript's fixed NES colour limit +/-2 (config/manuscript_palette.yml diverging_limits), shared by every GO-term NES panel; a median NES beyond it takes full colour and is kept here uncapped"
microglia,CA2,synaptic_signaling_vesicle,Synaptic signaling / vesicle-mediated transport,9,1.297756456221665,CA2,16,3,2,"one symmetric NES colour scale shared by RES-CON, SUS-CON and SUS-RES: the manuscript's fixed NES colour limit +/-2 (config/manuscript_palette.yml diverging_limits), shared by every GO-term NES panel; a median NES beyond it takes full colour and is kept here uncapped"
microglia,CA3,autophagy_lysosome_endosome,Autophagy / endolysosomal trafficking,0,0.9768554668009795,CA3,17,1,2,"one symmetric NES colour scale shared by RES-CON, SUS-CON and SUS-RES: the manuscript's fixed NES colour limit +/-2 (config/manuscript_palette.yml diverging_limits), shared by every GO-term NES panel; a median NES beyond it takes full colour and is kept here uncapped"
microglia,CA3,chromatin_organization,Chromatin organization / epigenetic regulation,0,0.916117878776644,CA3,17,5,2,"one symmetric NES colour scale shared by RES-CON, SUS-CON and SUS-RES: the manuscript's fixed NES colour limit +/-2 (config/manuscript_palette.yml diverging_limits), shared by every GO-term NES panel; a median NES beyond it takes full colour and is kept here uncapped"
microglia,CA3,mitochondrial_respiration_oxphos,Mitochondrial respiration / OXPHOS,0,-0.7896375899928205,CA3,17,4,2,"one symmetric NES colour scale shared by RES-CON, SUS-CON and SUS-RES: the manuscript's fixed NES colour limit +/-2 (config/manuscript_palette.yml diverging_limits), shared by every GO-term NES panel; a median NES beyond it takes full colour and is kept here uncapped"
microglia,CA3,neuron_projection_development,Neuron projection development,0,1.12078713308401,CA3,17,2,2,"one symmetric NES colour scale shared by RES-CON, SUS-CON and SUS-RES: the manuscript's fixed NES colour limit +/-2 (config/manuscript_palette.yml diverging_limits), shared by every GO-term NES panel; a median NES beyond it takes full colour and is kept here uncapped"
microglia,CA3,ribosome_translation,Translation / ribosome biogenesis,0,-0.890620255702787,CA3,17,6,2,"one symmetric NES colour scale shared by RES-CON, SUS-CON and SUS-RES: the manuscript's fixed NES colour limit +/-2 (config/manuscript_palette.yml diverging_limits), shared by every GO-term NES panel; a median NES beyond it takes full colour and is kept here uncapped"
microglia,CA3,rna_processing_splicing_rnp,RNA processing / splicing / RNP organization,0,-0.8026743691202629,CA3,17,7,2,"one symmetric NES colour scale shared by RES-CON, SUS-CON and SUS-RES: the manuscript's fixed NES colour limit +/-2 (config/manuscript_palette.yml diverging_limits), shared by every GO-term NES panel; a median NES beyond it takes full colour and is kept here uncapped"
microglia,CA3,synaptic_signaling_vesicle,Synaptic signaling / vesicle-mediated transport,0,1.10553742284122,CA3,17,3,2,"one symmetric NES colour scale shared by RES-CON, SUS-CON and SUS-RES: the manuscript's fixed NES colour limit +/-2 (config/manuscript_palette.yml diverging_limits), shared by every GO-term NES panel; a median NES beyond it takes full colour and is kept here uncapped"
microglia,DG,autophagy_lysosome_endosome,Autophagy / endolysosomal trafficking,0,1.055024925106395,DG,18,1,2,"one symmetric NES colour scale shared by RES-CON, SUS-CON and SUS-RES: the manuscript's fixed NES colour limit +/-2 (config/manuscript_palette.yml diverging_limits), shared by every GO-term NES panel; a median NES beyond it takes full colour and is kept here uncapped"
microglia,DG,chromatin_organization,Chromatin organization / epigenetic regulation,0,0.8390280116196476,DG,18,5,2,"one symmetric NES colour scale shared by RES-CON, SUS-CON and SUS-RES: the manuscript's fixed NES colour limit +/-2 (config/manuscript_palette.yml diverging_limits), shared by every GO-term NES panel; a median NES beyond it takes full colour and is kept here uncapped"
microglia,DG,mitochondrial_respiration_oxphos,Mitochondrial respiration / OXPHOS,0,0.5939668332025956,DG,18,4,2,"one symmetric NES colour scale shared by RES-CON, SUS-CON and SUS-RES: the manuscript's fixed NES colour limit +/-2 (config/manuscript_palette.yml diverging_limits), shared by every GO-term NES panel; a median NES beyond it takes full colour and is kept here uncapped"
microglia,DG,neuron_projection_development,Neuron projection development,0,1.30745898607189,DG,18,2,2,"one symmetric NES colour scale shared by RES-CON, SUS-CON and SUS-RES: the manuscript's fixed NES colour limit +/-2 (config/manuscript_palette.yml diverging_limits), shared by every GO-term NES panel; a median NES beyond it takes full colour and is kept here uncapped"
microglia,DG,ribosome_translation,Translation / ribosome biogenesis,0,0.957443378019654,DG,18,6,2,"one symmetric NES colour scale shared by RES-CON, SUS-CON and SUS-RES: the manuscript's fixed NES colour limit +/-2 (config/manuscript_palette.yml diverging_limits), shared by every GO-term NES panel; a median NES beyond it takes full colour and is kept here uncapped"
microglia,DG,rna_processing_splicing_rnp,RNA processing / splicing / RNP organization,0,0.8284491902815005,DG,18,7,2,"one symmetric NES colour scale shared by RES-CON, SUS-CON and SUS-RES: the manuscript's fixed NES colour limit +/-2 (config/manuscript_palette.yml diverging_limits), shared by every GO-term NES panel; a median NES beyond it takes full colour and is kept here uncapped"
microglia,DG,synaptic_signaling_vesicle,Synaptic signaling / vesicle-mediated transport,0,1.26233562320442,DG,18,3,2,"one symmetric NES colour scale shared by RES-CON, SUS-CON and SUS-RES: the manuscript's fixed NES colour limit +/-2 (config/manuscript_palette.yml diverging_limits), shared by every GO-term NES panel; a median NES beyond it takes full colour and is kept here uncapped"
neuron_neuropil,CA1_slm,autophagy_lysosome_endosome,Autophagy / endolysosomal trafficking,0,1.1909274071434401,CA1_slm,3,1,2,"one symmetric NES colour scale shared by RES-CON, SUS-CON and SUS-RES: the manuscript's fixed NES colour limit +/-2 (config/manuscript_palette.yml diverging_limits), shared by every GO-term NES panel; a median NES beyond it takes full colour and is kept here uncapped"
neuron_neuropil,CA1_slm,chromatin_organization,Chromatin organization / epigenetic regulation,0,0.819295859106645,CA1_slm,3,5,2,"one symmetric NES colour scale shared by RES-CON, SUS-CON and SUS-RES: the manuscript's fixed NES colour limit +/-2 (config/manuscript_palette.yml diverging_limits), shared by every GO-term NES panel; a median NES beyond it takes full colour and is kept here uncapped"
neuron_neuropil,CA1_slm,mitochondrial_respiration_oxphos,Mitochondrial respiration / OXPHOS,0,0.45382615792362047,CA1_slm,3,4,2,"one symmetric NES colour scale shared by RES-CON, SUS-CON and SUS-RES: the manuscript's fixed NES colour limit +/-2 (config/manuscript_palette.yml diverging_limits), shared by every GO-term NES panel; a median NES beyond it takes full colour and is kept here uncapped"
neuron_neuropil,CA1_slm,neuron_projection_development,Neuron projection development,1,1.38367960087543,CA1_slm,3,2,2,"one symmetric NES colour scale shared by RES-CON, SUS-CON and SUS-RES: the manuscript's fixed NES colour limit +/-2 (config/manuscript_palette.yml diverging_limits), shared by every GO-term NES panel; a median NES beyond it takes full colour and is kept here uncapped"
neuron_neuropil,CA1_slm,ribosome_translation,Translation / ribosome biogenesis,0,1.032741201107545,CA1_slm,3,6,2,"one symmetric NES colour scale shared by RES-CON, SUS-CON and SUS-RES: the manuscript's fixed NES colour limit +/-2 (config/manuscript_palette.yml diverging_limits), shared by every GO-term NES panel; a median NES beyond it takes full colour and is kept here uncapped"
neuron_neuropil,CA1_slm,rna_processing_splicing_rnp,RNA processing / splicing / RNP organization,0,0.568267330417886,CA1_slm,3,7,2,"one symmetric NES colour scale shared by RES-CON, SUS-CON and SUS-RES: the manuscript's fixed NES colour limit +/-2 (config/manuscript_palette.yml diverging_limits), shared by every GO-term NES panel; a median NES beyond it takes full colour and is kept here uncapped"
neuron_neuropil,CA1_slm,synaptic_signaling_vesicle,Synaptic signaling / vesicle-mediated transport,9,1.368336383539255,CA1_slm,3,3,2,"one symmetric NES colour scale shared by RES-CON, SUS-CON and SUS-RES: the manuscript's fixed NES colour limit +/-2 (config/manuscript_palette.yml diverging_limits), shared by every GO-term NES panel; a median NES beyond it takes full colour and is kept here uncapped"
neuron_neuropil,CA1_so,autophagy_lysosome_endosome,Autophagy / endolysosomal trafficking,0,0.6949509624209804,CA1_so,1,1,2,"one symmetric NES colour scale shared by RES-CON, SUS-CON and SUS-RES: the manuscript's fixed NES colour limit +/-2 (config/manuscript_palette.yml diverging_limits), shared by every GO-term NES panel; a median NES beyond it takes full colour and is kept here uncapped"
neuron_neuropil,CA1_so,chromatin_organization,Chromatin organization / epigenetic regulation,0,1.55573864994857,CA1_so,1,5,2,"one symmetric NES colour scale shared by RES-CON, SUS-CON and SUS-RES: the manuscript's fixed NES colour limit +/-2 (config/manuscript_palette.yml diverging_limits), shared by every GO-term NES panel; a median NES beyond it takes full colour and is kept here uncapped"
neuron_neuropil,CA1_so,mitochondrial_respiration_oxphos,Mitochondrial respiration / OXPHOS,0,-1.2723644346836251,CA1_so,1,4,2,"one symmetric NES colour scale shared by RES-CON, SUS-CON and SUS-RES: the manuscript's fixed NES colour limit +/-2 (config/manuscript_palette.yml diverging_limits), shared by every GO-term NES panel; a median NES beyond it takes full colour and is kept here uncapped"
neuron_neuropil,CA1_so,neuron_projection_development,Neuron projection development,0,-0.659330416567008,CA1_so,1,2,2,"one symmetric NES colour scale shared by RES-CON, SUS-CON and SUS-RES: the manuscript's fixed NES colour limit +/-2 (config/manuscript_palette.yml diverging_limits), shared by every GO-term NES panel; a median NES beyond it takes full colour and is kept here uncapped"
neuron_neuropil,CA1_so,ribosome_translation,Translation / ribosome biogenesis,11,1.53929979478067,CA1_so,1,6,2,"one symmetric NES colour scale shared by RES-CON, SUS-CON and SUS-RES: the manuscript's fixed NES colour limit +/-2 (config/manuscript_palette.yml diverging_limits), shared by every GO-term NES panel; a median NES beyond it takes full colour and is kept here uncapped"
neuron_neuropil,CA1_so,rna_processing_splicing_rnp,RNA processing / splicing / RNP organization,10,1.386405517169375,CA1_so,1,7,2,"one symmetric NES colour scale shared by RES-CON, SUS-CON and SUS-RES: the manuscript's fixed NES colour limit +/-2 (config/manuscript_palette.yml diverging_limits), shared by every GO-term NES panel; a median NES beyond it takes full colour and is kept here uncapped"
neuron_neuropil,CA1_so,synaptic_signaling_vesicle,Synaptic signaling / vesicle-mediated transport,0,-1.0098830213647298,CA1_so,1,3,2,"one symmetric NES colour scale shared by RES-CON, SUS-CON and SUS-RES: the manuscript's fixed NES colour limit +/-2 (config/manuscript_palette.yml diverging_limits), shared by every GO-term NES panel; a median NES beyond it takes full colour and is kept here uncapped"
neuron_neuropil,CA1_sr,autophagy_lysosome_endosome,Autophagy / endolysosomal trafficking,0,1.1444961203054,CA1_sr,2,1,2,"one symmetric NES colour scale shared by RES-CON, SUS-CON and SUS-RES: the manuscript's fixed NES colour limit +/-2 (config/manuscript_palette.yml diverging_limits), shared by every GO-term NES panel; a median NES beyond it takes full colour and is kept here uncapped"
neuron_neuropil,CA1_sr,chromatin_organization,Chromatin organization / epigenetic regulation,0,1.16380921926586,CA1_sr,2,5,2,"one symmetric NES colour scale shared by RES-CON, SUS-CON and SUS-RES: the manuscript's fixed NES colour limit +/-2 (config/manuscript_palette.yml diverging_limits), shared by every GO-term NES panel; a median NES beyond it takes full colour and is kept here uncapped"
neuron_neuropil,CA1_sr,mitochondrial_respiration_oxphos,Mitochondrial respiration / OXPHOS,0,0.8832185032250315,CA1_sr,2,4,2,"one symmetric NES colour scale shared by RES-CON, SUS-CON and SUS-RES: the manuscript's fixed NES colour limit +/-2 (config/manuscript_palette.yml diverging_limits), shared by every GO-term NES panel; a median NES beyond it takes full colour and is kept here uncapped"
neuron_neuropil,CA1_sr,neuron_projection_development,Neuron projection development,0,1.19123818313747,CA1_sr,2,2,2,"one symmetric NES colour scale shared by RES-CON, SUS-CON and SUS-RES: the manuscript's fixed NES colour limit +/-2 (config/manuscript_palette.yml diverging_limits), shared by every GO-term NES panel; a median NES beyond it takes full colour and is kept here uncapped"
neuron_neuropil,CA1_sr,ribosome_translation,Translation / ribosome biogenesis,0,1.015059502826648,CA1_sr,2,6,2,"one symmetric NES colour scale shared by RES-CON, SUS-CON and SUS-RES: the manuscript's fixed NES colour limit +/-2 (config/manuscript_palette.yml diverging_limits), shared by every GO-term NES panel; a median NES beyond it takes full colour and is kept here uncapped"
neuron_neuropil,CA1_sr,rna_processing_splicing_rnp,RNA processing / splicing / RNP organization,0,0.7902076799093081,CA1_sr,2,7,2,"one symmetric NES colour scale shared by RES-CON, SUS-CON and SUS-RES: the manuscript's fixed NES colour limit +/-2 (config/manuscript_palette.yml diverging_limits), shared by every GO-term NES panel; a median NES beyond it takes full colour and is kept here uncapped"
neuron_neuropil,CA1_sr,synaptic_signaling_vesicle,Synaptic signaling / vesicle-mediated transport,0,0.999703399343836,CA1_sr,2,3,2,"one symmetric NES colour scale shared by RES-CON, SUS-CON and SUS-RES: the manuscript's fixed NES colour limit +/-2 (config/manuscript_palette.yml diverging_limits), shared by every GO-term NES panel; a median NES beyond it takes full colour and is kept here uncapped"
neuron_neuropil,CA2_slm,autophagy_lysosome_endosome,Autophagy / endolysosomal trafficking,0,0.97736260394773,CA2_slm,6,1,2,"one symmetric NES colour scale shared by RES-CON, SUS-CON and SUS-RES: the manuscript's fixed NES colour limit +/-2 (config/manuscript_palette.yml diverging_limits), shared by every GO-term NES panel; a median NES beyond it takes full colour and is kept here uncapped"
neuron_neuropil,CA2_slm,chromatin_organization,Chromatin organization / epigenetic regulation,0,0.886112704932968,CA2_slm,6,5,2,"one symmetric NES colour scale shared by RES-CON, SUS-CON and SUS-RES: the manuscript's fixed NES colour limit +/-2 (config/manuscript_palette.yml diverging_limits), shared by every GO-term NES panel; a median NES beyond it takes full colour and is kept here uncapped"
neuron_neuropil,CA2_slm,mitochondrial_respiration_oxphos,Mitochondrial respiration / OXPHOS,0,-1.314946144821125,CA2_slm,6,4,2,"one symmetric NES colour scale shared by RES-CON, SUS-CON and SUS-RES: the manuscript's fixed NES colour limit +/-2 (config/manuscript_palette.yml diverging_limits), shared by every GO-term NES panel; a median NES beyond it takes full colour and is kept here uncapped"
neuron_neuropil,CA2_slm,neuron_projection_development,Neuron projection development,1,1.29409730644329,CA2_slm,6,2,2,"one symmetric NES colour scale shared by RES-CON, SUS-CON and SUS-RES: the manuscript's fixed NES colour limit +/-2 (config/manuscript_palette.yml diverging_limits), shared by every GO-term NES panel; a median NES beyond it takes full colour and is kept here uncapped"
neuron_neuropil,CA2_slm,ribosome_translation,Translation / ribosome biogenesis,6,1.420953436322685,CA2_slm,6,6,2,"one symmetric NES colour scale shared by RES-CON, SUS-CON and SUS-RES: the manuscript's fixed NES colour limit +/-2 (config/manuscript_palette.yml diverging_limits), shared by every GO-term NES panel; a median NES beyond it takes full colour and is kept here uncapped"
neuron_neuropil,CA2_slm,rna_processing_splicing_rnp,RNA processing / splicing / RNP organization,12,1.4844486097836551,CA2_slm,6,7,2,"one symmetric NES colour scale shared by RES-CON, SUS-CON and SUS-RES: the manuscript's fixed NES colour limit +/-2 (config/manuscript_palette.yml diverging_limits), shared by every GO-term NES panel; a median NES beyond it takes full colour and is kept here uncapped"
neuron_neuropil,CA2_slm,synaptic_signaling_vesicle,Synaptic signaling / vesicle-mediated transport,0,1.0931725767627052,CA2_slm,6,3,2,"one symmetric NES colour scale shared by RES-CON, SUS-CON and SUS-RES: the manuscript's fixed NES colour limit +/-2 (config/manuscript_palette.yml diverging_limits), shared by every GO-term NES panel; a median NES beyond it takes full colour and is kept here uncapped"
neuron_neuropil,CA2_so,autophagy_lysosome_endosome,Autophagy / endolysosomal trafficking,0,-0.9255336463322066,CA2_so,4,1,2,"one symmetric NES colour scale shared by RES-CON, SUS-CON and SUS-RES: the manuscript's fixed NES colour limit +/-2 (config/manuscript_palette.yml diverging_limits), shared by every GO-term NES panel; a median NES beyond it takes full colour and is kept here uncapped"
neuron_neuropil,CA2_so,chromatin_organization,Chromatin organization / epigenetic regulation,0,0.874338817575468,CA2_so,4,5,2,"one symmetric NES colour scale shared by RES-CON, SUS-CON and SUS-RES: the manuscript's fixed NES colour limit +/-2 (config/manuscript_palette.yml diverging_limits), shared by every GO-term NES panel; a median NES beyond it takes full colour and is kept here uncapped"
neuron_neuropil,CA2_so,mitochondrial_respiration_oxphos,Mitochondrial respiration / OXPHOS,0,-0.901221601098869,CA2_so,4,4,2,"one symmetric NES colour scale shared by RES-CON, SUS-CON and SUS-RES: the manuscript's fixed NES colour limit +/-2 (config/manuscript_palette.yml diverging_limits), shared by every GO-term NES panel; a median NES beyond it takes full colour and is kept here uncapped"
neuron_neuropil,CA2_so,neuron_projection_development,Neuron projection development,0,-0.888161562910297,CA2_so,4,2,2,"one symmetric NES colour scale shared by RES-CON, SUS-CON and SUS-RES: the manuscript's fixed NES colour limit +/-2 (config/manuscript_palette.yml diverging_limits), shared by every GO-term NES panel; a median NES beyond it takes full colour and is kept here uncapped"
neuron_neuropil,CA2_so,ribosome_translation,Translation / ribosome biogenesis,1,-1.1146989713711601,CA2_so,4,6,2,"one symmetric NES colour scale shared by RES-CON, SUS-CON and SUS-RES: the manuscript's fixed NES colour limit +/-2 (config/manuscript_palette.yml diverging_limits), shared by every GO-term NES panel; a median NES beyond it takes full colour and is kept here uncapped"
neuron_neuropil,CA2_so,rna_processing_splicing_rnp,RNA processing / splicing / RNP organization,2,1.2213166650640002,CA2_so,4,7,2,"one symmetric NES colour scale shared by RES-CON, SUS-CON and SUS-RES: the manuscript's fixed NES colour limit +/-2 (config/manuscript_palette.yml diverging_limits), shared by every GO-term NES panel; a median NES beyond it takes full colour and is kept here uncapped"
neuron_neuropil,CA2_so,synaptic_signaling_vesicle,Synaptic signaling / vesicle-mediated transport,0,-0.8513770555723035,CA2_so,4,3,2,"one symmetric NES colour scale shared by RES-CON, SUS-CON and SUS-RES: the manuscript's fixed NES colour limit +/-2 (config/manuscript_palette.yml diverging_limits), shared by every GO-term NES panel; a median NES beyond it takes full colour and is kept here uncapped"
neuron_neuropil,CA2_sr,autophagy_lysosome_endosome,Autophagy / endolysosomal trafficking,0,1.0559390567158649,CA2_sr,5,1,2,"one symmetric NES colour scale shared by RES-CON, SUS-CON and SUS-RES: the manuscript's fixed NES colour limit +/-2 (config/manuscript_palette.yml diverging_limits), shared by every GO-term NES panel; a median NES beyond it takes full colour and is kept here uncapped"
neuron_neuropil,CA2_sr,chromatin_organization,Chromatin organization / epigenetic regulation,0,1.06527691805229,CA2_sr,5,5,2,"one symmetric NES colour scale shared by RES-CON, SUS-CON and SUS-RES: the manuscript's fixed NES colour limit +/-2 (config/manuscript_palette.yml diverging_limits), shared by every GO-term NES panel; a median NES beyond it takes full colour and is kept here uncapped"
neuron_neuropil,CA2_sr,mitochondrial_respiration_oxphos,Mitochondrial respiration / OXPHOS,0,-1.294699441343895,CA2_sr,5,4,2,"one symmetric NES colour scale shared by RES-CON, SUS-CON and SUS-RES: the manuscript's fixed NES colour limit +/-2 (config/manuscript_palette.yml diverging_limits), shared by every GO-term NES panel; a median NES beyond it takes full colour and is kept here uncapped"
neuron_neuropil,CA2_sr,neuron_projection_development,Neuron projection development,1,1.04271173231439,CA2_sr,5,2,2,"one symmetric NES colour scale shared by RES-CON, SUS-CON and SUS-RES: the manuscript's fixed NES colour limit +/-2 (config/manuscript_palette.yml diverging_limits), shared by every GO-term NES panel; a median NES beyond it takes full colour and is kept here uncapped"
neuron_neuropil,CA2_sr,ribosome_translation,Translation / ribosome biogenesis,7,1.26356506250377,CA2_sr,5,6,2,"one symmetric NES colour scale shared by RES-CON, SUS-CON and SUS-RES: the manuscript's fixed NES colour limit +/-2 (config/manuscript_palette.yml diverging_limits), shared by every GO-term NES panel; a median NES beyond it takes full colour and is kept here uncapped"
neuron_neuropil,CA2_sr,rna_processing_splicing_rnp,RNA processing / splicing / RNP organization,1,1.373460306666595,CA2_sr,5,7,2,"one symmetric NES colour scale shared by RES-CON, SUS-CON and SUS-RES: the manuscript's fixed NES colour limit +/-2 (config/manuscript_palette.yml diverging_limits), shared by every GO-term NES panel; a median NES beyond it takes full colour and is kept here uncapped"
neuron_neuropil,CA2_sr,synaptic_signaling_vesicle,Synaptic signaling / vesicle-mediated transport,0,0.9997325613177944,CA2_sr,5,3,2,"one symmetric NES colour scale shared by RES-CON, SUS-CON and SUS-RES: the manuscript's fixed NES colour limit +/-2 (config/manuscript_palette.yml diverging_limits), shared by every GO-term NES panel; a median NES beyond it takes full colour and is kept here uncapped"
neuron_neuropil,CA3_so,autophagy_lysosome_endosome,Autophagy / endolysosomal trafficking,0,1.2677455342879251,CA3_so,7,1,2,"one symmetric NES colour scale shared by RES-CON, SUS-CON and SUS-RES: the manuscript's fixed NES colour limit +/-2 (config/manuscript_palette.yml diverging_limits), shared by every GO-term NES panel; a median NES beyond it takes full colour and is kept here uncapped"
neuron_neuropil,CA3_so,chromatin_organization,Chromatin organization / epigenetic regulation,2,-1.57182528297611,CA3_so,7,5,2,"one symmetric NES colour scale shared by RES-CON, SUS-CON and SUS-RES: the manuscript's fixed NES colour limit +/-2 (config/manuscript_palette.yml diverging_limits), shared by every GO-term NES panel; a median NES beyond it takes full colour and is kept here uncapped"
neuron_neuropil,CA3_so,mitochondrial_respiration_oxphos,Mitochondrial respiration / OXPHOS,0,0.9527390866244976,CA3_so,7,4,2,"one symmetric NES colour scale shared by RES-CON, SUS-CON and SUS-RES: the manuscript's fixed NES colour limit +/-2 (config/manuscript_palette.yml diverging_limits), shared by every GO-term NES panel; a median NES beyond it takes full colour and is kept here uncapped"
neuron_neuropil,CA3_so,neuron_projection_development,Neuron projection development,13,1.51784492195989,CA3_so,7,2,2,"one symmetric NES colour scale shared by RES-CON, SUS-CON and SUS-RES: the manuscript's fixed NES colour limit +/-2 (config/manuscript_palette.yml diverging_limits), shared by every GO-term NES panel; a median NES beyond it takes full colour and is kept here uncapped"
neuron_neuropil,CA3_so,ribosome_translation,Translation / ribosome biogenesis,4,-1.22933201190925,CA3_so,7,6,2,"one symmetric NES colour scale shared by RES-CON, SUS-CON and SUS-RES: the manuscript's fixed NES colour limit +/-2 (config/manuscript_palette.yml diverging_limits), shared by every GO-term NES panel; a median NES beyond it takes full colour and is kept here uncapped"
neuron_neuropil,CA3_so,rna_processing_splicing_rnp,RNA processing / splicing / RNP organization,12,-1.5796817211855099,CA3_so,7,7,2,"one symmetric NES colour scale shared by RES-CON, SUS-CON and SUS-RES: the manuscript's fixed NES colour limit +/-2 (config/manuscript_palette.yml diverging_limits), shared by every GO-term NES panel; a median NES beyond it takes full colour and is kept here uncapped"
neuron_neuropil,CA3_so,synaptic_signaling_vesicle,Synaptic signaling / vesicle-mediated transport,22,1.41803797448224,CA3_so,7,3,2,"one symmetric NES colour scale shared by RES-CON, SUS-CON and SUS-RES: the manuscript's fixed NES colour limit +/-2 (config/manuscript_palette.yml diverging_limits), shared by every GO-term NES panel; a median NES beyond it takes full colour and is kept here uncapped"
neuron_neuropil,CA3_sr,autophagy_lysosome_endosome,Autophagy / endolysosomal trafficking,0,1.13977195769295,CA3_sr,8,1,2,"one symmetric NES colour scale shared by RES-CON, SUS-CON and SUS-RES: the manuscript's fixed NES colour limit +/-2 (config/manuscript_palette.yml diverging_limits), shared by every GO-term NES panel; a median NES beyond it takes full colour and is kept here uncapped"
neuron_neuropil,CA3_sr,chromatin_organization,Chromatin organization / epigenetic regulation,0,0.759938220894638,CA3_sr,8,5,2,"one symmetric NES colour scale shared by RES-CON, SUS-CON and SUS-RES: the manuscript's fixed NES colour limit +/-2 (config/manuscript_palette.yml diverging_limits), shared by every GO-term NES panel; a median NES beyond it takes full colour and is kept here uncapped"
neuron_neuropil,CA3_sr,mitochondrial_respiration_oxphos,Mitochondrial respiration / OXPHOS,8,1.8147442304253052,CA3_sr,8,4,2,"one symmetric NES colour scale shared by RES-CON, SUS-CON and SUS-RES: the manuscript's fixed NES colour limit +/-2 (config/manuscript_palette.yml diverging_limits), shared by every GO-term NES panel; a median NES beyond it takes full colour and is kept here uncapped"
neuron_neuropil,CA3_sr,neuron_projection_development,Neuron projection development,0,1.10873289053249,CA3_sr,8,2,2,"one symmetric NES colour scale shared by RES-CON, SUS-CON and SUS-RES: the manuscript's fixed NES colour limit +/-2 (config/manuscript_palette.yml diverging_limits), shared by every GO-term NES panel; a median NES beyond it takes full colour and is kept here uncapped"
neuron_neuropil,CA3_sr,ribosome_translation,Translation / ribosome biogenesis,0,0.7411082740195909,CA3_sr,8,6,2,"one symmetric NES colour scale shared by RES-CON, SUS-CON and SUS-RES: the manuscript's fixed NES colour limit +/-2 (config/manuscript_palette.yml diverging_limits), shared by every GO-term NES panel; a median NES beyond it takes full colour and is kept here uncapped"
neuron_neuropil,CA3_sr,rna_processing_splicing_rnp,RNA processing / splicing / RNP organization,0,-0.843064743766691,CA3_sr,8,7,2,"one symmetric NES colour scale shared by RES-CON, SUS-CON and SUS-RES: the manuscript's fixed NES colour limit +/-2 (config/manuscript_palette.yml diverging_limits), shared by every GO-term NES panel; a median NES beyond it takes full colour and is kept here uncapped"
neuron_neuropil,CA3_sr,synaptic_signaling_vesicle,Synaptic signaling / vesicle-mediated transport,2,1.27617110696208,CA3_sr,8,3,2,"one symmetric NES colour scale shared by RES-CON, SUS-CON and SUS-RES: the manuscript's fixed NES colour limit +/-2 (config/manuscript_palette.yml diverging_limits), shared by every GO-term NES panel; a median NES beyond it takes full colour and is kept here uncapped"
neuron_neuropil,DG_mo,autophagy_lysosome_endosome,Autophagy / endolysosomal trafficking,2,0.913481441129246,DG_mo,9,1,2,"one symmetric NES colour scale shared by RES-CON, SUS-CON and SUS-RES: the manuscript's fixed NES colour limit +/-2 (config/manuscript_palette.yml diverging_limits), shared by every GO-term NES panel; a median NES beyond it takes full colour and is kept here uncapped"
neuron_neuropil,DG_mo,chromatin_organization,Chromatin organization / epigenetic regulation,0,-1.13606557110131,DG_mo,9,5,2,"one symmetric NES colour scale shared by RES-CON, SUS-CON and SUS-RES: the manuscript's fixed NES colour limit +/-2 (config/manuscript_palette.yml diverging_limits), shared by every GO-term NES panel; a median NES beyond it takes full colour and is kept here uncapped"
neuron_neuropil,DG_mo,mitochondrial_respiration_oxphos,Mitochondrial respiration / OXPHOS,1,-1.0054808688411685,DG_mo,9,4,2,"one symmetric NES colour scale shared by RES-CON, SUS-CON and SUS-RES: the manuscript's fixed NES colour limit +/-2 (config/manuscript_palette.yml diverging_limits), shared by every GO-term NES panel; a median NES beyond it takes full colour and is kept here uncapped"
neuron_neuropil,DG_mo,neuron_projection_development,Neuron projection development,6,1.49505545383274,DG_mo,9,2,2,"one symmetric NES colour scale shared by RES-CON, SUS-CON and SUS-RES: the manuscript's fixed NES colour limit +/-2 (config/manuscript_palette.yml diverging_limits), shared by every GO-term NES panel; a median NES beyond it takes full colour and is kept here uncapped"
neuron_neuropil,DG_mo,ribosome_translation,Translation / ribosome biogenesis,0,-0.896493011552878,DG_mo,9,6,2,"one symmetric NES colour scale shared by RES-CON, SUS-CON and SUS-RES: the manuscript's fixed NES colour limit +/-2 (config/manuscript_palette.yml diverging_limits), shared by every GO-term NES panel; a median NES beyond it takes full colour and is kept here uncapped"
neuron_neuropil,DG_mo,rna_processing_splicing_rnp,RNA processing / splicing / RNP organization,6,-1.314440888278095,DG_mo,9,7,2,"one symmetric NES colour scale shared by RES-CON, SUS-CON and SUS-RES: the manuscript's fixed NES colour limit +/-2 (config/manuscript_palette.yml diverging_limits), shared by every GO-term NES panel; a median NES beyond it takes full colour and is kept here uncapped"
neuron_neuropil,DG_mo,synaptic_signaling_vesicle,Synaptic signaling / vesicle-mediated transport,1,1.28392466031366,DG_mo,9,3,2,"one symmetric NES colour scale shared by RES-CON, SUS-CON and SUS-RES: the manuscript's fixed NES colour limit +/-2 (config/manuscript_palette.yml diverging_limits), shared by every GO-term NES panel; a median NES beyond it takes full colour and is kept here uncapped"
neuron_neuropil,DG_po,autophagy_lysosome_endosome,Autophagy / endolysosomal trafficking,0,1.25959149245215,DG_po,10,1,2,"one symmetric NES colour scale shared by RES-CON, SUS-CON and SUS-RES: the manuscript's fixed NES colour limit +/-2 (config/manuscript_palette.yml diverging_limits), shared by every GO-term NES panel; a median NES beyond it takes full colour and is kept here uncapped"
neuron_neuropil,DG_po,chromatin_organization,Chromatin organization / epigenetic regulation,0,-0.744712567976322,DG_po,10,5,2,"one symmetric NES colour scale shared by RES-CON, SUS-CON and SUS-RES: the manuscript's fixed NES colour limit +/-2 (config/manuscript_palette.yml diverging_limits), shared by every GO-term NES panel; a median NES beyond it takes full colour and is kept here uncapped"
neuron_neuropil,DG_po,mitochondrial_respiration_oxphos,Mitochondrial respiration / OXPHOS,0,1.23807152986512,DG_po,10,4,2,"one symmetric NES colour scale shared by RES-CON, SUS-CON and SUS-RES: the manuscript's fixed NES colour limit +/-2 (config/manuscript_palette.yml diverging_limits), shared by every GO-term NES panel; a median NES beyond it takes full colour and is kept here uncapped"
neuron_neuropil,DG_po,neuron_projection_development,Neuron projection development,0,1.26424981909835,DG_po,10,2,2,"one symmetric NES colour scale shared by RES-CON, SUS-CON and SUS-RES: the manuscript's fixed NES colour limit +/-2 (config/manuscript_palette.yml diverging_limits), shared by every GO-term NES panel; a median NES beyond it takes full colour and is kept here uncapped"
neuron_neuropil,DG_po,ribosome_translation,Translation / ribosome biogenesis,5,1.25528692584715,DG_po,10,6,2,"one symmetric NES colour scale shared by RES-CON, SUS-CON and SUS-RES: the manuscript's fixed NES colour limit +/-2 (config/manuscript_palette.yml diverging_limits), shared by every GO-term NES panel; a median NES beyond it takes full colour and is kept here uncapped"
neuron_neuropil,DG_po,rna_processing_splicing_rnp,RNA processing / splicing / RNP organization,0,1.0161744320241979,DG_po,10,7,2,"one symmetric NES colour scale shared by RES-CON, SUS-CON and SUS-RES: the manuscript's fixed NES colour limit +/-2 (config/manuscript_palette.yml diverging_limits), shared by every GO-term NES panel; a median NES beyond it takes full colour and is kept here uncapped"
neuron_neuropil,DG_po,synaptic_signaling_vesicle,Synaptic signaling / vesicle-mediated transport,2,1.2775716022362849,DG_po,10,3,2,"one symmetric NES colour scale shared by RES-CON, SUS-CON and SUS-RES: the manuscript's fixed NES colour limit +/-2 (config/manuscript_palette.yml diverging_limits), shared by every GO-term NES panel; a median NES beyond it takes full colour and is kept here uncapped"
neuron_soma,CA1_sp,autophagy_lysosome_endosome,Autophagy / endolysosomal trafficking,0,0.9537855541941664,CA1_sp,11,1,2,"one symmetric NES colour scale shared by RES-CON, SUS-CON and SUS-RES: the manuscript's fixed NES colour limit +/-2 (config/manuscript_palette.yml diverging_limits), shared by every GO-term NES panel; a median NES beyond it takes full colour and is kept here uncapped"
neuron_soma,CA1_sp,chromatin_organization,Chromatin organization / epigenetic regulation,0,0.88673883188651,CA1_sp,11,5,2,"one symmetric NES colour scale shared by RES-CON, SUS-CON and SUS-RES: the manuscript's fixed NES colour limit +/-2 (config/manuscript_palette.yml diverging_limits), shared by every GO-term NES panel; a median NES beyond it takes full colour and is kept here uncapped"
neuron_soma,CA1_sp,mitochondrial_respiration_oxphos,Mitochondrial respiration / OXPHOS,0,1.45619493487133,CA1_sp,11,4,2,"one symmetric NES colour scale shared by RES-CON, SUS-CON and SUS-RES: the manuscript's fixed NES colour limit +/-2 (config/manuscript_palette.yml diverging_limits), shared by every GO-term NES panel; a median NES beyond it takes full colour and is kept here uncapped"
neuron_soma,CA1_sp,neuron_projection_development,Neuron projection development,0,0.9118041645710575,CA1_sp,11,2,2,"one symmetric NES colour scale shared by RES-CON, SUS-CON and SUS-RES: the manuscript's fixed NES colour limit +/-2 (config/manuscript_palette.yml diverging_limits), shared by every GO-term NES panel; a median NES beyond it takes full colour and is kept here uncapped"
neuron_soma,CA1_sp,ribosome_translation,Translation / ribosome biogenesis,4,1.43992473897361,CA1_sp,11,6,2,"one symmetric NES colour scale shared by RES-CON, SUS-CON and SUS-RES: the manuscript's fixed NES colour limit +/-2 (config/manuscript_palette.yml diverging_limits), shared by every GO-term NES panel; a median NES beyond it takes full colour and is kept here uncapped"
neuron_soma,CA1_sp,rna_processing_splicing_rnp,RNA processing / splicing / RNP organization,3,1.27835294737522,CA1_sp,11,7,2,"one symmetric NES colour scale shared by RES-CON, SUS-CON and SUS-RES: the manuscript's fixed NES colour limit +/-2 (config/manuscript_palette.yml diverging_limits), shared by every GO-term NES panel; a median NES beyond it takes full colour and is kept here uncapped"
neuron_soma,CA1_sp,synaptic_signaling_vesicle,Synaptic signaling / vesicle-mediated transport,0,0.9076591626906385,CA1_sp,11,3,2,"one symmetric NES colour scale shared by RES-CON, SUS-CON and SUS-RES: the manuscript's fixed NES colour limit +/-2 (config/manuscript_palette.yml diverging_limits), shared by every GO-term NES panel; a median NES beyond it takes full colour and is kept here uncapped"
neuron_soma,CA2_sp,autophagy_lysosome_endosome,Autophagy / endolysosomal trafficking,0,1.04883437552096,CA2_sp,12,1,2,"one symmetric NES colour scale shared by RES-CON, SUS-CON and SUS-RES: the manuscript's fixed NES colour limit +/-2 (config/manuscript_palette.yml diverging_limits), shared by every GO-term NES panel; a median NES beyond it takes full colour and is kept here uncapped"
neuron_soma,CA2_sp,chromatin_organization,Chromatin organization / epigenetic regulation,0,-1.12833491713094,CA2_sp,12,5,2,"one symmetric NES colour scale shared by RES-CON, SUS-CON and SUS-RES: the manuscript's fixed NES colour limit +/-2 (config/manuscript_palette.yml diverging_limits), shared by every GO-term NES panel; a median NES beyond it takes full colour and is kept here uncapped"
neuron_soma,CA2_sp,mitochondrial_respiration_oxphos,Mitochondrial respiration / OXPHOS,0,0.659150852339577,CA2_sp,12,4,2,"one symmetric NES colour scale shared by RES-CON, SUS-CON and SUS-RES: the manuscript's fixed NES colour limit +/-2 (config/manuscript_palette.yml diverging_limits), shared by every GO-term NES panel; a median NES beyond it takes full colour and is kept here uncapped"
neuron_soma,CA2_sp,neuron_projection_development,Neuron projection development,0,1.2152401372099848,CA2_sp,12,2,2,"one symmetric NES colour scale shared by RES-CON, SUS-CON and SUS-RES: the manuscript's fixed NES colour limit +/-2 (config/manuscript_palette.yml diverging_limits), shared by every GO-term NES panel; a median NES beyond it takes full colour and is kept here uncapped"
neuron_soma,CA2_sp,ribosome_translation,Translation / ribosome biogenesis,0,-0.638547898918103,CA2_sp,12,6,2,"one symmetric NES colour scale shared by RES-CON, SUS-CON and SUS-RES: the manuscript's fixed NES colour limit +/-2 (config/manuscript_palette.yml diverging_limits), shared by every GO-term NES panel; a median NES beyond it takes full colour and is kept here uncapped"
neuron_soma,CA2_sp,rna_processing_splicing_rnp,RNA processing / splicing / RNP organization,0,-0.686227960802691,CA2_sp,12,7,2,"one symmetric NES colour scale shared by RES-CON, SUS-CON and SUS-RES: the manuscript's fixed NES colour limit +/-2 (config/manuscript_palette.yml diverging_limits), shared by every GO-term NES panel; a median NES beyond it takes full colour and is kept here uncapped"
neuron_soma,CA2_sp,synaptic_signaling_vesicle,Synaptic signaling / vesicle-mediated transport,0,0.9580875863807969,CA2_sp,12,3,2,"one symmetric NES colour scale shared by RES-CON, SUS-CON and SUS-RES: the manuscript's fixed NES colour limit +/-2 (config/manuscript_palette.yml diverging_limits), shared by every GO-term NES panel; a median NES beyond it takes full colour and is kept here uncapped"
neuron_soma,CA3_sp,autophagy_lysosome_endosome,Autophagy / endolysosomal trafficking,0,1.03776432247561,CA3_sp,13,1,2,"one symmetric NES colour scale shared by RES-CON, SUS-CON and SUS-RES: the manuscript's fixed NES colour limit +/-2 (config/manuscript_palette.yml diverging_limits), shared by every GO-term NES panel; a median NES beyond it takes full colour and is kept here uncapped"
neuron_soma,CA3_sp,chromatin_organization,Chromatin organization / epigenetic regulation,0,0.817671193808914,CA3_sp,13,5,2,"one symmetric NES colour scale shared by RES-CON, SUS-CON and SUS-RES: the manuscript's fixed NES colour limit +/-2 (config/manuscript_palette.yml diverging_limits), shared by every GO-term NES panel; a median NES beyond it takes full colour and is kept here uncapped"
neuron_soma,CA3_sp,mitochondrial_respiration_oxphos,Mitochondrial respiration / OXPHOS,0,1.41565225841615,CA3_sp,13,4,2,"one symmetric NES colour scale shared by RES-CON, SUS-CON and SUS-RES: the manuscript's fixed NES colour limit +/-2 (config/manuscript_palette.yml diverging_limits), shared by every GO-term NES panel; a median NES beyond it takes full colour and is kept here uncapped"
neuron_soma,CA3_sp,neuron_projection_development,Neuron projection development,0,1.006685667057424,CA3_sp,13,2,2,"one symmetric NES colour scale shared by RES-CON, SUS-CON and SUS-RES: the manuscript's fixed NES colour limit +/-2 (config/manuscript_palette.yml diverging_limits), shared by every GO-term NES panel; a median NES beyond it takes full colour and is kept here uncapped"
neuron_soma,CA3_sp,ribosome_translation,Translation / ribosome biogenesis,2,1.25828852792879,CA3_sp,13,6,2,"one symmetric NES colour scale shared by RES-CON, SUS-CON and SUS-RES: the manuscript's fixed NES colour limit +/-2 (config/manuscript_palette.yml diverging_limits), shared by every GO-term NES panel; a median NES beyond it takes full colour and is kept here uncapped"
neuron_soma,CA3_sp,rna_processing_splicing_rnp,RNA processing / splicing / RNP organization,0,0.954188370239388,CA3_sp,13,7,2,"one symmetric NES colour scale shared by RES-CON, SUS-CON and SUS-RES: the manuscript's fixed NES colour limit +/-2 (config/manuscript_palette.yml diverging_limits), shared by every GO-term NES panel; a median NES beyond it takes full colour and is kept here uncapped"
neuron_soma,CA3_sp,synaptic_signaling_vesicle,Synaptic signaling / vesicle-mediated transport,0,0.869156356528773,CA3_sp,13,3,2,"one symmetric NES colour scale shared by RES-CON, SUS-CON and SUS-RES: the manuscript's fixed NES colour limit +/-2 (config/manuscript_palette.yml diverging_limits), shared by every GO-term NES panel; a median NES beyond it takes full colour and is kept here uncapped"
neuron_soma,DG_sg,autophagy_lysosome_endosome,Autophagy / endolysosomal trafficking,0,0.959273851106369,DG_sg,14,1,2,"one symmetric NES colour scale shared by RES-CON, SUS-CON and SUS-RES: the manuscript's fixed NES colour limit +/-2 (config/manuscript_palette.yml diverging_limits), shared by every GO-term NES panel; a median NES beyond it takes full colour and is kept here uncapped"
neuron_soma,DG_sg,chromatin_organization,Chromatin organization / epigenetic regulation,0,0.944554338109908,DG_sg,14,5,2,"one symmetric NES colour scale shared by RES-CON, SUS-CON and SUS-RES: the manuscript's fixed NES colour limit +/-2 (config/manuscript_palette.yml diverging_limits), shared by every GO-term NES panel; a median NES beyond it takes full colour and is kept here uncapped"
neuron_soma,DG_sg,mitochondrial_respiration_oxphos,Mitochondrial respiration / OXPHOS,0,-0.813336840279118,DG_sg,14,4,2,"one symmetric NES colour scale shared by RES-CON, SUS-CON and SUS-RES: the manuscript's fixed NES colour limit +/-2 (config/manuscript_palette.yml diverging_limits), shared by every GO-term NES panel; a median NES beyond it takes full colour and is kept here uncapped"
neuron_soma,DG_sg,neuron_projection_development,Neuron projection development,0,-0.5447709849629995,DG_sg,14,2,2,"one symmetric NES colour scale shared by RES-CON, SUS-CON and SUS-RES: the manuscript's fixed NES colour limit +/-2 (config/manuscript_palette.yml diverging_limits), shared by every GO-term NES panel; a median NES beyond it takes full colour and is kept here uncapped"
neuron_soma,DG_sg,ribosome_translation,Translation / ribosome biogenesis,1,1.0587720397175349,DG_sg,14,6,2,"one symmetric NES colour scale shared by RES-CON, SUS-CON and SUS-RES: the manuscript's fixed NES colour limit +/-2 (config/manuscript_palette.yml diverging_limits), shared by every GO-term NES panel; a median NES beyond it takes full colour and is kept here uncapped"
neuron_soma,DG_sg,rna_processing_splicing_rnp,RNA processing / splicing / RNP organization,6,1.17283975801026,DG_sg,14,7,2,"one symmetric NES colour scale shared by RES-CON, SUS-CON and SUS-RES: the manuscript's fixed NES colour limit +/-2 (config/manuscript_palette.yml diverging_limits), shared by every GO-term NES panel; a median NES beyond it takes full colour and is kept here uncapped"
neuron_soma,DG_sg,synaptic_signaling_vesicle,Synaptic signaling / vesicle-mediated transport,0,-0.7656846632477889,DG_sg,14,3,2,"one symmetric NES colour scale shared by RES-CON, SUS-CON and SUS-RES: the manuscript's fixed NES colour limit +/-2 (config/manuscript_palette.yml diverging_limits), shared by every GO-term NES panel; a median NES beyond it takes full colour and is kept here uncapped"
