"file","generation","role"
"figures/figure_01.R","-","MANUSCRIPT_ENTRY_POINT"
"figures/figure_02.R","-","MANUSCRIPT_ENTRY_POINT"
"figures/figure_03.R","-","MANUSCRIPT_ENTRY_POINT"
"figures/figure_01_panels.R","-","CANONICAL_RENDERER"
"figures/final_truth_v9_figure_02.R","final_truth_v9","CANONICAL_RENDERER"
"figures/final_truth_v9_figure_03.R","final_truth_v9","CANONICAL_RENDERER"
"figures/final_truth_v9_annotation_audit.R","final_truth_v9","CANONICAL_GENERATION_SUPPORT"
"figures/final_truth_v9_claim_audit.R","final_truth_v9","CANONICAL_GENERATION_SUPPORT"
"figures/final_truth_v9_extended_data.R","final_truth_v9","CANONICAL_GENERATION_SUPPORT"
"figures/final_truth_v9_heatmap_scale_audit.R","final_truth_v9","CANONICAL_GENERATION_SUPPORT"
"figures/final_truth_v9_legends.R","final_truth_v9","CANONICAL_GENERATION_SUPPORT"
"figures/final_truth_v9_previews.R","final_truth_v9","CANONICAL_GENERATION_SUPPORT"
"figures/final_truth_v9_readmes.R","final_truth_v9","CANONICAL_GENERATION_SUPPORT"
"figures/final_truth_v9_reviewer_audit.R","final_truth_v9","CANONICAL_GENERATION_SUPPORT"
"figures/final_truth_v9_semantics.R","final_truth_v9","CANONICAL_GENERATION_SUPPORT"
"figures/final_truth_v9_supplementary_tables.R","final_truth_v9","CANONICAL_GENERATION_SUPPORT"
"figures/final_truth_v9_vector_audit.R","final_truth_v9","CANONICAL_GENERATION_SUPPORT"
"figures/final_truth_v9_wgcna_annotation_audit.R","final_truth_v9","CANONICAL_GENERATION_SUPPORT"
"figures/extended_data_behaviour.R","-","SHARED_SUPPORT"
"figures/extended_data_behaviour_panels.R","-","SHARED_SUPPORT"
"figures/extended_data_proteomics.R","-","SHARED_SUPPORT"
"figures/manuscript_supporting_immunostaining_candidates.R","-","SHARED_SUPPORT"
"figures/manuscript_supporting_immunostaining_panel.R","-","SHARED_SUPPORT"
"figures/candidate_figure_02.R","candidate","SUPERSEDED_GENERATION"
"figures/candidate_figure_03.R","candidate","SUPERSEDED_GENERATION"
"figures/candidate_figure_contact_sheet.R","candidate","SUPERSEDED_GENERATION"
"figures/editorial_v8_extended_data.R","editorial_v8","SUPERSEDED_GENERATION"
"figures/editorial_v8_figure_02.R","editorial_v8","SUPERSEDED_GENERATION"
"figures/editorial_v8_figure_03.R","editorial_v8","SUPERSEDED_GENERATION"
"figures/editorial_v8_previews.R","editorial_v8","SUPERSEDED_GENERATION"
"figures/editorial_v8_readmes.R","editorial_v8","SUPERSEDED_GENERATION"
"figures/editorial_v8_supplementary_tables.R","editorial_v8","SUPERSEDED_GENERATION"
"figures/editorial_v8_vector_audit.R","editorial_v8","SUPERSEDED_GENERATION"
"figures/nature_final_v7_contact_sheet.R","nature_final_v7","SUPERSEDED_GENERATION"
"figures/nature_final_v7_extended_data.R","nature_final_v7","SUPERSEDED_GENERATION"
"figures/nature_final_v7_figure_02.R","nature_final_v7","SUPERSEDED_GENERATION"
"figures/nature_final_v7_figure_03.R","nature_final_v7","SUPERSEDED_GENERATION"
"figures/nature_final_v7_hierarchy_audit.R","nature_final_v7","SUPERSEDED_GENERATION"
"figures/nature_final_v7_wireframe.R","nature_final_v7","SUPERSEDED_GENERATION"
"figures/nature_v2_contact_sheet.R","nature_v2","SUPERSEDED_GENERATION"
"figures/nature_v2_extended_data.R","nature_v2","SUPERSEDED_GENERATION"
"figures/nature_v2_figure_02.R","nature_v2","SUPERSEDED_GENERATION"
"figures/nature_v2_figure_03.R","nature_v2","SUPERSEDED_GENERATION"
"figures/spatial_v6_extended_data.R","spatial_v6","SUPERSEDED_GENERATION"
"figures/spatial_v6_figure_02.R","spatial_v6","SUPERSEDED_GENERATION"
"figures/spatial_v6_figure_03.R","spatial_v6","SUPERSEDED_GENERATION"
"figures/spatial_v6_fingerprint_selection.R","spatial_v6","SUPERSEDED_GENERATION"
"figures/spatial_v6_story_coverage_audit.R","spatial_v6","SUPERSEDED_GENERATION"
"figures/story_v3_contact_sheet.R","story_v3","SUPERSEDED_GENERATION"
"figures/story_v3_extended_data.R","story_v3","SUPERSEDED_GENERATION"
"figures/story_v3_figure_02.R","story_v3","SUPERSEDED_GENERATION"
"figures/story_v3_figure_03.R","story_v3","SUPERSEDED_GENERATION"
"figures/story_v3_panel_audit.R","story_v3","SUPERSEDED_GENERATION"
"figures/story_v4_evidence_inventory.R","story_v4","SUPERSEDED_GENERATION"
"figures/story_v4_figure_02.R","story_v4","SUPERSEDED_GENERATION"
"figures/story_v4_figure_03.R","story_v4","SUPERSEDED_GENERATION"
"figures/story_v5_extended_data.R","story_v5","SUPERSEDED_GENERATION"
"figures/story_v5_figure_02.R","story_v5","SUPERSEDED_GENERATION"
"figures/story_v5_validation_audit.R","story_v5","SUPERSEDED_GENERATION"
