AnimalNum,Group,Sex,observed_CombZ,heldout_prediction,Movement_mean,crossing_rate_equiv_per_h
13856,SUS,Male,-0.443530298857735,-0.169871639622817,4.04166666666667,24.25
13857,RES,Male,0.12313211444803,-0.320416462191982,4.56944444444445,27.4166666666667
1545,SUS,Female,-1.14084168441238,-0.107444597143351,3.83333333333333,23
1546,SUS,Female,-1.65283291359378,-0.128350518806337,3.93055555555556,23.5833333333333
1547,SUS,Female,-0.670690972715035,-0.619357501915049,5.72222222222222,34.3333333333333
3,RES,Male,0.450655267760721,0.0716229521071267,3.11111111111111,18.6666666666667
303,SUS,Male,-0.611090311347931,-0.387011235607823,4.86111111111111,29.1666666666667
304,RES,Male,-0.333430326212357,-0.0326599142108095,3.52777777777778,21.1666666666667
310,RES,Male,0.00650819487809572,-0.125663022626244,3.86111111111111,23.1666666666667
313,SUS,Male,-1.4204248723118,-0.0490072736913462,3.625,21.75
314,RES,Male,0.164251883787188,-0.251984872012735,4.31944444444444,25.9166666666667
317,SUS,Male,-1.29290712469666,0.0680327623214475,3.19444444444444,19.1666666666667
318,RES,Male,-0.265290178887837,-0.502056364473305,5.25,31.5
319,SUS,Male,-0.571812546855905,0.0223347368245768,3.33333333333333,20
4,SUS,Male,-0.624988958625248,-0.0149220443573692,3.47222222222222,20.8333333333333
654,RES,Female,0.397623328469766,0.0499370383943477,3.19444444444444,19.1666666666667
656,SUS,Female,-0.516925365474716,0.253750989647841,2.5,15
662,SUS,Female,-0.498664433612366,-0.0161019267794215,3.47222222222222,20.8333333333333
663,SUS,Female,-0.619998081410667,0.320312655119074,2.27777777777778,13.6666666666667
675,RES,Female,1.26498767005806,0.0659953692320583,3.09722222222222,18.5833333333333
676,RES,Female,0.153603356737092,-0.697580474001035,5.86111111111111,35.1666666666667
690,RES,Female,1.56503037565116,0.564959041020432,1.05555555555556,6.33333333333333
691,RES,Female,0.99737483761872,0.195629861739669,2.61111111111111,15.6666666666667
692,RES,Female,0.867560857620985,0.639882524758099,0.944444444444444,5.66666666666667
693,RES,Female,0.800127871054697,0.286485093914007,2.27777777777778,13.6666666666667
694,RES,Female,0.959080987347653,0.311490338824574,2.16666666666667,13
695,RES,Female,0.453129558627428,0.343673319641114,2.09722222222222,12.5833333333333
696,RES,Female,0.155378688315626,0.0151550405267434,3.33333333333333,20
OQ754,SUS,Male,-0.934693581486834,-0.0721343881169057,3.69444444444444,22.1666666666667
OQ755,SUS,Male,-0.535143253547445,-0.165214509682731,4.02777777777778,24.1666666666667
OQ760,CON,Male,-0.240524851970429,-0.0185129736825007,3.47222222222222,20.8333333333333
OQ761,CON,Male,-0.489151228020343,-0.299673908440075,4.52777777777778,27.1666666666667
OQ762,RES,Male,-0.213269762173186,-0.149777256100869,3.95833333333333,23.75
OQ763,CON,Male,-0.0833532794876353,-0.366960209621661,4.75,28.5
OQ764,SUS,Male,-0.931782489857225,-0.409605956876117,4.97222222222222,29.8333333333333
OQ765,CON,Male,-0.271338741565108,-0.25028280755748,4.33333333333333,26
OQ770,SUS,Male,-0.627260518022955,0.141702710426398,2.90277777777778,17.4166666666667
OQ771,SUS,Male,-0.889499247134719,-0.0650695111497635,3.66666666666667,22
OQ772,RES,Male,-0.0708303837557376,-0.75457684108578,6.08333333333333,36.5
OQ773,RES,Male,-0.265888969865684,-0.182914296718348,4.08333333333333,24.5
OR104,RES,Male,1.11279258795434,0.179321397068108,2.66666666666667,16
OR105,RES,Male,0.281482068579031,0.110835776840931,2.97222222222222,17.8333333333333
OR106,RES,Male,0.116652997978808,0.264374875827314,2.41666666666667,14.5
OR111,SUS,Male,-0.567979315226475,0.35171319884986,2.16666666666667,13
OR112,RES,Male,0.491219818112991,0.346370499668146,2.08333333333333,12.5
OR113,SUS,Male,-0.483598958828872,0.333237682916436,2.22222222222222,13.3333333333333
OR120,RES,Male,0.0178512517968418,0.228050356855839,2.55555555555556,15.3333333333333
OR122,RES,Male,1.05739617912031,0.251799673468264,2.38888888888889,14.3333333333333
OR126,CON,Male,0.794444012299231,0.0530392911206335,3.16666666666667,19
OR127,CON,Male,0.805560084381998,0.220819703020664,2.52777777777778,15.1666666666667
OR128,CON,Male,0.572523097218762,0.00361805445986219,3.36111111111111,20.1666666666667
OR129,CON,Male,0.0284113054492268,0.0839297832014558,3.08333333333333,18.5
OR130,RES,Male,0.590263662685027,0.173257869706982,2.72222222222222,16.3333333333333
OR131,RES,Male,0.595364775612003,0.180546365171116,2.69444444444444,16.1666666666667
OR134,RES,Male,-0.42633571795095,0.220530682009077,2.61111111111111,15.6666666666667
OR135,RES,Male,0.781922056997101,-0.0503803875887695,3.55555555555556,21.3333333333333
OR138,RES,Male,0.234467880404653,0.494650740754115,1.58333333333333,9.5
OR139,RES,Male,1.26774708093852,0.373248341508107,1.88888888888889,11.3333333333333
OR140,RES,Male,1.08703785401613,0.197637036183842,2.59722222222222,15.5833333333333
OR141,RES,Male,1.6495714850694,0.142626640120185,2.77777777777778,16.6666666666667
OR413,CON,Female,0.274921809196741,-0.113156455118482,3.80555555555556,22.8333333333333
OR414,CON,Female,0.269081723406395,-0.0756039087806057,3.66666666666667,22
OR415,CON,Female,-0.426671159937745,-0.0205332069314572,3.48611111111111,20.9166666666667
OR416,CON,Female,-0.0585571140439505,0.160641392500358,2.80555555555556,16.8333333333333
OR419,RES,Female,0.652539690649005,-0.549964488518566,5.31944444444445,31.9166666666667
OR420,SUS,Female,-0.519520369886668,-0.120704604270316,3.86111111111111,23.1666666666667
OR424,RES,Female,-0.243254728313602,-0.220612024425967,4.22222222222222,25.3333333333333
OR425,RES,Female,0.169029084074611,-0.052243464124202,3.58333333333333,21.5
OR426,SUS,Female,-0.344220559499236,-0.0700274576906022,3.66666666666667,22
OR428,SUS,Female,-1.61179141387004,-0.952769917224863,7.22222222222222,43.3333333333333
OR429,RES,Female,0.020705469656809,-0.39992891681818,4.86111111111111,29.1666666666667
OR430,RES,Female,-0.25090880466534,-0.239277525650548,4.29166666666667,25.75
OR432,SUS,Female,-1.31481454428764,-0.598665322435682,5.75,34.5
OR433,SUS,Female,-0.383156726286367,-0.256341559163495,4.36111111111111,26.1666666666667
OR434,RES,Female,-0.227484714090517,-0.724786175413452,6.01388888888889,36.0833333333333
OR436,SUS,Female,-0.426502131517557,0.00580963988058614,3.38888888888889,20.3333333333333
OR437,RES,Female,0.226528359990831,-0.492015235734028,5.16666666666667,31
OR529,SUS,Female,-0.646417507112976,-0.130666163603426,3.90277777777778,23.4166666666667
OR530,RES,Female,-0.148355912360246,-0.442871269010694,5.02777777777778,30.1666666666667
OR531,RES,Female,-0.0183989432175988,0.190483382403738,2.69444444444444,16.1666666666667
OR537,CON,Female,-0.368435794884884,-0.324024697747638,4.61111111111111,27.6666666666667
OR538,CON,Female,0.548614312216395,-0.00357514202557985,3.38888888888889,20.3333333333333
OR539,CON,Female,-0.19318953090096,-0.326864607033899,4.61111111111111,27.6666666666667
OR540,CON,Female,0.218704036709845,-0.0751458496575256,3.66666666666667,22
OR550,SUS,Female,-0.790004246247856,-0.490503247658578,5.26388888888889,31.5833333333333
OR551,SUS,Female,-0.561066369633397,-0.231769974507242,4.27777777777778,25.6666666666667
OR552,SUS,Female,-0.710688108166501,-0.200418276666061,4.16666666666667,25
OR553,RES,Female,-0.103064375500667,-0.0422714336484694,3.55555555555556,21.3333333333333
OR554,RES,Female,0.0756796561874309,-0.163899115763041,4,24
OR555,SUS,Female,-1.13545314084055,-0.188391105147752,4.13888888888889,24.8333333333333
OR556,SUS,Female,-0.678817876495425,-0.200772935522731,4.16666666666667,25
OR559,RES,Female,0.177821900295525,-0.0598045697932217,3.61111111111111,21.6666666666667
OR560,RES,Female,0.741356856234064,-0.0202583796541872,3.44444444444444,20.6666666666667
OR561,RES,Female,0.335518057765152,-0.181653410313086,4.05555555555556,24.3333333333333
OR562,RES,Female,0.121054117333154,0.000539811841234306,3.38888888888889,20.3333333333333
OR568,RES,Female,0.118508504671846,-0.401928595299288,4.86111111111111,29.1666666666667
OR620,SUS,Male,-0.671796206689756,0.042319007653918,3.26388888888889,19.5833333333333
OR621,CON,Male,-0.0872290946034615,0.187772669829178,2.70833333333333,16.25
OR622,CON,Male,-0.17326587042767,0.0183998102758671,3.33333333333333,20
OR623,CON,Male,-0.607387675114655,0.0492653355355865,3.23611111111111,19.4166666666667
OR624,CON,Male,-0.11628042277671,0.184408409892893,2.72222222222222,16.3333333333333
OR625,SUS,Male,-0.446270381284236,0.0135439312520494,3.36111111111111,20.1666666666667
OR628,SUS,Male,-0.531626239720073,-0.105678565072239,3.80555555555556,22.8333333333333
OR629,RES,Male,0.102289448433373,-0.0441530497259562,3.55555555555556,21.3333333333333
OR630,RES,Male,0.187423470060096,0.134515373997679,2.88888888888889,17.3333333333333
OR639,CON,Female,0.273946627305589,-0.558913507860375,5.38888888888889,32.3333333333333
OR643,CON,Female,0.0995468371044012,-0.0142106475422977,3.44444444444444,20.6666666666667
OR644,CON,Female,-0.491099469575346,-0.480232063094639,5.19444444444445,31.1666666666667
OR645,CON,Female,-0.146862276596487,-0.350492420286648,4.69444444444445,28.1666666666667
OR646,RES,Female,0.0161825826219448,-0.407628489122422,4.88888888888889,29.3333333333333
OR647,RES,Female,0.0333494725306365,0.227764897456297,2.55555555555556,15.3333333333333
