CC,Sex,Batch,Group,n_animals,n_windows,n_missing_shared_zone,n_light_phase_incomplete,n_fewer_than_8_positions
CC1,Male,B5,SUS,8,8,0,0,0
CC2,Male,B5,SUS,8,8,0,0,0
CC3,Male,B5,SUS,8,8,0,0,0
CC4,Male,B5,SUS,8,8,0,0,1
CC1,Male,B5,RES,7,7,0,0,0
CC2,Male,B5,RES,7,7,0,0,0
CC3,Male,B5,RES,7,7,0,0,0
CC4,Male,B5,RES,7,7,0,0,3
CC1,Female,B3,SUS,9,9,0,0,0
CC2,Female,B3,SUS,9,9,0,0,0
CC3,Female,B3,SUS,9,9,0,0,0
CC4,Female,B3,SUS,9,9,0,0,0
CC1,Male,B1,RES,4,4,0,0,0
CC2,Male,B1,RES,4,4,0,0,0
CC3,Male,B1,RES,4,4,0,0,0
CC4,Male,B1,RES,4,4,0,0,0
CC1,Male,B1,SUS,6,6,2,0,0
CC2,Male,B1,SUS,6,6,0,0,0
CC3,Male,B1,SUS,6,6,0,0,0
CC4,Male,B1,SUS,6,6,0,0,0
CC1,Female,B6,RES,12,12,0,0,1
CC2,Female,B6,RES,12,12,0,0,0
CC3,Female,B6,RES,12,12,0,0,0
CC4,Female,B6,RES,12,12,0,0,0
CC1,Female,B6,SUS,3,3,0,0,0
CC2,Female,B6,SUS,3,3,0,0,0
CC3,Female,B6,SUS,3,3,0,0,0
CC4,Female,B6,SUS,3,3,0,0,0
CC1,Male,B1,CON,4,4,0,0,0
CC2,Male,B1,CON,4,4,0,0,0
CC3,Male,B1,CON,4,4,0,0,0
CC4,Male,B1,CON,4,4,0,0,0
CC1,Male,B2,RES,14,14,0,0,0
CC2,Male,B2,RES,14,14,0,0,0
CC3,Male,B2,RES,14,14,0,0,2
CC4,Male,B2,RES,14,14,0,0,0
CC1,Male,B2,SUS,2,2,0,0,0
CC2,Male,B2,SUS,2,2,0,0,0
CC3,Male,B2,SUS,2,2,0,0,0
CC4,Male,B2,SUS,2,2,0,0,0
CC1,Male,B2,CON,4,4,0,0,0
CC2,Male,B2,CON,4,4,0,0,0
CC3,Male,B2,CON,4,4,0,0,0
CC4,Male,B2,CON,4,4,0,0,0
CC1,Female,B3,CON,4,4,0,0,0
CC2,Female,B3,CON,4,4,0,0,0
CC3,Female,B3,CON,4,4,0,0,0
CC4,Female,B3,CON,4,4,0,0,0
CC1,Female,B3,RES,7,7,0,0,0
CC2,Female,B3,RES,7,7,0,0,0
CC3,Female,B3,RES,7,7,0,0,0
CC4,Female,B3,RES,7,7,0,0,0
CC1,Female,B4,SUS,6,6,0,0,0
CC2,Female,B4,SUS,6,6,0,0,0
CC3,Female,B4,SUS,6,6,0,0,0
CC4,Female,B4,SUS,6,6,0,0,0
CC1,Female,B4,RES,9,9,0,0,0
CC2,Female,B4,RES,9,9,0,0,0
CC3,Female,B4,RES,9,9,0,0,0
CC4,Female,B4,RES,9,9,0,0,0
CC1,Female,B4,CON,4,4,0,0,0
CC2,Female,B4,CON,4,4,0,0,0
CC3,Female,B4,CON,4,4,0,0,0
CC4,Female,B4,CON,4,4,0,0,0
CC1,Male,B5,CON,4,4,0,0,0
CC2,Male,B5,CON,4,4,0,0,0
CC3,Male,B5,CON,4,4,0,0,0
CC4,Male,B5,CON,4,4,0,0,0
CC1,Female,B6,CON,4,4,0,0,0
CC2,Female,B6,CON,4,4,0,0,0
CC3,Female,B6,CON,4,4,0,0,0
CC4,Female,B6,CON,4,4,0,0,0
all,Male,B1,untracked,6,0,,,
