input,bytes,sha256,consumer
S:/Lab_Member/Tobi/Experiments/Exp9_Social-Stress/Analysis/Behavior/RFID/MMMSociability/data_versions/v2_cage_label_correction_2026-09-28/preprocessed_data/E9_SIS_B1_CC1_AnimalPos_preprocessed.csv,1333624,dc48f98d3f375e3ec4ad8d8d86710d494a16de9b257b28143673ad9dd074b9ff,stage29
S:/Lab_Member/Tobi/Experiments/Exp9_Social-Stress/Analysis/Behavior/RFID/MMMSociability/data_versions/v2_cage_label_correction_2026-09-28/preprocessed_data/E9_SIS_B1_CC2_AnimalPos_preprocessed.csv,1216935,a8a32dd3a6d14aa3cc9936706dd55d5c968bc1afa12d995fd689816a83fcb153,stage29
S:/Lab_Member/Tobi/Experiments/Exp9_Social-Stress/Analysis/Behavior/RFID/MMMSociability/data_versions/v2_cage_label_correction_2026-09-28/preprocessed_data/E9_SIS_B1_CC3_AnimalPos_preprocessed.csv,1433598,4f5071a1c28c361a65b194a26766cda421cf4597864c19aa564d78c21ce63bb6,stage29
S:/Lab_Member/Tobi/Experiments/Exp9_Social-Stress/Analysis/Behavior/RFID/MMMSociability/data_versions/v2_cage_label_correction_2026-09-28/preprocessed_data/E9_SIS_B1_CC4_AnimalPos_preprocessed.csv,1685426,6b57dd7d75a7c4dfc44297c1a43bbac292fe85d445db1adcc024c0c2593741a2,stage29
S:/Lab_Member/Tobi/Experiments/Exp9_Social-Stress/Analysis/Behavior/RFID/MMMSociability/data_versions/v2_cage_label_correction_2026-09-28/preprocessed_data/E9_SIS_B2_CC1_AnimalPos_preprocessed.csv,1393416,e31c1f7dd5505c6e6a11a3d3e89f0b130741bd770e6e9540c147f67e63510f4f,stage29
S:/Lab_Member/Tobi/Experiments/Exp9_Social-Stress/Analysis/Behavior/RFID/MMMSociability/data_versions/v2_cage_label_correction_2026-09-28/preprocessed_data/E9_SIS_B2_CC2_AnimalPos_preprocessed.csv,1438069,1d5a79b2eb4bcf01d4058b6b9563e34820a2439cf4d15d91ceff7e0869bf4655,stage29
S:/Lab_Member/Tobi/Experiments/Exp9_Social-Stress/Analysis/Behavior/RFID/MMMSociability/data_versions/v2_cage_label_correction_2026-09-28/preprocessed_data/E9_SIS_B2_CC3_AnimalPos_preprocessed.csv,1584135,2dfe60210887ff4f1b3adfefece940f3b2ec0a1b63ddf740a22a74da7a2f94dd,stage29
S:/Lab_Member/Tobi/Experiments/Exp9_Social-Stress/Analysis/Behavior/RFID/MMMSociability/data_versions/v2_cage_label_correction_2026-09-28/preprocessed_data/E9_SIS_B2_CC4_AnimalPos_preprocessed.csv,1927633,73a503508deb4da3722b1d8f7bc28c622f928e8bc1963a283db824d41352db6a,stage29
S:/Lab_Member/Tobi/Experiments/Exp9_Social-Stress/Analysis/Behavior/RFID/MMMSociability/data_versions/v2_cage_label_correction_2026-09-28/preprocessed_data/E9_SIS_B3_CC1_AnimalPos_preprocessed.csv,1838674,a13c008013ec3b32444bffe68cc59dbef829632f07b1d478b063a0ad720acb56,stage29
S:/Lab_Member/Tobi/Experiments/Exp9_Social-Stress/Analysis/Behavior/RFID/MMMSociability/data_versions/v2_cage_label_correction_2026-09-28/preprocessed_data/E9_SIS_B3_CC2_AnimalPos_preprocessed.csv,1787118,78ff8f8d24ee4b08f6ac36bb58ffc65d72b3b41443fc3e27e6922ab7a2d6da49,stage29
S:/Lab_Member/Tobi/Experiments/Exp9_Social-Stress/Analysis/Behavior/RFID/MMMSociability/data_versions/v2_cage_label_correction_2026-09-28/preprocessed_data/E9_SIS_B3_CC3_AnimalPos_preprocessed.csv,1933073,1efaae835ba47de4b0266dce9a5c3e01c4081f5cf8c8169e480ab4cba1666ecc,stage29
S:/Lab_Member/Tobi/Experiments/Exp9_Social-Stress/Analysis/Behavior/RFID/MMMSociability/data_versions/v2_cage_label_correction_2026-09-28/preprocessed_data/E9_SIS_B3_CC4_AnimalPos_preprocessed.csv,2275330,e01a48d1456924224635a5ec497e814a81f4cf93f94ab78872076255aee29779,stage29
S:/Lab_Member/Tobi/Experiments/Exp9_Social-Stress/Analysis/Behavior/RFID/MMMSociability/data_versions/v2_cage_label_correction_2026-09-28/preprocessed_data/E9_SIS_B4_CC1_AnimalPos_preprocessed.csv,1689848,049301d2480616f8bb94edffe268133a38ea7024157f7737441ac0bc9931bd77,stage29
S:/Lab_Member/Tobi/Experiments/Exp9_Social-Stress/Analysis/Behavior/RFID/MMMSociability/data_versions/v2_cage_label_correction_2026-09-28/preprocessed_data/E9_SIS_B4_CC2_AnimalPos_preprocessed.csv,1793243,e789556c65bae9bb58210aaae0e2ef05d479a19ccc7359723954b77be43823df,stage29
S:/Lab_Member/Tobi/Experiments/Exp9_Social-Stress/Analysis/Behavior/RFID/MMMSociability/data_versions/v2_cage_label_correction_2026-09-28/preprocessed_data/E9_SIS_B4_CC3_AnimalPos_preprocessed.csv,1978536,9c3ddf57744b02c39ed2ae2f0b82631cac03919c26b99e3f7899dd68d5e90b87,stage29
S:/Lab_Member/Tobi/Experiments/Exp9_Social-Stress/Analysis/Behavior/RFID/MMMSociability/data_versions/v2_cage_label_correction_2026-09-28/preprocessed_data/E9_SIS_B4_CC4_AnimalPos_preprocessed.csv,2281959,d08c1015f56f6ef50320a6c54fe55c6cbd84f978c5c5a8b536c3970f476c6ed9,stage29
S:/Lab_Member/Tobi/Experiments/Exp9_Social-Stress/Analysis/Behavior/RFID/MMMSociability/data_versions/v2_cage_label_correction_2026-09-28/preprocessed_data/E9_SIS_B5_CC1_AnimalPos_preprocessed.csv,1613272,98992292d3ac776dd6fcba031bced44ddcbbb3f67dacb0137316400c470bee8d,stage29
S:/Lab_Member/Tobi/Experiments/Exp9_Social-Stress/Analysis/Behavior/RFID/MMMSociability/data_versions/v2_cage_label_correction_2026-09-28/preprocessed_data/E9_SIS_B5_CC2_AnimalPos_preprocessed.csv,1581506,a6045dd6b75346f01dcf9591dcdf84d0c52ec3077ef15b814f3ffd23303edd99,stage29
S:/Lab_Member/Tobi/Experiments/Exp9_Social-Stress/Analysis/Behavior/RFID/MMMSociability/data_versions/v2_cage_label_correction_2026-09-28/preprocessed_data/E9_SIS_B5_CC3_AnimalPos_preprocessed.csv,1718608,c45992f10d7f391fefc76b70bdd6f3fd35b106152a46bd09d473e92f21ede1b5,stage29
S:/Lab_Member/Tobi/Experiments/Exp9_Social-Stress/Analysis/Behavior/RFID/MMMSociability/data_versions/v2_cage_label_correction_2026-09-28/preprocessed_data/E9_SIS_B5_CC4_AnimalPos_preprocessed.csv,1992126,1eba79cbf8f398a1fe8308c3cb163c9e30969bf571025ade7c125cde69c44272,stage29
S:/Lab_Member/Tobi/Experiments/Exp9_Social-Stress/Analysis/Behavior/RFID/MMMSociability/data_versions/v2_cage_label_correction_2026-09-28/preprocessed_data/E9_SIS_B6_CC1_AnimalPos_preprocessed.csv,1500585,b3152e968599ef5dcf405ae8cafd9b968d31029e69dcdb5403357e53a46d88c3,stage29
S:/Lab_Member/Tobi/Experiments/Exp9_Social-Stress/Analysis/Behavior/RFID/MMMSociability/data_versions/v2_cage_label_correction_2026-09-28/preprocessed_data/E9_SIS_B6_CC2_AnimalPos_preprocessed.csv,1522030,a937fd4b3899be0daa8f1ed874fdd2c0857e9cc0a6c58106ef83075735d9998f,stage29
S:/Lab_Member/Tobi/Experiments/Exp9_Social-Stress/Analysis/Behavior/RFID/MMMSociability/data_versions/v2_cage_label_correction_2026-09-28/preprocessed_data/E9_SIS_B6_CC3_AnimalPos_preprocessed.csv,1716358,fcce857e5f43f3614784ac25af67e612c6289edbeaa446991a3ba414de772f26,stage29
S:/Lab_Member/Tobi/Experiments/Exp9_Social-Stress/Analysis/Behavior/RFID/MMMSociability/data_versions/v2_cage_label_correction_2026-09-28/preprocessed_data/E9_SIS_B6_CC4_AnimalPos_preprocessed.csv,1923865,bc9f7543d38d7dfdc663732ade040e64c228865aee60bb309fcc91a458f0c390,stage29
S:/Lab_Member/Tobi/Experiments/Exp9_Social-Stress/Analysis/Behavior/RFID/analysis_ready/canonical/later_outcome_combz/tables/later_outcome_combz_animal_level.csv,49530,1f6a2a69c6b0781b8de8da50ecdadf309b62bbc9c82106c0fa91d18119a7de54,stage29
S:/Lab_Member/Tobi/Experiments/Exp9_Social-Stress/Analysis/Behavior/RFID/analysis_ready/pipeline/09_early_prediction/10min/tables/model_ladder_input.csv,69213,da78f80e4b7867cbabe7847a7da2667459a690a1b25f8ff97ef919cc8d2426dd,stage29
S:/Lab_Member/Tobi/Experiments/Exp9_Social-Stress/Analysis/Behavior/RFID/analysis_ready/pipeline/28_rfid_behavioral_domains/10min/tables/acute_window_raw_features.csv,192054,a1317ad5aa919504f1ab921c63d787ca5385c9ece84e0fb0b467b17d1706ac72,stage29
S:/Lab_Member/Tobi/Experiments/Exp9_Social-Stress/Analysis/Behavior/RFID/analysis_ready/pipeline/28_rfid_behavioral_domains/5min/tables/acute_window_raw_features.csv,194440,32e9f7e6bfac7c8c8f9989b68cf4025c7677d52e35bad0520393776169cc0848,stage29
S:/Lab_Member/Tobi/Experiments/Exp9_Social-Stress/Analysis/Behavior/RFID/analysis_ready/pipeline/28_rfid_behavioral_domains/10min/tables/acute_window_provenance_by_animal_cagechange.csv,86735,96ca1573eab6e6b8c281f896e7a656470eb4a3110400c7259f7c34d17f8c5f67,stage29
S:/Lab_Member/Tobi/Experiments/Exp9_Social-Stress/Analysis/Behavior/RFID/analysis_ready/foundations/behavior_metrics/10min_based/all_behavior_metrics.csv,51327772,0c1320ba92a517a63ee60a833e847993746d975a07bbc78b5e387ca1a572a706,stage29
S:/Lab_Member/Tobi/Experiments/Exp9_Social-Stress/Analysis/Behavior/RFID/MMMSociability/raw_data/B1/E9_SIS_B1_CC1_AnimalPos.csv,1369286,03b50f8f39e63026b354e611eb10617809c10edfd7cc623d09b8f86f7cdc9df1,stage29
S:/Lab_Member/Tobi/Experiments/Exp9_Social-Stress/Analysis/Behavior/RFID/MMMSociability/raw_data/B1/E9_SIS_B1_CC2_AnimalPos.csv,1262326,09265bd14c8b9e627188fecff04e92519ec5b484df4673760ee5054617cc1778,stage29
S:/Lab_Member/Tobi/Experiments/Exp9_Social-Stress/Analysis/Behavior/RFID/MMMSociability/raw_data/B1/E9_SIS_B1_CC3_AnimalPos.csv,1474407,5855d1bbf97a74bf1fa3500f2a64c425e114bc98d7b7d1169f76b9e39001597b,stage29
S:/Lab_Member/Tobi/Experiments/Exp9_Social-Stress/Analysis/Behavior/RFID/MMMSociability/raw_data/B1/E9_SIS_B1_CC4_AnimalPos.csv,2020626,b7b9cffc1000065205e4ba09b1b74122c5ae07d0b5949482385bbfe8293f7663,stage29
S:/Lab_Member/Tobi/Experiments/Exp9_Social-Stress/Analysis/Behavior/RFID/MMMSociability/raw_data/B2/E9_SIS_B2_CC1_AnimalPos.csv,1358641,8069d8cef4e277f6f9106d5ca8b568a6db38e15d3bbfe4d26ff72c8b2ac7ed16,stage29
S:/Lab_Member/Tobi/Experiments/Exp9_Social-Stress/Analysis/Behavior/RFID/MMMSociability/raw_data/B2/E9_SIS_B2_CC2_AnimalPos.csv,1474648,813f9113143da736b0dbba3e4bda78654161a7072bcb8a10e4eb60be62957bb8,stage29
S:/Lab_Member/Tobi/Experiments/Exp9_Social-Stress/Analysis/Behavior/RFID/MMMSociability/raw_data/B2/E9_SIS_B2_CC3_AnimalPos.csv,1602957,14d031e5f4a41c8c655248a8200e9bb0cea32f9b694a1b0b641022c022d1a61f,stage29
S:/Lab_Member/Tobi/Experiments/Exp9_Social-Stress/Analysis/Behavior/RFID/MMMSociability/raw_data/B2/E9_SIS_B2_CC4_AnimalPos.csv,2260440,ef5c68588fd359d42f9373735afdff33673c49438fde5bf2db4c68f06fee7489,stage29
S:/Lab_Member/Tobi/Experiments/Exp9_Social-Stress/Analysis/Behavior/RFID/MMMSociability/raw_data/B3/E9_SIS_B3_CC1_AnimalPos.csv,1859163,70f83fd9c6c8a1a8628e54b19f9792e425f5d6306741f5b8e253fbfb51a89449,stage29
S:/Lab_Member/Tobi/Experiments/Exp9_Social-Stress/Analysis/Behavior/RFID/MMMSociability/raw_data/B3/E9_SIS_B3_CC2_AnimalPos.csv,1799040,9b8c29f8d20cf0591e2fccf7d38b4408f06c1822bf14f4f3723a0616e8b9bf1c,stage29
S:/Lab_Member/Tobi/Experiments/Exp9_Social-Stress/Analysis/Behavior/RFID/MMMSociability/raw_data/B3/E9_SIS_B3_CC3_AnimalPos.csv,1932416,c73f2cf0bd3b9b0b6119b989fbd8ff3ccbf427161173448f8418c000a57680be,stage29
S:/Lab_Member/Tobi/Experiments/Exp9_Social-Stress/Analysis/Behavior/RFID/MMMSociability/raw_data/B3/E9_SIS_B3_CC4_AnimalPos.csv,2634228,f9f767c7b13f67a958105f031b8a6ecbee078f89bf676eb8b1f9fa8c6440ebff,stage29
S:/Lab_Member/Tobi/Experiments/Exp9_Social-Stress/Analysis/Behavior/RFID/MMMSociability/raw_data/B4/E9_SIS_B4_CC1_AnimalPos.csv,1728840,5a81febaad777abdab7c1b3571f44abe7f49c8169d831fbcf39b69b166ae96d4,stage29
S:/Lab_Member/Tobi/Experiments/Exp9_Social-Stress/Analysis/Behavior/RFID/MMMSociability/raw_data/B4/E9_SIS_B4_CC2_AnimalPos.csv,1735148,1f61a21103042daad06962c5800914e54b67c872ba415facccf40ea34dd87cd3,stage29
S:/Lab_Member/Tobi/Experiments/Exp9_Social-Stress/Analysis/Behavior/RFID/MMMSociability/raw_data/B4/E9_SIS_B4_CC3_AnimalPos.csv,1969711,dcf5de83aff6b912a08eab2c970925a675727d49ecff27d079ac1e9dee25919a,stage29
S:/Lab_Member/Tobi/Experiments/Exp9_Social-Stress/Analysis/Behavior/RFID/MMMSociability/raw_data/B4/E9_SIS_B4_CC4_AnimalPos.csv,2562200,7eaed2de19063de21e9e67301c14f8427158d85b516147990978cef96f778f3f,stage29
S:/Lab_Member/Tobi/Experiments/Exp9_Social-Stress/Analysis/Behavior/RFID/MMMSociability/raw_data/B5/E9_SIS_B5_CC1_AnimalPos.csv,1619214,c9d0e75480f1cf426e3e634058e2b383427b6e547d7e124a2483087e2b0a00dc,stage29
S:/Lab_Member/Tobi/Experiments/Exp9_Social-Stress/Analysis/Behavior/RFID/MMMSociability/raw_data/B5/E9_SIS_B5_CC2_AnimalPos.csv,1630470,a2df44eaf28d952f7fec14fe0604c05f7cc489afa0a74bec2abcae8b77b1c053,stage29
S:/Lab_Member/Tobi/Experiments/Exp9_Social-Stress/Analysis/Behavior/RFID/MMMSociability/raw_data/B5/E9_SIS_B5_CC3_AnimalPos.csv,1772881,79139239ea4f0b0e5c9584b6f7a20259d0073df97b89f2c920a05e0eac1559dd,stage29
S:/Lab_Member/Tobi/Experiments/Exp9_Social-Stress/Analysis/Behavior/RFID/MMMSociability/raw_data/B5/E9_SIS_B5_CC4_AnimalPos.csv,2331583,bb1a7cf44657b0e8aca2718051da8b163d376b5a6080666125207c9f5902c3a7,stage29
S:/Lab_Member/Tobi/Experiments/Exp9_Social-Stress/Analysis/Behavior/RFID/MMMSociability/raw_data/B6/E9_SIS_B6_CC1_AnimalPos.csv,1558308,98dd98a2a83436a71f6ac4be209aff25e6ed9f26727bd3468a1ad3415cccd0cb,stage29
S:/Lab_Member/Tobi/Experiments/Exp9_Social-Stress/Analysis/Behavior/RFID/MMMSociability/raw_data/B6/E9_SIS_B6_CC2_AnimalPos.csv,1556796,c36de3dc8f004880075443381f4445a26aa1ce3f46e2b4820378c8c90e5ddded,stage29
S:/Lab_Member/Tobi/Experiments/Exp9_Social-Stress/Analysis/Behavior/RFID/MMMSociability/raw_data/B6/E9_SIS_B6_CC3_AnimalPos.csv,1772757,fe570ca5381cf6b5ff5b18506ef195985499170d50d59c209a6e996a60881727,stage29
S:/Lab_Member/Tobi/Experiments/Exp9_Social-Stress/Analysis/Behavior/RFID/MMMSociability/raw_data/B6/E9_SIS_B6_CC4_AnimalPos.csv,2309658,af827417db646c6dc2756aaff3bea01f992813975e92dd5b742c238b016e5549,stage29
S:/Lab_Member/Tobi/Experiments/Exp9_Social-Stress/Analysis/Behavior/RFID/MMMSociability/data_versions/v2_cage_label_correction_2026-09-28/MANIFEST_SHA256.csv,4635,bb33a111980913f4ddf97c40872ccdd96dd73accdbdc5c5867954b51aad2c571,stage29
S:/Lab_Member/Tobi/Experiments/Exp9_Social-Stress/Analysis/Behavior/RFID/MMMSociability/data_versions/v2_cage_label_correction_2026-09-28/cage_label_corrections.csv,1610,27512ab992baa084aa0ae339db25922bd63c324a02086aa99c3b4f52141fec17,stage29
S:/Lab_Member/Tobi/Experiments/Exp9_Social-Stress/Analysis/Behavior/RFID/MMMSociability/data_versions/v2_cage_label_correction_2026-09-28/README.txt,1146,30fe05f08c50ca4a87e86318f79b12e182cec4580c1742093a246b7615ab92e3,stage29
S:/Lab_Member/Tobi/Experiments/Exp9_Social-Stress/Analysis/Behavior/RFID/analysis_ready/pipeline/09_early_prediction/10min/tables/primary_prediction_predictions.csv,79882,7836c4161c0e2d2ff13ab733c81dabe2d5d968e39ab9c022476a46916eb56493,stage16b
S:/Lab_Member/Tobi/Experiments/Exp9_Social-Stress/Analysis/Behavior/RFID/analysis_ready/pipeline/09_early_prediction/10min/tables/model_ladder_input.csv,69213,da78f80e4b7867cbabe7847a7da2667459a690a1b25f8ff97ef919cc8d2426dd,stage16b
S:/Lab_Member/Tobi/Experiments/Exp9_Social-Stress/Analysis/Behavior/RFID/analysis_ready/pipeline/09_early_prediction/10min/tables/early_prediction_permutation_draws.csv,402920,67ce97e5eac4aebfd67dc72284682f042088a8724434317b303026d775a13e95,stage16b
S:/Lab_Member/Tobi/Experiments/Exp9_Social-Stress/Analysis/Behavior/RFID/analysis_ready/pipeline/09_early_prediction/10min/tables/primary_movement_entropyacf1_associations.csv,930,b98e2232944f7fbd00d97e5cd3025f806fac05809372da17854a83510fb4b200,stage16b
S:/Lab_Member/Tobi/Experiments/Exp9_Social-Stress/Analysis/Behavior/RFID/analysis_ready/pipeline/09_early_prediction/10min/tables/primary_prediction_performance.csv,2751,004ce0fff56ac1b2e1068e066237c4f1be52cfdc9a3f30e1fb3f4777d13ea428,stage16b
S:/Lab_Member/Tobi/Experiments/Exp9_Social-Stress/Analysis/Behavior/RFID/analysis_ready/pipeline/09_early_prediction/10min/tables/primary_prediction_permutation_test.csv,610,6c268ec42b645aa8b9c019c36d0d282d3e365a63f543555a82b9327e95546d52,stage16b
S:/Lab_Member/Tobi/Experiments/Exp9_Social-Stress/Analysis/Behavior/RFID/analysis_ready/pipeline/09_early_prediction/10min/tables/primary_feature_sex_interactions.csv,718,37199c514f8decee0f3a14073d1f29844f64727be45048f8e2d2dd2da83ed3f8,stage16b
S:/Lab_Member/Tobi/Experiments/Exp9_Social-Stress/Analysis/Behavior/RFID/analysis_ready/pipeline/09_early_prediction/5min/tables/primary_movement_entropyacf1_associations.csv,921,64a9adc4856c4493db7a9a8810311447bccdc28b2c1e1e27da564f21102433f8,stage16b
S:/Lab_Member/Tobi/Experiments/Exp9_Social-Stress/Analysis/Behavior/RFID/analysis_ready/pipeline/09_early_prediction/5min/tables/primary_prediction_performance.csv,2750,8a27e7cf320f180221b04dc22ed147b191f1e11401ddecbf6ae30ecacd04f6cb,stage16b
S:/Lab_Member/Tobi/Experiments/Exp9_Social-Stress/Analysis/Behavior/RFID/analysis_ready/canonical/later_outcome_combz/tables/combz_classification_thresholds.csv,498,e1536f0c6e45a708770b0b78139232ebf9077eed4b884fd3e03524aad861afc9,stage16b
S:/Lab_Member/Tobi/Experiments/Exp9_Social-Stress/Analysis/Behavior/RFID/analysis_ready/pipeline/29_canonical_behavior_releases/v101_dv2_b2ce507/tables/canonical_dyads.csv,60495,d987f056fa9a5e60b2ee3b7550847149fb57f674aa703efc6bd33929cccd9e07,stage16b (Stage 29 outputs)
S:/Lab_Member/Tobi/Experiments/Exp9_Social-Stress/Analysis/Behavior/RFID/analysis_ready/pipeline/29_canonical_behavior_releases/v101_dv2_b2ce507/tables/canonical_window_metrics.csv,149410,fc053468f2a1d1a07e981b6a76c71caa6cfd89b19da7318ee2c2f82f49050dd1,stage16b (Stage 29 outputs)
S:/Lab_Member/Tobi/Experiments/Exp9_Social-Stress/Analysis/Behavior/RFID/analysis_ready/pipeline/29_canonical_behavior_releases/v101_dv2_b2ce507/tables/continuous_estimates.csv,2908,cc549c248778a735f1e79ba2b33e59443778ef200e480ad7479b4150f2b15200,stage16b (Stage 29 outputs)
S:/Lab_Member/Tobi/Experiments/Exp9_Social-Stress/Analysis/Behavior/RFID/analysis_ready/pipeline/29_canonical_behavior_releases/v101_dv2_b2ce507/tables/cumulative_window_estimates.csv,7238,52966d1ef6c3fe16dd50fd6a93e755490f9e6eda5f8a14df4df52824d904bcb0,stage16b (Stage 29 outputs)
S:/Lab_Member/Tobi/Experiments/Exp9_Social-Stress/Analysis/Behavior/RFID/analysis_ready/pipeline/29_canonical_behavior_releases/v101_dv2_b2ce507/tables/d2_dyads.csv,76050,aade3c21d3252aec708dfa5e0fefb98a93ab624b95777e3a75865211577672c9,stage16b (Stage 29 outputs)
S:/Lab_Member/Tobi/Experiments/Exp9_Social-Stress/Analysis/Behavior/RFID/analysis_ready/pipeline/29_canonical_behavior_releases/v101_dv2_b2ce507/tables/descriptive_summaries.csv,8528,0f1eee72665bdb552d5ac570d99851e5a133cdd5132daa7ce8f9efd6b4849567,stage16b (Stage 29 outputs)
S:/Lab_Member/Tobi/Experiments/Exp9_Social-Stress/Analysis/Behavior/RFID/analysis_ready/pipeline/29_canonical_behavior_releases/v101_dv2_b2ce507/tables/diagnostics.csv,5783,c8dfedabe8e9effa9c8dcfef25cdb1efde1e857be40ca1f894e6a7fbbda77a6f,stage16b (Stage 29 outputs)
S:/Lab_Member/Tobi/Experiments/Exp9_Social-Stress/Analysis/Behavior/RFID/analysis_ready/pipeline/29_canonical_behavior_releases/v101_dv2_b2ce507/tables/estimates.csv,54214,a2fc84dbed97803e37ec916e77c5c8e76d20c62cfebb2ce82b6a17adc4f56042,stage16b (Stage 29 outputs)
S:/Lab_Member/Tobi/Experiments/Exp9_Social-Stress/Analysis/Behavior/RFID/analysis_ready/pipeline/29_canonical_behavior_releases/v101_dv2_b2ce507/tables/exposure_estimates.csv,26944,33d91929453ae9eec694b173208a6588021893604aa98fa379227adfc7611a70,stage16b (Stage 29 outputs)
S:/Lab_Member/Tobi/Experiments/Exp9_Social-Stress/Analysis/Behavior/RFID/analysis_ready/pipeline/29_canonical_behavior_releases/v101_dv2_b2ce507/tables/heteroscedastic.csv,4653,58e839386a7ac7fabaf708d6a454bc81357142b29d693b242ae6dc50b2a265e5,stage16b (Stage 29 outputs)
S:/Lab_Member/Tobi/Experiments/Exp9_Social-Stress/Analysis/Behavior/RFID/analysis_ready/pipeline/29_canonical_behavior_releases/v101_dv2_b2ce507/tables/joint_tests.csv,2169,8c44a73dfd5a174378c9e4637a8f2a8cb5de90956bc8fa9194d6ca751ddd4d04,stage16b (Stage 29 outputs)
S:/Lab_Member/Tobi/Experiments/Exp9_Social-Stress/Analysis/Behavior/RFID/analysis_ready/pipeline/29_canonical_behavior_releases/v101_dv2_b2ce507/tables/lag_block_estimates.csv,7464,f071abac95bc85f8a49b0be6a8a7f4f07daf3e02c47387fe97ef0c05e4f9323d,stage16b (Stage 29 outputs)
S:/Lab_Member/Tobi/Experiments/Exp9_Social-Stress/Analysis/Behavior/RFID/analysis_ready/pipeline/29_canonical_behavior_releases/v101_dv2_b2ce507/tables/lobo.csv,8801,e25aa47d609d260aa95e28a020b126ba9635736c518ed1bab749b4df61497390,stage16b (Stage 29 outputs)
S:/Lab_Member/Tobi/Experiments/Exp9_Social-Stress/Analysis/Behavior/RFID/analysis_ready/pipeline/29_canonical_behavior_releases/v101_dv2_b2ce507/tables/lobo_sign_stability.csv,1282,039508ab0fef6283269fc47428dcc6ac604d059781643ed53d19dd4f94aedc4f,stage16b (Stage 29 outputs)
S:/Lab_Member/Tobi/Experiments/Exp9_Social-Stress/Analysis/Behavior/RFID/analysis_ready/pipeline/29_canonical_behavior_releases/v101_dv2_b2ce507/tables/model_registry.csv,41416,1f26a746c30ba2ff90c7c73826f0c764fad842c18cebaa8670b262d2ff189bf7,stage16b (Stage 29 outputs)
S:/Lab_Member/Tobi/Experiments/Exp9_Social-Stress/Analysis/Behavior/RFID/analysis_ready/pipeline/29_canonical_behavior_releases/v101_dv2_b2ce507/tables/multiplicity.csv,2687,efe2d1f85d3349a32d6897f794780cfe4a825789af8c6cfb00d13b451c845a92,stage16b (Stage 29 outputs)
S:/Lab_Member/Tobi/Experiments/Exp9_Social-Stress/Analysis/Behavior/RFID/analysis_ready/pipeline/29_canonical_behavior_releases/v101_dv2_b2ce507/tables/sensitivities.csv,18980,ca03f0d791ee43bef3e6ba13f1cdaab227ae637ed1d8f8197367bd7c421aa8ef,stage16b (Stage 29 outputs)
S:/Lab_Member/Tobi/Experiments/Exp9_Social-Stress/Analysis/Behavior/RFID/analysis_ready/pipeline/29_canonical_behavior_releases/v101_dv2_b2ce507/tables/shared_zone_robustness.csv,2736,bcc6ab95e70c3884bc42f97aa04866890d9a9efb4c6275bb26fbcda04f77b2a5,stage16b (Stage 29 outputs)
S:/Lab_Member/Tobi/Experiments/Exp9_Social-Stress/Analysis/Behavior/RFID/analysis_ready/pipeline/29_canonical_behavior_releases/v101_dv2_b2ce507/tables/stage09_batch_adjusted_sex_interaction.csv,498,3ae840520fbdd0ed0705a357a4f41a8133e94a8ae95bd8b693ae73843fe2b9bb,stage16b (Stage 29 outputs)
S:/Lab_Member/Tobi/Experiments/Exp9_Social-Stress/Analysis/Behavior/RFID/analysis_ready/pipeline/29_canonical_behavior_releases/v101_dv2_b2ce507/tables/stage09_cv_sensitivities.csv,407,6cc3027e0a6f3af6797b1436e26e49b320212bf267657e29e91cdcb5de0e3028,stage16b (Stage 29 outputs)
S:/Lab_Member/Tobi/Experiments/Exp9_Social-Stress/Analysis/Behavior/RFID/analysis_ready/pipeline/29_canonical_behavior_releases/v101_dv2_b2ce507/tables/validation_anchor_vs_stage28.csv,2061,a70209470b12a4a0f41863978d6cc992427de6ccb20da65768c369215e0f2388,stage16b (Stage 29 outputs)
S:/Lab_Member/Tobi/Experiments/Exp9_Social-Stress/Analysis/Behavior/RFID/analysis_ready/pipeline/29_canonical_behavior_releases/v101_dv2_b2ce507/tables/validation_events_vs_stage01.csv,10910,2f7839fbdf5f547e5bf7bb5a813ddcace06dcacb7c546483705cde714108a5e5,stage16b (Stage 29 outputs)
S:/Lab_Member/Tobi/Experiments/Exp9_Social-Stress/Analysis/Behavior/RFID/analysis_ready/pipeline/29_canonical_behavior_releases/v101_dv2_b2ce507/tables/validation_window_coverage.csv,4607,97d90334332001e708f1cc72e1b6bb8389aa2d95dfd50b6ffa33d574146fb3a9,stage16b (Stage 29 outputs)
