Sex,Phase,Batch,CageID,AnimalKey,AnimalNum,Group,Condition,Period,Count,Hours
Female,Active,B3,B3|sys.1|CC4,B3|OR413,OR413,CON,CON,Post,1104,36
Female,Active,B3,B3|sys.1|CC4,B3|OR413,OR413,CON,CON,Reference,458,12
Female,Active,B3,B3|sys.1|CC4,B3|OR414,OR414,CON,CON,Post,953,36
Female,Active,B3,B3|sys.1|CC4,B3|OR414,OR414,CON,CON,Reference,444,12
Female,Active,B3,B3|sys.1|CC4,B3|OR415,OR415,CON,CON,Post,1354,36
Female,Active,B3,B3|sys.1|CC4,B3|OR415,OR415,CON,CON,Reference,551,12
Female,Active,B3,B3|sys.1|CC4,B3|OR416,OR416,CON,CON,Post,733,36
Female,Active,B3,B3|sys.1|CC4,B3|OR416,OR416,CON,CON,Reference,264,12
Female,Active,B3,B3|sys.2|CC4,B3|1546,1546,SUS,SIS,Post,890,36
Female,Active,B3,B3|sys.2|CC4,B3|1546,1546,SUS,SIS,Reference,350,12
Female,Active,B3,B3|sys.2|CC4,B3|OR419,OR419,RES,SIS,Post,873,36
Female,Active,B3,B3|sys.2|CC4,B3|OR419,OR419,RES,SIS,Reference,317,12
Female,Active,B3,B3|sys.2|CC4,B3|OR420,OR420,SUS,SIS,Post,867,36
Female,Active,B3,B3|sys.2|CC4,B3|OR420,OR420,SUS,SIS,Reference,349,12
Female,Active,B3,B3|sys.2|CC4,B3|OR430,OR430,RES,SIS,Post,905,36
Female,Active,B3,B3|sys.2|CC4,B3|OR430,OR430,RES,SIS,Reference,372,12
Female,Active,B3,B3|sys.3|CC4,B3|1547,1547,SUS,SIS,Post,1348,36
Female,Active,B3,B3|sys.3|CC4,B3|1547,1547,SUS,SIS,Reference,566,12
Female,Active,B3,B3|sys.3|CC4,B3|OR428,OR428,SUS,SIS,Post,916,36
Female,Active,B3,B3|sys.3|CC4,B3|OR428,OR428,SUS,SIS,Reference,418,12
Female,Active,B3,B3|sys.3|CC4,B3|OR433,OR433,SUS,SIS,Post,652,36
Female,Active,B3,B3|sys.3|CC4,B3|OR433,OR433,SUS,SIS,Reference,252,12
Female,Active,B3,B3|sys.3|CC4,B3|OR436,OR436,SUS,SIS,Post,956,36
Female,Active,B3,B3|sys.3|CC4,B3|OR436,OR436,SUS,SIS,Reference,470,12
Female,Active,B3,B3|sys.4|CC4,B3|1545,1545,SUS,SIS,Post,970,36
Female,Active,B3,B3|sys.4|CC4,B3|1545,1545,SUS,SIS,Reference,340,12
Female,Active,B3,B3|sys.4|CC4,B3|OR429,OR429,RES,SIS,Post,864,36
Female,Active,B3,B3|sys.4|CC4,B3|OR429,OR429,RES,SIS,Reference,346,12
Female,Active,B3,B3|sys.4|CC4,B3|OR432,OR432,SUS,SIS,Post,687,36
Female,Active,B3,B3|sys.4|CC4,B3|OR432,OR432,SUS,SIS,Reference,235,12
Female,Active,B3,B3|sys.4|CC4,B3|OR434,OR434,RES,SIS,Post,582,36
Female,Active,B3,B3|sys.4|CC4,B3|OR434,OR434,RES,SIS,Reference,293,12
Female,Active,B3,B3|sys.5|CC4,B3|OR424,OR424,RES,SIS,Post,808,36
Female,Active,B3,B3|sys.5|CC4,B3|OR424,OR424,RES,SIS,Reference,298,12
Female,Active,B3,B3|sys.5|CC4,B3|OR425,OR425,RES,SIS,Post,580,36
Female,Active,B3,B3|sys.5|CC4,B3|OR425,OR425,RES,SIS,Reference,234,12
Female,Active,B3,B3|sys.5|CC4,B3|OR426,OR426,SUS,SIS,Post,1034,36
Female,Active,B3,B3|sys.5|CC4,B3|OR426,OR426,SUS,SIS,Reference,403,12
Female,Active,B3,B3|sys.5|CC4,B3|OR437,OR437,RES,SIS,Post,683,36
Female,Active,B3,B3|sys.5|CC4,B3|OR437,OR437,RES,SIS,Reference,260,12
Female,Active,B4,B4|sys.1|CC4,B4|OR551,OR551,SUS,SIS,Post,1124,36
Female,Active,B4,B4|sys.1|CC4,B4|OR551,OR551,SUS,SIS,Reference,598,12
Female,Active,B4,B4|sys.1|CC4,B4|OR556,OR556,SUS,SIS,Post,1200,36
Female,Active,B4,B4|sys.1|CC4,B4|OR556,OR556,SUS,SIS,Reference,624,12
Female,Active,B4,B4|sys.1|CC4,B4|OR561,OR561,RES,SIS,Post,1009,36
Female,Active,B4,B4|sys.1|CC4,B4|OR561,OR561,RES,SIS,Reference,506,12
Female,Active,B4,B4|sys.2|CC4,B4|OR530,OR530,RES,SIS,Post,1211,36
Female,Active,B4,B4|sys.2|CC4,B4|OR530,OR530,RES,SIS,Reference,386,12
Female,Active,B4,B4|sys.2|CC4,B4|OR554,OR554,RES,SIS,Post,1049,36
Female,Active,B4,B4|sys.2|CC4,B4|OR554,OR554,RES,SIS,Reference,396,12
Female,Active,B4,B4|sys.2|CC4,B4|OR559,OR559,RES,SIS,Post,1006,36
Female,Active,B4,B4|sys.2|CC4,B4|OR559,OR559,RES,SIS,Reference,380,12
Female,Active,B4,B4|sys.2|CC4,B4|OR568,OR568,RES,SIS,Post,687,36
Female,Active,B4,B4|sys.2|CC4,B4|OR568,OR568,RES,SIS,Reference,246,12
Female,Active,B4,B4|sys.3|CC4,B4|OR531,OR531,RES,SIS,Post,902,36
Female,Active,B4,B4|sys.3|CC4,B4|OR531,OR531,RES,SIS,Reference,340,12
Female,Active,B4,B4|sys.3|CC4,B4|OR552,OR552,SUS,SIS,Post,638,36
Female,Active,B4,B4|sys.3|CC4,B4|OR552,OR552,SUS,SIS,Reference,332,12
Female,Active,B4,B4|sys.3|CC4,B4|OR553,OR553,RES,SIS,Post,569,36
Female,Active,B4,B4|sys.3|CC4,B4|OR553,OR553,RES,SIS,Reference,232,12
Female,Active,B4,B4|sys.3|CC4,B4|OR560,OR560,RES,SIS,Post,896,36
Female,Active,B4,B4|sys.3|CC4,B4|OR560,OR560,RES,SIS,Reference,400,12
Female,Active,B4,B4|sys.4|CC4,B4|OR537,OR537,CON,CON,Post,688,36
Female,Active,B4,B4|sys.4|CC4,B4|OR537,OR537,CON,CON,Reference,290,12
Female,Active,B4,B4|sys.4|CC4,B4|OR538,OR538,CON,CON,Post,669,36
Female,Active,B4,B4|sys.4|CC4,B4|OR538,OR538,CON,CON,Reference,307,12
Female,Active,B4,B4|sys.4|CC4,B4|OR539,OR539,CON,CON,Post,346,36
Female,Active,B4,B4|sys.4|CC4,B4|OR539,OR539,CON,CON,Reference,236,12
Female,Active,B4,B4|sys.4|CC4,B4|OR540,OR540,CON,CON,Post,582,36
Female,Active,B4,B4|sys.4|CC4,B4|OR540,OR540,CON,CON,Reference,266,12
Female,Active,B4,B4|sys.5|CC4,B4|OR529,OR529,SUS,SIS,Post,844,36
Female,Active,B4,B4|sys.5|CC4,B4|OR529,OR529,SUS,SIS,Reference,404,12
Female,Active,B4,B4|sys.5|CC4,B4|OR550,OR550,SUS,SIS,Post,958,36
Female,Active,B4,B4|sys.5|CC4,B4|OR550,OR550,SUS,SIS,Reference,496,12
Female,Active,B4,B4|sys.5|CC4,B4|OR555,OR555,SUS,SIS,Post,819,36
Female,Active,B4,B4|sys.5|CC4,B4|OR555,OR555,SUS,SIS,Reference,356,12
Female,Active,B4,B4|sys.5|CC4,B4|OR562,OR562,RES,SIS,Post,978,36
Female,Active,B4,B4|sys.5|CC4,B4|OR562,OR562,RES,SIS,Reference,457,12
Female,Active,B6,B6|sys.1|CC4,B6|675,675,RES,SIS,Post,838,36
Female,Active,B6,B6|sys.1|CC4,B6|675,675,RES,SIS,Reference,251,12
Female,Active,B6,B6|sys.1|CC4,B6|692,692,RES,SIS,Post,250,36
Female,Active,B6,B6|sys.1|CC4,B6|692,692,RES,SIS,Reference,121,12
Female,Active,B6,B6|sys.1|CC4,B6|696,696,RES,SIS,Post,676,36
Female,Active,B6,B6|sys.1|CC4,B6|696,696,RES,SIS,Reference,256,12
Female,Active,B6,B6|sys.1|CC4,B6|OR647,OR647,RES,SIS,Post,656,36
Female,Active,B6,B6|sys.1|CC4,B6|OR647,OR647,RES,SIS,Reference,278,12
Female,Active,B6,B6|sys.2|CC4,B6|676,676,RES,SIS,Post,954,36
Female,Active,B6,B6|sys.2|CC4,B6|676,676,RES,SIS,Reference,432,12
Female,Active,B6,B6|sys.2|CC4,B6|693,693,RES,SIS,Post,608,36
Female,Active,B6,B6|sys.2|CC4,B6|693,693,RES,SIS,Reference,356,12
Female,Active,B6,B6|sys.2|CC4,B6|695,695,RES,SIS,Post,506,36
Female,Active,B6,B6|sys.2|CC4,B6|695,695,RES,SIS,Reference,234,12
Female,Active,B6,B6|sys.3|CC4,B6|OR639,OR639,CON,CON,Post,1243,36
Female,Active,B6,B6|sys.3|CC4,B6|OR639,OR639,CON,CON,Reference,322,12
Female,Active,B6,B6|sys.3|CC4,B6|OR643,OR643,CON,CON,Post,786,36
Female,Active,B6,B6|sys.3|CC4,B6|OR643,OR643,CON,CON,Reference,294,12
Female,Active,B6,B6|sys.3|CC4,B6|OR644,OR644,CON,CON,Post,1031,36
Female,Active,B6,B6|sys.3|CC4,B6|OR644,OR644,CON,CON,Reference,298,12
Female,Active,B6,B6|sys.3|CC4,B6|OR645,OR645,CON,CON,Post,1018,36
Female,Active,B6,B6|sys.3|CC4,B6|OR645,OR645,CON,CON,Reference,328,12
Female,Active,B6,B6|sys.4|CC4,B6|654,654,RES,SIS,Post,977,36
Female,Active,B6,B6|sys.4|CC4,B6|654,654,RES,SIS,Reference,380,12
Female,Active,B6,B6|sys.4|CC4,B6|656,656,SUS,SIS,Post,1165,36
Female,Active,B6,B6|sys.4|CC4,B6|656,656,SUS,SIS,Reference,484,12
Female,Active,B6,B6|sys.4|CC4,B6|662,662,SUS,SIS,Post,676,36
Female,Active,B6,B6|sys.4|CC4,B6|662,662,SUS,SIS,Reference,330,12
Female,Active,B6,B6|sys.4|CC4,B6|691,691,RES,SIS,Post,713,36
Female,Active,B6,B6|sys.4|CC4,B6|691,691,RES,SIS,Reference,212,12
Female,Active,B6,B6|sys.5|CC4,B6|663,663,SUS,SIS,Post,516,36
Female,Active,B6,B6|sys.5|CC4,B6|663,663,SUS,SIS,Reference,160,12
Female,Active,B6,B6|sys.5|CC4,B6|690,690,RES,SIS,Post,600,36
Female,Active,B6,B6|sys.5|CC4,B6|690,690,RES,SIS,Reference,212,12
Female,Active,B6,B6|sys.5|CC4,B6|694,694,RES,SIS,Post,561,36
Female,Active,B6,B6|sys.5|CC4,B6|694,694,RES,SIS,Reference,280,12
Female,Active,B6,B6|sys.5|CC4,B6|OR646,OR646,RES,SIS,Post,1278,36
Female,Active,B6,B6|sys.5|CC4,B6|OR646,OR646,RES,SIS,Reference,438,12
Female,Inactive,B3,B3|sys.1|CC4,B3|OR413,OR413,CON,CON,Post,352,36
Female,Inactive,B3,B3|sys.1|CC4,B3|OR413,OR413,CON,CON,Reference,37,12
Female,Inactive,B3,B3|sys.1|CC4,B3|OR414,OR414,CON,CON,Post,259,36
Female,Inactive,B3,B3|sys.1|CC4,B3|OR414,OR414,CON,CON,Reference,26,12
Female,Inactive,B3,B3|sys.1|CC4,B3|OR415,OR415,CON,CON,Post,494,36
Female,Inactive,B3,B3|sys.1|CC4,B3|OR415,OR415,CON,CON,Reference,63,12
Female,Inactive,B3,B3|sys.1|CC4,B3|OR416,OR416,CON,CON,Post,205,36
Female,Inactive,B3,B3|sys.1|CC4,B3|OR416,OR416,CON,CON,Reference,18,12
Female,Inactive,B3,B3|sys.2|CC4,B3|1546,1546,SUS,SIS,Post,426,36
Female,Inactive,B3,B3|sys.2|CC4,B3|1546,1546,SUS,SIS,Reference,46,12
Female,Inactive,B3,B3|sys.2|CC4,B3|OR419,OR419,RES,SIS,Post,380,36
Female,Inactive,B3,B3|sys.2|CC4,B3|OR419,OR419,RES,SIS,Reference,21,12
Female,Inactive,B3,B3|sys.2|CC4,B3|OR420,OR420,SUS,SIS,Post,356,36
Female,Inactive,B3,B3|sys.2|CC4,B3|OR420,OR420,SUS,SIS,Reference,25,12
Female,Inactive,B3,B3|sys.2|CC4,B3|OR430,OR430,RES,SIS,Post,307,36
Female,Inactive,B3,B3|sys.2|CC4,B3|OR430,OR430,RES,SIS,Reference,7,12
Female,Inactive,B3,B3|sys.3|CC4,B3|1547,1547,SUS,SIS,Post,420,36
Female,Inactive,B3,B3|sys.3|CC4,B3|1547,1547,SUS,SIS,Reference,22,12
Female,Inactive,B3,B3|sys.3|CC4,B3|OR428,OR428,SUS,SIS,Post,390,36
Female,Inactive,B3,B3|sys.3|CC4,B3|OR428,OR428,SUS,SIS,Reference,20,12
Female,Inactive,B3,B3|sys.3|CC4,B3|OR433,OR433,SUS,SIS,Post,146,36
Female,Inactive,B3,B3|sys.3|CC4,B3|OR433,OR433,SUS,SIS,Reference,4,12
Female,Inactive,B3,B3|sys.3|CC4,B3|OR436,OR436,SUS,SIS,Post,382,36
Female,Inactive,B3,B3|sys.3|CC4,B3|OR436,OR436,SUS,SIS,Reference,8,12
Female,Inactive,B3,B3|sys.4|CC4,B3|1545,1545,SUS,SIS,Post,570,36
Female,Inactive,B3,B3|sys.4|CC4,B3|1545,1545,SUS,SIS,Reference,54,12
Female,Inactive,B3,B3|sys.4|CC4,B3|OR429,OR429,RES,SIS,Post,110,36
Female,Inactive,B3,B3|sys.4|CC4,B3|OR429,OR429,RES,SIS,Reference,2,12
Female,Inactive,B3,B3|sys.4|CC4,B3|OR432,OR432,SUS,SIS,Post,348,36
Female,Inactive,B3,B3|sys.4|CC4,B3|OR432,OR432,SUS,SIS,Reference,18,12
Female,Inactive,B3,B3|sys.4|CC4,B3|OR434,OR434,RES,SIS,Post,184,36
Female,Inactive,B3,B3|sys.4|CC4,B3|OR434,OR434,RES,SIS,Reference,6,12
Female,Inactive,B3,B3|sys.5|CC4,B3|OR424,OR424,RES,SIS,Post,274,36
Female,Inactive,B3,B3|sys.5|CC4,B3|OR424,OR424,RES,SIS,Reference,9,12
Female,Inactive,B3,B3|sys.5|CC4,B3|OR425,OR425,RES,SIS,Post,102,36
Female,Inactive,B3,B3|sys.5|CC4,B3|OR425,OR425,RES,SIS,Reference,2,12
Female,Inactive,B3,B3|sys.5|CC4,B3|OR426,OR426,SUS,SIS,Post,536,36
Female,Inactive,B3,B3|sys.5|CC4,B3|OR426,OR426,SUS,SIS,Reference,95,12
Female,Inactive,B3,B3|sys.5|CC4,B3|OR437,OR437,RES,SIS,Post,311,36
Female,Inactive,B3,B3|sys.5|CC4,B3|OR437,OR437,RES,SIS,Reference,34,12
Female,Inactive,B4,B4|sys.1|CC4,B4|OR551,OR551,SUS,SIS,Post,479,36
Female,Inactive,B4,B4|sys.1|CC4,B4|OR551,OR551,SUS,SIS,Reference,70,12
Female,Inactive,B4,B4|sys.1|CC4,B4|OR556,OR556,SUS,SIS,Post,521,36
Female,Inactive,B4,B4|sys.1|CC4,B4|OR556,OR556,SUS,SIS,Reference,72,12
Female,Inactive,B4,B4|sys.1|CC4,B4|OR561,OR561,RES,SIS,Post,528,36
Female,Inactive,B4,B4|sys.1|CC4,B4|OR561,OR561,RES,SIS,Reference,90,12
Female,Inactive,B4,B4|sys.2|CC4,B4|OR530,OR530,RES,SIS,Post,337,36
Female,Inactive,B4,B4|sys.2|CC4,B4|OR530,OR530,RES,SIS,Reference,6,12
Female,Inactive,B4,B4|sys.2|CC4,B4|OR554,OR554,RES,SIS,Post,360,36
Female,Inactive,B4,B4|sys.2|CC4,B4|OR554,OR554,RES,SIS,Reference,34,12
Female,Inactive,B4,B4|sys.2|CC4,B4|OR559,OR559,RES,SIS,Post,392,36
Female,Inactive,B4,B4|sys.2|CC4,B4|OR559,OR559,RES,SIS,Reference,34,12
Female,Inactive,B4,B4|sys.2|CC4,B4|OR568,OR568,RES,SIS,Post,293,36
Female,Inactive,B4,B4|sys.2|CC4,B4|OR568,OR568,RES,SIS,Reference,37,12
Female,Inactive,B4,B4|sys.3|CC4,B4|OR531,OR531,RES,SIS,Post,420,36
Female,Inactive,B4,B4|sys.3|CC4,B4|OR531,OR531,RES,SIS,Reference,80,12
Female,Inactive,B4,B4|sys.3|CC4,B4|OR552,OR552,SUS,SIS,Post,286,36
Female,Inactive,B4,B4|sys.3|CC4,B4|OR552,OR552,SUS,SIS,Reference,28,12
Female,Inactive,B4,B4|sys.3|CC4,B4|OR553,OR553,RES,SIS,Post,165,36
Female,Inactive,B4,B4|sys.3|CC4,B4|OR553,OR553,RES,SIS,Reference,10,12
Female,Inactive,B4,B4|sys.3|CC4,B4|OR560,OR560,RES,SIS,Post,312,36
Female,Inactive,B4,B4|sys.3|CC4,B4|OR560,OR560,RES,SIS,Reference,58,12
Female,Inactive,B4,B4|sys.4|CC4,B4|OR537,OR537,CON,CON,Post,217,36
Female,Inactive,B4,B4|sys.4|CC4,B4|OR537,OR537,CON,CON,Reference,4,12
Female,Inactive,B4,B4|sys.4|CC4,B4|OR538,OR538,CON,CON,Post,73,36
Female,Inactive,B4,B4|sys.4|CC4,B4|OR538,OR538,CON,CON,Reference,3,12
Female,Inactive,B4,B4|sys.4|CC4,B4|OR539,OR539,CON,CON,Post,1,36
Female,Inactive,B4,B4|sys.4|CC4,B4|OR539,OR539,CON,CON,Reference,0,12
Female,Inactive,B4,B4|sys.4|CC4,B4|OR540,OR540,CON,CON,Post,87,36
Female,Inactive,B4,B4|sys.4|CC4,B4|OR540,OR540,CON,CON,Reference,0,12
Female,Inactive,B4,B4|sys.5|CC4,B4|OR529,OR529,SUS,SIS,Post,584,36
Female,Inactive,B4,B4|sys.5|CC4,B4|OR529,OR529,SUS,SIS,Reference,26,12
Female,Inactive,B4,B4|sys.5|CC4,B4|OR550,OR550,SUS,SIS,Post,462,36
Female,Inactive,B4,B4|sys.5|CC4,B4|OR550,OR550,SUS,SIS,Reference,44,12
Female,Inactive,B4,B4|sys.5|CC4,B4|OR555,OR555,SUS,SIS,Post,299,36
Female,Inactive,B4,B4|sys.5|CC4,B4|OR555,OR555,SUS,SIS,Reference,14,12
Female,Inactive,B4,B4|sys.5|CC4,B4|OR562,OR562,RES,SIS,Post,379,36
Female,Inactive,B4,B4|sys.5|CC4,B4|OR562,OR562,RES,SIS,Reference,48,12
Female,Inactive,B6,B6|sys.1|CC4,B6|675,675,RES,SIS,Post,589,36
Female,Inactive,B6,B6|sys.1|CC4,B6|675,675,RES,SIS,Reference,54,12
Female,Inactive,B6,B6|sys.1|CC4,B6|692,692,RES,SIS,Post,107,36
Female,Inactive,B6,B6|sys.1|CC4,B6|692,692,RES,SIS,Reference,10,12
Female,Inactive,B6,B6|sys.1|CC4,B6|696,696,RES,SIS,Post,288,36
Female,Inactive,B6,B6|sys.1|CC4,B6|696,696,RES,SIS,Reference,4,12
Female,Inactive,B6,B6|sys.1|CC4,B6|OR647,OR647,RES,SIS,Post,278,36
Female,Inactive,B6,B6|sys.1|CC4,B6|OR647,OR647,RES,SIS,Reference,12,12
Female,Inactive,B6,B6|sys.2|CC4,B6|676,676,RES,SIS,Post,602,36
Female,Inactive,B6,B6|sys.2|CC4,B6|676,676,RES,SIS,Reference,99,12
Female,Inactive,B6,B6|sys.2|CC4,B6|693,693,RES,SIS,Post,356,36
Female,Inactive,B6,B6|sys.2|CC4,B6|693,693,RES,SIS,Reference,33,12
Female,Inactive,B6,B6|sys.2|CC4,B6|695,695,RES,SIS,Post,428,36
Female,Inactive,B6,B6|sys.2|CC4,B6|695,695,RES,SIS,Reference,36,12
Female,Inactive,B6,B6|sys.3|CC4,B6|OR639,OR639,CON,CON,Post,46,36
Female,Inactive,B6,B6|sys.3|CC4,B6|OR639,OR639,CON,CON,Reference,0,12
Female,Inactive,B6,B6|sys.3|CC4,B6|OR643,OR643,CON,CON,Post,174,36
Female,Inactive,B6,B6|sys.3|CC4,B6|OR643,OR643,CON,CON,Reference,26,12
Female,Inactive,B6,B6|sys.3|CC4,B6|OR644,OR644,CON,CON,Post,157,36
Female,Inactive,B6,B6|sys.3|CC4,B6|OR644,OR644,CON,CON,Reference,12,12
Female,Inactive,B6,B6|sys.3|CC4,B6|OR645,OR645,CON,CON,Post,242,36
Female,Inactive,B6,B6|sys.3|CC4,B6|OR645,OR645,CON,CON,Reference,11,12
Female,Inactive,B6,B6|sys.4|CC4,B6|654,654,RES,SIS,Post,279,36
Female,Inactive,B6,B6|sys.4|CC4,B6|654,654,RES,SIS,Reference,18,12
Female,Inactive,B6,B6|sys.4|CC4,B6|656,656,SUS,SIS,Post,581,36
Female,Inactive,B6,B6|sys.4|CC4,B6|656,656,SUS,SIS,Reference,70,12
Female,Inactive,B6,B6|sys.4|CC4,B6|662,662,SUS,SIS,Post,246,36
Female,Inactive,B6,B6|sys.4|CC4,B6|662,662,SUS,SIS,Reference,17,12
Female,Inactive,B6,B6|sys.4|CC4,B6|691,691,RES,SIS,Post,198,36
Female,Inactive,B6,B6|sys.4|CC4,B6|691,691,RES,SIS,Reference,16,12
Female,Inactive,B6,B6|sys.5|CC4,B6|663,663,SUS,SIS,Post,134,36
Female,Inactive,B6,B6|sys.5|CC4,B6|663,663,SUS,SIS,Reference,10,12
Female,Inactive,B6,B6|sys.5|CC4,B6|690,690,RES,SIS,Post,128,36
Female,Inactive,B6,B6|sys.5|CC4,B6|690,690,RES,SIS,Reference,4,12
Female,Inactive,B6,B6|sys.5|CC4,B6|694,694,RES,SIS,Post,357,36
Female,Inactive,B6,B6|sys.5|CC4,B6|694,694,RES,SIS,Reference,18,12
Female,Inactive,B6,B6|sys.5|CC4,B6|OR646,OR646,RES,SIS,Post,340,36
Female,Inactive,B6,B6|sys.5|CC4,B6|OR646,OR646,RES,SIS,Reference,22,12
Male,Active,B1,B1|sys.1|CC4,B1|OQ764,OQ764,SUS,SIS,Post,1359,36
Male,Active,B1,B1|sys.1|CC4,B1|OQ764,OQ764,SUS,SIS,Reference,508,12
Male,Active,B1,B1|sys.1|CC4,B1|OQ772,OQ772,RES,SIS,Post,962,36
Male,Active,B1,B1|sys.1|CC4,B1|OQ772,OQ772,RES,SIS,Reference,433,12
Male,Active,B1,B1|sys.2|CC4,B1|OQ760,OQ760,CON,CON,Post,794,36
Male,Active,B1,B1|sys.2|CC4,B1|OQ760,OQ760,CON,CON,Reference,380,12
Male,Active,B1,B1|sys.2|CC4,B1|OQ761,OQ761,CON,CON,Post,1372,36
Male,Active,B1,B1|sys.2|CC4,B1|OQ761,OQ761,CON,CON,Reference,694,12
Male,Active,B1,B1|sys.2|CC4,B1|OQ763,OQ763,CON,CON,Post,1539,36
Male,Active,B1,B1|sys.2|CC4,B1|OQ763,OQ763,CON,CON,Reference,626,12
Male,Active,B1,B1|sys.2|CC4,B1|OQ765,OQ765,CON,CON,Post,930,36
Male,Active,B1,B1|sys.2|CC4,B1|OQ765,OQ765,CON,CON,Reference,409,12
Male,Active,B1,B1|sys.3|CC4,B1|3,3,RES,SIS,Post,478,36
Male,Active,B1,B1|sys.3|CC4,B1|3,3,RES,SIS,Reference,198,12
Male,Active,B1,B1|sys.3|CC4,B1|OQ755,OQ755,SUS,SIS,Post,606,36
Male,Active,B1,B1|sys.3|CC4,B1|OQ755,OQ755,SUS,SIS,Reference,182,12
Male,Active,B1,B1|sys.3|CC4,B1|OQ770,OQ770,SUS,SIS,Post,643,36
Male,Active,B1,B1|sys.3|CC4,B1|OQ770,OQ770,SUS,SIS,Reference,287,12
Male,Active,B1,B1|sys.4|CC4,B1|OQ762,OQ762,RES,SIS,Post,810,36
Male,Active,B1,B1|sys.4|CC4,B1|OQ762,OQ762,RES,SIS,Reference,314,12
Male,Active,B1,B1|sys.4|CC4,B1|OQ773,OQ773,RES,SIS,Post,795,36
Male,Active,B1,B1|sys.4|CC4,B1|OQ773,OQ773,RES,SIS,Reference,379,12
Male,Active,B1,B1|sys.5|CC4,B1|4,4,SUS,SIS,Post,716,36
Male,Active,B1,B1|sys.5|CC4,B1|4,4,SUS,SIS,Reference,288,12
Male,Active,B1,B1|sys.5|CC4,B1|OQ754,OQ754,SUS,SIS,Post,909,36
Male,Active,B1,B1|sys.5|CC4,B1|OQ754,OQ754,SUS,SIS,Reference,292,12
Male,Active,B1,B1|sys.5|CC4,B1|OQ771,OQ771,SUS,SIS,Post,994,36
Male,Active,B1,B1|sys.5|CC4,B1|OQ771,OQ771,SUS,SIS,Reference,384,12
Male,Active,B2,B2|sys.1|CC4,B2|OR126,OR126,CON,CON,Post,937,36
Male,Active,B2,B2|sys.1|CC4,B2|OR126,OR126,CON,CON,Reference,272,12
Male,Active,B2,B2|sys.1|CC4,B2|OR127,OR127,CON,CON,Post,606,36
Male,Active,B2,B2|sys.1|CC4,B2|OR127,OR127,CON,CON,Reference,289,12
Male,Active,B2,B2|sys.1|CC4,B2|OR128,OR128,CON,CON,Post,714,36
Male,Active,B2,B2|sys.1|CC4,B2|OR128,OR128,CON,CON,Reference,270,12
Male,Active,B2,B2|sys.1|CC4,B2|OR129,OR129,CON,CON,Post,810,36
Male,Active,B2,B2|sys.1|CC4,B2|OR129,OR129,CON,CON,Reference,298,12
Male,Active,B2,B2|sys.2|CC4,B2|OR104,OR104,RES,SIS,Post,663,36
Male,Active,B2,B2|sys.2|CC4,B2|OR104,OR104,RES,SIS,Reference,259,12
Male,Active,B2,B2|sys.2|CC4,B2|OR122,OR122,RES,SIS,Post,731,36
Male,Active,B2,B2|sys.2|CC4,B2|OR122,OR122,RES,SIS,Reference,360,12
Male,Active,B2,B2|sys.2|CC4,B2|OR131,OR131,RES,SIS,Post,798,36
Male,Active,B2,B2|sys.2|CC4,B2|OR131,OR131,RES,SIS,Reference,420,12
Male,Active,B2,B2|sys.2|CC4,B2|OR140,OR140,RES,SIS,Post,650,36
Male,Active,B2,B2|sys.2|CC4,B2|OR140,OR140,RES,SIS,Reference,242,12
Male,Active,B2,B2|sys.3|CC4,B2|OR111,OR111,SUS,SIS,Post,646,36
Male,Active,B2,B2|sys.3|CC4,B2|OR111,OR111,SUS,SIS,Reference,274,12
Male,Active,B2,B2|sys.3|CC4,B2|OR112,OR112,RES,SIS,Post,796,36
Male,Active,B2,B2|sys.3|CC4,B2|OR112,OR112,RES,SIS,Reference,328,12
Male,Active,B2,B2|sys.3|CC4,B2|OR134,OR134,RES,SIS,Post,865,36
Male,Active,B2,B2|sys.3|CC4,B2|OR134,OR134,RES,SIS,Reference,382,12
Male,Active,B2,B2|sys.3|CC4,B2|OR139,OR139,RES,SIS,Post,779,36
Male,Active,B2,B2|sys.3|CC4,B2|OR139,OR139,RES,SIS,Reference,300,12
Male,Active,B2,B2|sys.4|CC4,B2|OR105,OR105,RES,SIS,Post,731,36
Male,Active,B2,B2|sys.4|CC4,B2|OR105,OR105,RES,SIS,Reference,447,12
Male,Active,B2,B2|sys.4|CC4,B2|OR120,OR120,RES,SIS,Post,898,36
Male,Active,B2,B2|sys.4|CC4,B2|OR120,OR120,RES,SIS,Reference,367,12
Male,Active,B2,B2|sys.4|CC4,B2|OR130,OR130,RES,SIS,Post,949,36
Male,Active,B2,B2|sys.4|CC4,B2|OR130,OR130,RES,SIS,Reference,375,12
Male,Active,B2,B2|sys.4|CC4,B2|OR141,OR141,RES,SIS,Post,633,36
Male,Active,B2,B2|sys.4|CC4,B2|OR141,OR141,RES,SIS,Reference,352,12
Male,Active,B2,B2|sys.5|CC4,B2|OR106,OR106,RES,SIS,Post,555,36
Male,Active,B2,B2|sys.5|CC4,B2|OR106,OR106,RES,SIS,Reference,296,12
Male,Active,B2,B2|sys.5|CC4,B2|OR113,OR113,SUS,SIS,Post,751,36
Male,Active,B2,B2|sys.5|CC4,B2|OR113,OR113,SUS,SIS,Reference,306,12
Male,Active,B2,B2|sys.5|CC4,B2|OR135,OR135,RES,SIS,Post,880,36
Male,Active,B2,B2|sys.5|CC4,B2|OR135,OR135,RES,SIS,Reference,342,12
Male,Active,B2,B2|sys.5|CC4,B2|OR138,OR138,RES,SIS,Post,919,36
Male,Active,B2,B2|sys.5|CC4,B2|OR138,OR138,RES,SIS,Reference,391,12
Male,Active,B5,B5|sys.2|CC4,B5|13857,13857,RES,SIS,Post,815,36
Male,Active,B5,B5|sys.2|CC4,B5|13857,13857,RES,SIS,Reference,343,12
Male,Active,B5,B5|sys.2|CC4,B5|310,310,RES,SIS,Post,955,36
Male,Active,B5,B5|sys.2|CC4,B5|310,310,RES,SIS,Reference,368,12
Male,Active,B5,B5|sys.2|CC4,B5|319,319,SUS,SIS,Post,946,36
Male,Active,B5,B5|sys.2|CC4,B5|319,319,SUS,SIS,Reference,374,12
Male,Active,B5,B5|sys.2|CC4,B5|OR629,OR629,RES,SIS,Post,811,36
Male,Active,B5,B5|sys.2|CC4,B5|OR629,OR629,RES,SIS,Reference,290,12
Male,Active,B5,B5|sys.3|CC4,B5|13856,13856,SUS,SIS,Post,1320,36
Male,Active,B5,B5|sys.3|CC4,B5|13856,13856,SUS,SIS,Reference,546,12
Male,Active,B5,B5|sys.3|CC4,B5|313,313,SUS,SIS,Post,1294,36
Male,Active,B5,B5|sys.3|CC4,B5|313,313,SUS,SIS,Reference,450,12
Male,Active,B5,B5|sys.3|CC4,B5|OR628,OR628,SUS,SIS,Post,795,36
Male,Active,B5,B5|sys.3|CC4,B5|OR628,OR628,SUS,SIS,Reference,372,12
Male,Active,B5,B5|sys.4|CC4,B5|OR621,OR621,CON,CON,Post,1062,36
Male,Active,B5,B5|sys.4|CC4,B5|OR621,OR621,CON,CON,Reference,446,12
Male,Active,B5,B5|sys.4|CC4,B5|OR622,OR622,CON,CON,Post,801,36
Male,Active,B5,B5|sys.4|CC4,B5|OR622,OR622,CON,CON,Reference,398,12
Male,Active,B5,B5|sys.4|CC4,B5|OR623,OR623,CON,CON,Post,917,36
Male,Active,B5,B5|sys.4|CC4,B5|OR623,OR623,CON,CON,Reference,343,12
Male,Active,B5,B5|sys.4|CC4,B5|OR624,OR624,CON,CON,Post,537,36
Male,Active,B5,B5|sys.4|CC4,B5|OR624,OR624,CON,CON,Reference,194,12
Male,Active,B5,B5|sys.5|CC4,B5|303,303,SUS,SIS,Post,981,36
Male,Active,B5,B5|sys.5|CC4,B5|303,303,SUS,SIS,Reference,378,12
Male,Active,B5,B5|sys.5|CC4,B5|304,304,RES,SIS,Post,1090,36
Male,Active,B5,B5|sys.5|CC4,B5|304,304,RES,SIS,Reference,390,12
Male,Active,B5,B5|sys.5|CC4,B5|317,317,SUS,SIS,Post,1183,36
Male,Active,B5,B5|sys.5|CC4,B5|317,317,SUS,SIS,Reference,428,12
Male,Active,B5,B5|sys.5|CC4,B5|OR625,OR625,SUS,SIS,Post,824,36
Male,Active,B5,B5|sys.5|CC4,B5|OR625,OR625,SUS,SIS,Reference,280,12
Male,Inactive,B1,B1|sys.1|CC4,B1|OQ764,OQ764,SUS,SIS,Post,415,36
Male,Inactive,B1,B1|sys.1|CC4,B1|OQ764,OQ764,SUS,SIS,Reference,44,12
Male,Inactive,B1,B1|sys.1|CC4,B1|OQ772,OQ772,RES,SIS,Post,503,36
Male,Inactive,B1,B1|sys.1|CC4,B1|OQ772,OQ772,RES,SIS,Reference,95,12
Male,Inactive,B1,B1|sys.2|CC4,B1|OQ760,OQ760,CON,CON,Post,246,36
Male,Inactive,B1,B1|sys.2|CC4,B1|OQ760,OQ760,CON,CON,Reference,8,12
Male,Inactive,B1,B1|sys.2|CC4,B1|OQ761,OQ761,CON,CON,Post,430,36
Male,Inactive,B1,B1|sys.2|CC4,B1|OQ761,OQ761,CON,CON,Reference,32,12
Male,Inactive,B1,B1|sys.2|CC4,B1|OQ763,OQ763,CON,CON,Post,449,36
Male,Inactive,B1,B1|sys.2|CC4,B1|OQ763,OQ763,CON,CON,Reference,56,12
Male,Inactive,B1,B1|sys.2|CC4,B1|OQ765,OQ765,CON,CON,Post,333,36
Male,Inactive,B1,B1|sys.2|CC4,B1|OQ765,OQ765,CON,CON,Reference,38,12
Male,Inactive,B1,B1|sys.3|CC4,B1|3,3,RES,SIS,Post,236,36
Male,Inactive,B1,B1|sys.3|CC4,B1|3,3,RES,SIS,Reference,19,12
Male,Inactive,B1,B1|sys.3|CC4,B1|OQ755,OQ755,SUS,SIS,Post,321,36
Male,Inactive,B1,B1|sys.3|CC4,B1|OQ755,OQ755,SUS,SIS,Reference,42,12
Male,Inactive,B1,B1|sys.3|CC4,B1|OQ770,OQ770,SUS,SIS,Post,347,36
Male,Inactive,B1,B1|sys.3|CC4,B1|OQ770,OQ770,SUS,SIS,Reference,59,12
Male,Inactive,B1,B1|sys.4|CC4,B1|OQ762,OQ762,RES,SIS,Post,322,36
Male,Inactive,B1,B1|sys.4|CC4,B1|OQ762,OQ762,RES,SIS,Reference,39,12
Male,Inactive,B1,B1|sys.4|CC4,B1|OQ773,OQ773,RES,SIS,Post,410,36
Male,Inactive,B1,B1|sys.4|CC4,B1|OQ773,OQ773,RES,SIS,Reference,26,12
Male,Inactive,B1,B1|sys.5|CC4,B1|4,4,SUS,SIS,Post,266,36
Male,Inactive,B1,B1|sys.5|CC4,B1|4,4,SUS,SIS,Reference,16,12
Male,Inactive,B1,B1|sys.5|CC4,B1|OQ754,OQ754,SUS,SIS,Post,431,36
Male,Inactive,B1,B1|sys.5|CC4,B1|OQ754,OQ754,SUS,SIS,Reference,26,12
Male,Inactive,B1,B1|sys.5|CC4,B1|OQ771,OQ771,SUS,SIS,Post,487,36
Male,Inactive,B1,B1|sys.5|CC4,B1|OQ771,OQ771,SUS,SIS,Reference,106,12
Male,Inactive,B2,B2|sys.1|CC4,B2|OR126,OR126,CON,CON,Post,225,36
Male,Inactive,B2,B2|sys.1|CC4,B2|OR126,OR126,CON,CON,Reference,46,12
Male,Inactive,B2,B2|sys.1|CC4,B2|OR127,OR127,CON,CON,Post,143,36
Male,Inactive,B2,B2|sys.1|CC4,B2|OR127,OR127,CON,CON,Reference,12,12
Male,Inactive,B2,B2|sys.1|CC4,B2|OR128,OR128,CON,CON,Post,225,36
Male,Inactive,B2,B2|sys.1|CC4,B2|OR128,OR128,CON,CON,Reference,18,12
Male,Inactive,B2,B2|sys.1|CC4,B2|OR129,OR129,CON,CON,Post,80,36
Male,Inactive,B2,B2|sys.1|CC4,B2|OR129,OR129,CON,CON,Reference,0,12
Male,Inactive,B2,B2|sys.2|CC4,B2|OR104,OR104,RES,SIS,Post,236,36
Male,Inactive,B2,B2|sys.2|CC4,B2|OR104,OR104,RES,SIS,Reference,12,12
Male,Inactive,B2,B2|sys.2|CC4,B2|OR122,OR122,RES,SIS,Post,201,36
Male,Inactive,B2,B2|sys.2|CC4,B2|OR122,OR122,RES,SIS,Reference,18,12
Male,Inactive,B2,B2|sys.2|CC4,B2|OR131,OR131,RES,SIS,Post,262,36
Male,Inactive,B2,B2|sys.2|CC4,B2|OR131,OR131,RES,SIS,Reference,19,12
Male,Inactive,B2,B2|sys.2|CC4,B2|OR140,OR140,RES,SIS,Post,310,36
Male,Inactive,B2,B2|sys.2|CC4,B2|OR140,OR140,RES,SIS,Reference,41,12
Male,Inactive,B2,B2|sys.3|CC4,B2|OR111,OR111,SUS,SIS,Post,208,36
Male,Inactive,B2,B2|sys.3|CC4,B2|OR111,OR111,SUS,SIS,Reference,24,12
Male,Inactive,B2,B2|sys.3|CC4,B2|OR112,OR112,RES,SIS,Post,232,36
Male,Inactive,B2,B2|sys.3|CC4,B2|OR112,OR112,RES,SIS,Reference,22,12
Male,Inactive,B2,B2|sys.3|CC4,B2|OR134,OR134,RES,SIS,Post,204,36
Male,Inactive,B2,B2|sys.3|CC4,B2|OR134,OR134,RES,SIS,Reference,24,12
Male,Inactive,B2,B2|sys.3|CC4,B2|OR139,OR139,RES,SIS,Post,311,36
Male,Inactive,B2,B2|sys.3|CC4,B2|OR139,OR139,RES,SIS,Reference,32,12
Male,Inactive,B2,B2|sys.4|CC4,B2|OR105,OR105,RES,SIS,Post,328,36
Male,Inactive,B2,B2|sys.4|CC4,B2|OR105,OR105,RES,SIS,Reference,25,12
Male,Inactive,B2,B2|sys.4|CC4,B2|OR120,OR120,RES,SIS,Post,269,36
Male,Inactive,B2,B2|sys.4|CC4,B2|OR120,OR120,RES,SIS,Reference,15,12
Male,Inactive,B2,B2|sys.4|CC4,B2|OR130,OR130,RES,SIS,Post,288,36
Male,Inactive,B2,B2|sys.4|CC4,B2|OR130,OR130,RES,SIS,Reference,22,12
Male,Inactive,B2,B2|sys.4|CC4,B2|OR141,OR141,RES,SIS,Post,289,36
Male,Inactive,B2,B2|sys.4|CC4,B2|OR141,OR141,RES,SIS,Reference,30,12
Male,Inactive,B2,B2|sys.5|CC4,B2|OR106,OR106,RES,SIS,Post,275,36
Male,Inactive,B2,B2|sys.5|CC4,B2|OR106,OR106,RES,SIS,Reference,50,12
Male,Inactive,B2,B2|sys.5|CC4,B2|OR113,OR113,SUS,SIS,Post,195,36
Male,Inactive,B2,B2|sys.5|CC4,B2|OR113,OR113,SUS,SIS,Reference,18,12
Male,Inactive,B2,B2|sys.5|CC4,B2|OR135,OR135,RES,SIS,Post,273,36
Male,Inactive,B2,B2|sys.5|CC4,B2|OR135,OR135,RES,SIS,Reference,32,12
Male,Inactive,B2,B2|sys.5|CC4,B2|OR138,OR138,RES,SIS,Post,300,36
Male,Inactive,B2,B2|sys.5|CC4,B2|OR138,OR138,RES,SIS,Reference,36,12
Male,Inactive,B5,B5|sys.2|CC4,B5|13857,13857,RES,SIS,Post,301,36
Male,Inactive,B5,B5|sys.2|CC4,B5|13857,13857,RES,SIS,Reference,22,12
Male,Inactive,B5,B5|sys.2|CC4,B5|310,310,RES,SIS,Post,338,36
Male,Inactive,B5,B5|sys.2|CC4,B5|310,310,RES,SIS,Reference,38,12
Male,Inactive,B5,B5|sys.2|CC4,B5|319,319,SUS,SIS,Post,388,36
Male,Inactive,B5,B5|sys.2|CC4,B5|319,319,SUS,SIS,Reference,60,12
Male,Inactive,B5,B5|sys.2|CC4,B5|OR629,OR629,RES,SIS,Post,392,36
Male,Inactive,B5,B5|sys.2|CC4,B5|OR629,OR629,RES,SIS,Reference,26,12
Male,Inactive,B5,B5|sys.3|CC4,B5|13856,13856,SUS,SIS,Post,380,36
Male,Inactive,B5,B5|sys.3|CC4,B5|13856,13856,SUS,SIS,Reference,43,12
Male,Inactive,B5,B5|sys.3|CC4,B5|313,313,SUS,SIS,Post,346,36
Male,Inactive,B5,B5|sys.3|CC4,B5|313,313,SUS,SIS,Reference,22,12
Male,Inactive,B5,B5|sys.3|CC4,B5|OR628,OR628,SUS,SIS,Post,310,36
Male,Inactive,B5,B5|sys.3|CC4,B5|OR628,OR628,SUS,SIS,Reference,38,12
Male,Inactive,B5,B5|sys.4|CC4,B5|OR621,OR621,CON,CON,Post,256,36
Male,Inactive,B5,B5|sys.4|CC4,B5|OR621,OR621,CON,CON,Reference,12,12
Male,Inactive,B5,B5|sys.4|CC4,B5|OR622,OR622,CON,CON,Post,351,36
Male,Inactive,B5,B5|sys.4|CC4,B5|OR622,OR622,CON,CON,Reference,30,12
Male,Inactive,B5,B5|sys.4|CC4,B5|OR623,OR623,CON,CON,Post,288,36
Male,Inactive,B5,B5|sys.4|CC4,B5|OR623,OR623,CON,CON,Reference,26,12
Male,Inactive,B5,B5|sys.4|CC4,B5|OR624,OR624,CON,CON,Post,236,36
Male,Inactive,B5,B5|sys.4|CC4,B5|OR624,OR624,CON,CON,Reference,17,12
Male,Inactive,B5,B5|sys.5|CC4,B5|303,303,SUS,SIS,Post,272,36
Male,Inactive,B5,B5|sys.5|CC4,B5|303,303,SUS,SIS,Reference,19,12
Male,Inactive,B5,B5|sys.5|CC4,B5|304,304,RES,SIS,Post,300,36
Male,Inactive,B5,B5|sys.5|CC4,B5|304,304,RES,SIS,Reference,20,12
Male,Inactive,B5,B5|sys.5|CC4,B5|317,317,SUS,SIS,Post,333,36
Male,Inactive,B5,B5|sys.5|CC4,B5|317,317,SUS,SIS,Reference,26,12
Male,Inactive,B5,B5|sys.5|CC4,B5|OR625,OR625,SUS,SIS,Post,210,36
Male,Inactive,B5,B5|sys.5|CC4,B5|OR625,OR625,SUS,SIS,Reference,10,12
