"declared_path","contract_fields","disposition","size_mb","sha256","source_repo","source_commit"
"results/figures/manuscript/figure_01_panels/figure_01a.svg","figure_source","IMPORTED",0.01,"689e2e8175caca47821e2551fab805e456c0f16157addbae4ee5aab01b3f2489","topohl/pRoteomics","4fb5b2a511563f3c910d958d76ac3c8df1471496"
"results/figures/manuscript/figure_01_panels/figure_01b.svg","figure_source","IMPORTED",0.02,"d5de3f2d733a8c63c9cf18a3cb9b2231460de74abc72652e20fbac19bc486102","topohl/pRoteomics","4fb5b2a511563f3c910d958d76ac3c8df1471496"
"results/figures/manuscript/figure_01_panels/figure_01c.svg","figure_source","IMPORTED",0.02,"65449ce16d34572c4b96812d328f8b9d6ee9964a50c9de7b80195a492a40c12a","topohl/pRoteomics","4fb5b2a511563f3c910d958d76ac3c8df1471496"
"results/figures/manuscript/figure_01_panels/figure_01d.svg","figure_source","IMPORTED",0.03,"1d96efd5bc9b55058d4c38769a84ef9a29961092e5444eaa602d08c4e1e9d070","topohl/pRoteomics","4fb5b2a511563f3c910d958d76ac3c8df1471496"
"results/figures/manuscript_candidates/final_truth_v9/figure_02/panels/v9_schematic.svg","figure_source","IMPORTED",0.03,"d7cbfa23b6e37874dbe1b022637d0df07d5af3c084d763c857c0e809a9e7302b","topohl/pRoteomics","4fb5b2a511563f3c910d958d76ac3c8df1471496"
"results/source_data/manuscript_candidates/final_truth_v9/figure_02/v9_schematic_source_data.csv","primary_source","IMPORTED",0,"d43386cd472ce8665fb8b37ed72462d63b6ba765f62a60127c11cf57acfebd4d","topohl/pRoteomics","4fb5b2a511563f3c910d958d76ac3c8df1471496"
"results/figures/manuscript_candidates/final_truth_v9/figure_02/panels/v9_depth.svg","figure_source","IMPORTED",0.09,"5f3fbe2e40f19aff4c81faef72fe881bbf2e749090f983138aa1c03121284c01","topohl/pRoteomics","4fb5b2a511563f3c910d958d76ac3c8df1471496"
"results/source_data/manuscript_candidates/final_truth_v9/figure_02/v9_depth_source_data.csv","primary_source","IMPORTED",0.08,"a96f684fe0a99d4d3ddb0752dd237cc8fd527b8905a0b3c36c1f974342c5001f","topohl/pRoteomics","4fb5b2a511563f3c910d958d76ac3c8df1471496"
"data/raw/pg_matrix/quicksearch.stats.annotated.xlsx","input_dependencies+primary_source","IMPORTED",0.09,"ab1b07e18af2d12cc4612e968106029a25e72fde5c8966a462e660a02d17f942","topohl/pRoteomics","4fb5b2a511563f3c910d958d76ac3c8df1471496"
"results/figures/manuscript_candidates/final_truth_v9/figure_02/panels/v9_pca.svg","figure_source","IMPORTED",0.05,"776f6a6ba05375a21ccdfaf1c57616b26db6024ee1b1f2d2717f556f18588d3a","topohl/pRoteomics","4fb5b2a511563f3c910d958d76ac3c8df1471496"
"results/source_data/manuscript_candidates/final_truth_v9/figure_02/v9_pca_source_data.csv","primary_source","IMPORTED",0.05,"afed3b106d6059d0b2364d8b94167b929ca54e4caf002154bb6c613ab4538361","topohl/pRoteomics","4fb5b2a511563f3c910d958d76ac3c8df1471496"
"results/tables/03_qc_exploration/00b_joint_compartment_qc/global/joint_primary_pca_scores.csv","input_dependencies+primary_source","IMPORTED",0.26,"2e1decd69cb06a145ce5890f3eba785529dc45ed58325bf92b6138ae8b67daef","topohl/pRoteomics","4fb5b2a511563f3c910d958d76ac3c8df1471496"
"results/tables/03_qc_exploration/00b_joint_compartment_qc/global/joint_primary_pca_variance_explained.csv","input_dependencies","IMPORTED",0.01,"a95fe04686db47e86b185157e7e3864d4e0264c0113a99b41ac29e80b0728a95","topohl/pRoteomics","4fb5b2a511563f3c910d958d76ac3c8df1471496"
"results/figures/manuscript_candidates/final_truth_v9/figure_02/panels/v9_fingerprint.svg","figure_source","IMPORTED",0.07,"043b8860a732cc99b89775d0ebce2417ea29adacfa7e820b4ee317beda2f5648","topohl/pRoteomics","4fb5b2a511563f3c910d958d76ac3c8df1471496"
"results/source_data/manuscript_candidates/final_truth_v9/figure_02/v9_fingerprint_source_data.csv","primary_source","IMPORTED",0.26,"e24882adedc570db5e493d6fd90c451f7f3d792f715e7eeff6a4dcab2e75cee2","topohl/pRoteomics","4fb5b2a511563f3c910d958d76ac3c8df1471496"
"results/tables/manuscript_candidates/spatial_v6/figure2_spatial_fingerprint_proteins.csv","input_dependencies+primary_source","IMPORTED",0.19,"29b25108766d2d529a533f440c6523ee1bdc096ed8896930c04bce7041ae5cdc","topohl/pRoteomics","4fb5b2a511563f3c910d958d76ac3c8df1471496"
"results/figures/manuscript_candidates/final_truth_v9/figure_02/panels/v9_compartment.svg","figure_source","IMPORTED",0.01,"4ad9109f315672e9238ffea4c47dbbf0821b22f4b4c8c53b0372c1348638455f","topohl/pRoteomics","4fb5b2a511563f3c910d958d76ac3c8df1471496"
"results/source_data/manuscript_candidates/final_truth_v9/figure_02/v9_compartment_source_data.csv","primary_source","IMPORTED",0,"c84c10c77626b96737076785d5c1c960feb29e8ba1d7a9f6525fbcbe5e1870bd","topohl/pRoteomics","4fb5b2a511563f3c910d958d76ac3c8df1471496"
"results/source_data/03_qc_exploration/04e_control_compartment_abundance_publication_figures/global/figure2d_compact_recognizable_markers_v2_source_data.csv","input_dependencies+primary_source","IMPORTED",0.04,"01ee2bd6159bc9f1031c675f784f430dcf9396b3a1100e1360f4ee5d570bd1dc","topohl/pRoteomics","4fb5b2a511563f3c910d958d76ac3c8df1471496"
"results/figures/manuscript_candidates/final_truth_v9/figure_02/panels/v9_bilateral_main.svg","figure_source","IMPORTED",0.01,"feeb28168633f00bd60a7090365d373143db38b5fcba14d2527a3c6082fedfcf","topohl/pRoteomics","4fb5b2a511563f3c910d958d76ac3c8df1471496"
"results/source_data/manuscript_candidates/final_truth_v9/figure_02/v9_bilateral_main_source_data.csv","primary_source","IMPORTED",0,"82dd12966c8075357e0965f36414bc8945199641715b388f8f6ade6ddf05eab7","topohl/pRoteomics","4fb5b2a511563f3c910d958d76ac3c8df1471496"
"results/tables/11_spatial_systems/bilateral/bilateral_spatial_identity_protein_level.csv","input_dependencies+primary_source","PROVENANCE_ONLY",22.73,"46c54b479c068823f82bd4b1a1b73016ad8974bc55749d3069f84695da0b058d","topohl/pRoteomics","4fb5b2a511563f3c910d958d76ac3c8df1471496"
"results/tables/11_spatial_systems/bilateral/bilateral_spatial_identity_summary.csv","input_dependencies+primary_source","IMPORTED",0.01,"d2edfdfbdac525bf4574b4e7e41dc5b2863f8f6188223d0d44c42c1960f2d36a","topohl/pRoteomics","4fb5b2a511563f3c910d958d76ac3c8df1471496"
"results/figures/manuscript_candidates/final_truth_v9/figure_02/panels/v9_external_main.svg","figure_source","IMPORTED",0.01,"7fb6d7cf932ab4eee402700c9135f29431a4c25a2cac3ca9ebe71a3e420f276a","topohl/pRoteomics","4fb5b2a511563f3c910d958d76ac3c8df1471496"
"results/source_data/manuscript_candidates/final_truth_v9/figure_02/v9_external_main_source_data.csv","primary_source","IMPORTED",0,"fce8dd5433f8c1b53418a771b38a7286d20acb6ded53d54acf0ccdb2001e6560","topohl/pRoteomics","4fb5b2a511563f3c910d958d76ac3c8df1471496"
"results/source_data/04_differential_expression_enrichment/control_spatial_identity_validation/global/figure2e_source_data.csv","input_dependencies+primary_source","IMPORTED",0.05,"e15fd21a6e6136796f0a34d003dedbe053eed1a4efaca42499325a932ced8436","topohl/pRoteomics","4fb5b2a511563f3c910d958d76ac3c8df1471496"
"results/figures/manuscript_candidates/final_truth_v9/figure_02/panels/v9_internal_main.svg","figure_source","IMPORTED",0.01,"1fb4eb4fe788f58a49f2a1940e98f9247c5c2b6937666ebdc96c4bca67a8f0ed","topohl/pRoteomics","4fb5b2a511563f3c910d958d76ac3c8df1471496"
"results/source_data/manuscript_candidates/final_truth_v9/figure_02/v9_internal_main_source_data.csv","primary_source","IMPORTED",0,"5714040d944c4aab063da2db14bdb5adcc1fd3d73db942489eee2ef38361fea4","topohl/pRoteomics","4fb5b2a511563f3c910d958d76ac3c8df1471496"
"results/source_data/04_differential_expression_enrichment/control_spatial_identity_validation/global/figure2f_regions_CA1layers_source_data.csv","input_dependencies+primary_source","IMPORTED",0.03,"d8265ead6534df2d36981811be84ed93793bebe489cc295a7544d3d6046eeecf","topohl/pRoteomics","4fb5b2a511563f3c910d958d76ac3c8df1471496"
"results/figures/manuscript_candidates/final_truth_v9/figure_03/panels/v9_dap_track.svg","figure_source","IMPORTED",0.01,"9b86c08c9baed9f1a23c7b2092a6e85d584dcfe9632434df968dabe71aa36cf9","topohl/pRoteomics","4fb5b2a511563f3c910d958d76ac3c8df1471496"
"results/source_data/manuscript_candidates/final_truth_v9/figure_03/v9_dap_track_source_data.csv","primary_source","IMPORTED",0,"258ac2ac4a7a48900d34c99e45e3635df4da337f71212ed149d6cb0675e6d276","topohl/pRoteomics","4fb5b2a511563f3c910d958d76ac3c8df1471496"
"results/tables/11_spatial_systems/atlas/protein_spatial_cell_affinity.csv","input_dependencies+primary_source","IMPORTED",0.75,"2c054c2b5b37fc430304bc9a08bd6111897a4c1b61211b62ba540c0b1f4537f3","topohl/pRoteomics","4fb5b2a511563f3c910d958d76ac3c8df1471496"
"results/figures/manuscript_candidates/final_truth_v9/figure_03/panels/v9_atlas.svg","figure_source","IMPORTED",0.04,"737aa0f1730be9a3cbc8a156b9b20e183a9f68141e4c8c65d2fcd874f7833277","topohl/pRoteomics","4fb5b2a511563f3c910d958d76ac3c8df1471496"
"results/source_data/manuscript_candidates/final_truth_v9/figure_03/v9_atlas_source_data.csv","primary_source","IMPORTED",0.04,"8dd21e47917feac3c27310c19b1de0fa5219a2a730c380de329fc7d7cb82f78e","topohl/pRoteomics","4fb5b2a511563f3c910d958d76ac3c8df1471496"
"results/tables/10_biological_integration/gsea_wgcna_concordance/global/ontology_aware_gsea_theme_assignments_all_contrasts.csv","input_dependencies+primary_source","PROVENANCE_ONLY",251.48,"32fbf6ab6a256bc1054bbf37a765f4cadc42be6ff79e7339bff94b808866834a","topohl/pRoteomics","4fb5b2a511563f3c910d958d76ac3c8df1471496"
"results/figures/manuscript_candidates/final_truth_v9/figure_03/panels/v9_bridge.svg","figure_source","IMPORTED",0.03,"f12819da0258ad6cb620d81b26c180b36c5b526883bd078c139cf54e12b29555","topohl/pRoteomics","4fb5b2a511563f3c910d958d76ac3c8df1471496"
"results/source_data/manuscript_candidates/final_truth_v9/figure_03/v9_bridge_source_data.csv","primary_source","IMPORTED",0,"dc9c8f1dc9f33e5dd4de7b38304f371d6c6063e353dfee02c8c9a541fb7dfe9d","topohl/pRoteomics","4fb5b2a511563f3c910d958d76ac3c8df1471496"
"results/figures/manuscript_candidates/final_truth_v9/figure_03/panels/v9_curve_syn.svg","figure_source","IMPORTED",0.09,"29b6ba3d0f0de4c410dc5595e96e62da48453d165688d8dd8ebc873ee5619ecc","topohl/pRoteomics","4fb5b2a511563f3c910d958d76ac3c8df1471496"
"results/source_data/manuscript_candidates/final_truth_v9/figure_03/v9_curve_syn_source_data.csv","primary_source","IMPORTED",0,"a45f4f93b02f39660e491159435388c27bf473417091e86c9b5c10ca49729e8a","topohl/pRoteomics","4fb5b2a511563f3c910d958d76ac3c8df1471496"
"results/figures/manuscript_candidates/final_truth_v9/figure_03/panels/v9_curve_rna.svg","figure_source","IMPORTED",0.06,"2ceed7f81dfd5a43c00c1c62f835f77ef548e1a011abd7584a3093b5a70d01d7","topohl/pRoteomics","4fb5b2a511563f3c910d958d76ac3c8df1471496"
"results/source_data/manuscript_candidates/final_truth_v9/figure_03/v9_curve_rna_source_data.csv","primary_source","IMPORTED",0,"0dc2c1728be08401a429d777cbe003c323ca250e853bc49e2498962b098c96e0","topohl/pRoteomics","4fb5b2a511563f3c910d958d76ac3c8df1471496"
"results/figures/manuscript_candidates/final_truth_v9/figure_03/panels/v9_curve_ox.svg","figure_source","IMPORTED",0.04,"a55136e4c1509f7ab50cafe6d6f8d05b6761c8d63cbc7544ab9c65b0247dee96","topohl/pRoteomics","4fb5b2a511563f3c910d958d76ac3c8df1471496"
"results/source_data/manuscript_candidates/final_truth_v9/figure_03/v9_curve_ox_source_data.csv","primary_source","IMPORTED",0,"6f4fda5f38e20fcbb497376e638eb62e85713696d693e1fe5d1bf548e5ffe96a","topohl/pRoteomics","4fb5b2a511563f3c910d958d76ac3c8df1471496"
"results/figures/manuscript_candidates/final_truth_v9/figure_03/panels/v9_prot_syn.svg","figure_source","IMPORTED",0.01,"c44055b3bbde9ab2c4e2a4132cde9f1a45113f04566a1a47fed8797abccf848d","topohl/pRoteomics","4fb5b2a511563f3c910d958d76ac3c8df1471496"
"results/source_data/manuscript_candidates/final_truth_v9/figure_03/v9_prot_syn_source_data.csv","primary_source","IMPORTED",0.01,"1a0c0a73eeac8d1d49556f9d1ded417dc087a0d95eaf30372af1233f3ca1a382","topohl/pRoteomics","4fb5b2a511563f3c910d958d76ac3c8df1471496"
"results/tables/11_spatial_systems/atlas/protein_sus_res_fdr_supported_atlas.csv","input_dependencies+primary_source","IMPORTED",0.07,"021e5bed7eeccf4f85d0c4e0d46aa20b29a75fdf1f655581b111ca0d208d8c6e","topohl/pRoteomics","4fb5b2a511563f3c910d958d76ac3c8df1471496"
"results/figures/manuscript_candidates/final_truth_v9/figure_03/panels/v9_prot_rna.svg","figure_source","IMPORTED",0.01,"7c6fc486d08f378bb498129346cd12d96c29bc909d6a4c0413f0ae2ff5ee75d4","topohl/pRoteomics","4fb5b2a511563f3c910d958d76ac3c8df1471496"
"results/source_data/manuscript_candidates/final_truth_v9/figure_03/v9_prot_rna_source_data.csv","primary_source","IMPORTED",0.01,"8ecaa4e1d4a2cfddeb943f2336dc2ae82009bd6376db86eea3d676314538d7a8","topohl/pRoteomics","4fb5b2a511563f3c910d958d76ac3c8df1471496"
"results/figures/manuscript_candidates/final_truth_v9/figure_03/panels/v9_prot_ox.svg","figure_source","IMPORTED",0.01,"f38dc69f058d11a127d600fff78ab5b759c269196160282a54f753e222733631","topohl/pRoteomics","4fb5b2a511563f3c910d958d76ac3c8df1471496"
"results/source_data/manuscript_candidates/final_truth_v9/figure_03/v9_prot_ox_source_data.csv","primary_source","IMPORTED",0.01,"93ecc2e5f93d73fc6dfb64a9b3792e2507487523a301e6aaa81db8cd2311977b","topohl/pRoteomics","4fb5b2a511563f3c910d958d76ac3c8df1471496"
"results/figures/manuscript_candidates/final_truth_v9/extended_data/panels/v9_ed_bilateral_full.svg","figure_source","IMPORTED",0.03,"2dcd900b08d6e7ad8ee98e914df3752291a677e6923b05080a73cd7183ed743f","topohl/pRoteomics","4fb5b2a511563f3c910d958d76ac3c8df1471496"
"results/source_data/manuscript_candidates/final_truth_v9/extended_data/v9_ed_bilateral_full_source_data.csv","primary_source","IMPORTED",0.01,"0eaa2e88716f4c913af2e5c39cb2c0b273e2a3bb7679fab2b3be462ff837b4f9","topohl/pRoteomics","4fb5b2a511563f3c910d958d76ac3c8df1471496"
"results/figures/manuscript_candidates/final_truth_v9/extended_data/panels/v9_ed_precision.svg","figure_source","IMPORTED",0.02,"756b235cd8aa414d100e9720ae41cd4ae7535fec1f474c33205c03a5add9f3fa","topohl/pRoteomics","4fb5b2a511563f3c910d958d76ac3c8df1471496"
"results/source_data/manuscript_candidates/final_truth_v9/extended_data/v9_ed_precision_source_data.csv","primary_source","IMPORTED",0.02,"299c8a71c7dd7e719a6bcd6e0925aac59db91d10c927be9dcb552b64a25a91bc","topohl/pRoteomics","4fb5b2a511563f3c910d958d76ac3c8df1471496"
"results/tables/11_spatial_systems/precision/bilateral_precision_gain.csv","input_dependencies+primary_source","IMPORTED",0.05,"3496f108d7f64128f48c6595578451f72c28a1812f24a1cabe39767a617e176b","topohl/pRoteomics","4fb5b2a511563f3c910d958d76ac3c8df1471496"
"results/figures/manuscript_candidates/final_truth_v9/extended_data/panels/v9_ed_fingerprint_full.svg","figure_source","IMPORTED",0.05,"d4456b02ba0b163059821677e303558b437cc545be84d0232319b13a8ca17056","topohl/pRoteomics","4fb5b2a511563f3c910d958d76ac3c8df1471496"
"results/source_data/manuscript_candidates/final_truth_v9/extended_data/v9_ed_fingerprint_full_source_data.csv","primary_source","IMPORTED",0.04,"244bcc5145e8fdf75f82300e6c8111881e7a5916078f778642c6e9c37c18db64","topohl/pRoteomics","4fb5b2a511563f3c910d958d76ac3c8df1471496"
"results/tables/manuscript_candidates/spatial_v6/figure2_spatial_fingerprint_scores.csv","input_dependencies+primary_source","IMPORTED",0.04,"78cd647dcd35bbfc8992af90b238c2a4a4a789e9feeb37cf41db7abdbc58195d","topohl/pRoteomics","4fb5b2a511563f3c910d958d76ac3c8df1471496"
"results/figures/manuscript_candidates/final_truth_v9/extended_data/panels/v9_ed_external_full.svg","figure_source","IMPORTED",0.01,"c44331d1e5e7f3d0034662e4f0c270b35c4273bfa325d10b8f53bada4657882d","topohl/pRoteomics","4fb5b2a511563f3c910d958d76ac3c8df1471496"
"results/source_data/manuscript_candidates/final_truth_v9/extended_data/v9_ed_external_full_source_data.csv","primary_source","IMPORTED",0,"a96f164e1f8956aed746c8980e86995ff02099163d005f0dd9714386da411c2c","topohl/pRoteomics","4fb5b2a511563f3c910d958d76ac3c8df1471496"
"results/figures/manuscript_candidates/final_truth_v9/extended_data/panels/v9_ed_ca2_locator.svg","figure_source","IMPORTED",0.01,"e7a0c8dd75c95ef398b78f6840b803c63de145103b3f8aa8cf7bf23f60b89f7e","topohl/pRoteomics","4fb5b2a511563f3c910d958d76ac3c8df1471496"
"results/source_data/manuscript_candidates/final_truth_v9/extended_data/v9_ed_ca2_locator_source_data.csv","primary_source","IMPORTED",0,"e5df23c04a6198830409d8d69162cc2da32e153ef3b6eca89de5af3f5bb635bd","topohl/pRoteomics","4fb5b2a511563f3c910d958d76ac3c8df1471496"
"results/figures/manuscript_candidates/final_truth_v9/extended_data/panels/v9_ed_ca2_missing.svg","figure_source","IMPORTED",0.01,"21f7ae94f89cf0eef36a2194c52404229788b68bf6accd726c909e0bb8e7c65d","topohl/pRoteomics","4fb5b2a511563f3c910d958d76ac3c8df1471496"
"results/source_data/manuscript_candidates/final_truth_v9/extended_data/v9_ed_ca2_missing_source_data.csv","primary_source","IMPORTED",0.01,"7c1c34b814e7ea3b39d9ed67e186b7b27b177cae0c85e86c987ad15324844a15","topohl/pRoteomics","4fb5b2a511563f3c910d958d76ac3c8df1471496"
"results/tables/11_spatial_systems/ca2_slm_robustness/CA2_SLM_sample_context.csv","input_dependencies+primary_source","IMPORTED",0,"8d4f6feddf4da77fd265a94cac7ef6f17b0b91aed607715309fbd6430d430b8b","topohl/pRoteomics","4fb5b2a511563f3c910d958d76ac3c8df1471496"
"results/figures/manuscript_candidates/final_truth_v9/extended_data/panels/v9_ed_ca2_displacement.svg","figure_source","IMPORTED",0.01,"9046812191f8e3baf0d494d954b306d57a87964fbd079e875d22ea74226e1032","topohl/pRoteomics","4fb5b2a511563f3c910d958d76ac3c8df1471496"
"results/source_data/manuscript_candidates/final_truth_v9/extended_data/v9_ed_ca2_displacement_source_data.csv","primary_source","IMPORTED",0.01,"a310b293d240345c9593f38dec0ded8544c47c5d4cbdde7b38fa0cac08ddf1f6","topohl/pRoteomics","4fb5b2a511563f3c910d958d76ac3c8df1471496"
"results/tables/11_spatial_systems/ca2_slm_robustness/CA2_SLM_normalization_bias_context.csv","input_dependencies+primary_source","IMPORTED",0,"980adb698dc1566c7ff28d543da290d060bb1665bdb80dc58d6515aef890d672","topohl/pRoteomics","4fb5b2a511563f3c910d958d76ac3c8df1471496"
"results/figures/manuscript_candidates/final_truth_v9/extended_data/panels/v9_ed_ca2_classes.svg","figure_source","IMPORTED",0,"b15c8ed03c7beaef8ceae879edfb3c8115079659a6d19c9ac373f290e490a8b5","topohl/pRoteomics","4fb5b2a511563f3c910d958d76ac3c8df1471496"
"results/source_data/manuscript_candidates/final_truth_v9/extended_data/v9_ed_ca2_classes_source_data.csv","primary_source","IMPORTED",0,"f0f419328fc7a178a5b4291fb19f712ca29e06646ed49fea047cea2e7e480495","topohl/pRoteomics","4fb5b2a511563f3c910d958d76ac3c8df1471496"
"results/tables/11_spatial_systems/ca2_slm_robustness/CA2_SLM_DAP_robustness.csv","input_dependencies+primary_source","IMPORTED",0.04,"bf9b9305dcbbdcc0df9fe09f946f8e2e9aa7641cbc0c2174ab5af4d8c3deeb5b","topohl/pRoteomics","4fb5b2a511563f3c910d958d76ac3c8df1471496"
"results/figures/manuscript_candidates/final_truth_v9/extended_data/panels/v9_ed_ca2_sensitivity.svg","figure_source","IMPORTED",0.02,"d7fc6a4190d2f6af081b47b41727dbb0035fb2d4deaefd4c88557ded0b0638a0","topohl/pRoteomics","4fb5b2a511563f3c910d958d76ac3c8df1471496"
"results/source_data/manuscript_candidates/final_truth_v9/extended_data/v9_ed_ca2_sensitivity_source_data.csv","primary_source","IMPORTED",0.01,"eba7fa557bb5f18c38524b53c8196d1ddac46c506e03e8b2d4a588f878b9c6d8","topohl/pRoteomics","4fb5b2a511563f3c910d958d76ac3c8df1471496"
"results/figures/manuscript_candidates/final_truth_v9/extended_data/panels/v9_ed_atlas_rescon.svg","figure_source","IMPORTED",0.03,"b3b2f11ba8d646a10beb45e08ac105e9bd16afe1e1d64d2c7af8e579ba4402b8","topohl/pRoteomics","4fb5b2a511563f3c910d958d76ac3c8df1471496"
"results/source_data/manuscript_candidates/final_truth_v9/extended_data/v9_ed_atlas_rescon_source_data.csv","primary_source","IMPORTED",0.04,"d0361f280e1b78e8ad0c4cd14ff61a32a1d2ae5f17974f120831be1716754301","topohl/pRoteomics","4fb5b2a511563f3c910d958d76ac3c8df1471496"
"results/figures/manuscript_candidates/final_truth_v9/extended_data/panels/v9_ed_atlas_suscon.svg","figure_source","IMPORTED",0.03,"0b093cbd82652f042f8595a0d534248b5cac82a45ef99988314b048c02e45470","topohl/pRoteomics","4fb5b2a511563f3c910d958d76ac3c8df1471496"
"results/source_data/manuscript_candidates/final_truth_v9/extended_data/v9_ed_atlas_suscon_source_data.csv","primary_source","IMPORTED",0.04,"b65e17d8c4fcf79c9538f70a0f1edc715a69029781ffcbe4fc013ab9c2335c6b","topohl/pRoteomics","4fb5b2a511563f3c910d958d76ac3c8df1471496"
"results/figures/manuscript_candidates/final_truth_v9/extended_data/panels/v9_ed_gsea_curve_syn.svg","figure_source","IMPORTED",0.09,"c47d502dbdb482549fbaa0b0d757e55da03722fd410bb7d5cf85ec72dd0450db","topohl/pRoteomics","4fb5b2a511563f3c910d958d76ac3c8df1471496"
"results/source_data/manuscript_candidates/final_truth_v9/extended_data/v9_ed_gsea_curve_syn_source_data.csv","primary_source","IMPORTED",0,"ad4d541cc62195d73d8605b09aa27ccee6a3075459552466b85ebb19cf36e0ed","topohl/pRoteomics","4fb5b2a511563f3c910d958d76ac3c8df1471496"
"results/figures/manuscript_candidates/final_truth_v9/extended_data/panels/v9_ed_gsea_curve_rna.svg","figure_source","IMPORTED",0.07,"3fa7aab81e0e2e2836532d31e0f7ee8e31ad28338c8aeea1a56e058497f770c7","topohl/pRoteomics","4fb5b2a511563f3c910d958d76ac3c8df1471496"
"results/source_data/manuscript_candidates/final_truth_v9/extended_data/v9_ed_gsea_curve_rna_source_data.csv","primary_source","IMPORTED",0,"3ceddac8e0359eb2d13d99e1321a22a2a5343ba6f034f30878bef5cdb7b45785","topohl/pRoteomics","4fb5b2a511563f3c910d958d76ac3c8df1471496"
"results/figures/manuscript_candidates/final_truth_v9/extended_data/panels/v9_ed_gsea_curve_ox.svg","figure_source","IMPORTED",0.04,"48a5e4a399bd52474ad7c705bfebbeed0ff24cb8a2547471d1c0544ed20e70dc","topohl/pRoteomics","4fb5b2a511563f3c910d958d76ac3c8df1471496"
"results/source_data/manuscript_candidates/final_truth_v9/extended_data/v9_ed_gsea_curve_ox_source_data.csv","primary_source","IMPORTED",0,"673c823087c14b23b80c2e14eea9e4d3e46abcadd79cc210481fd407a698feb4","topohl/pRoteomics","4fb5b2a511563f3c910d958d76ac3c8df1471496"
"results/figures/manuscript_candidates/final_truth_v9/extended_data/panels/v9_ed_similarity.svg","figure_source","IMPORTED",0.03,"f299fb90294fbd31e521945d4580e268ea090948a994c49ce9057505577c450d","topohl/pRoteomics","4fb5b2a511563f3c910d958d76ac3c8df1471496"
"results/source_data/manuscript_candidates/final_truth_v9/extended_data/v9_ed_similarity_source_data.csv","primary_source","IMPORTED",0.02,"eb656b9366eba8303d9eafb4e1fcb9fbc546bfe9e24552069df4dc018d1cfa65","topohl/pRoteomics","4fb5b2a511563f3c910d958d76ac3c8df1471496"
"results/tables/11_spatial_systems/networks/CON_spatial_molecular_similarity_matrix.csv","input_dependencies+primary_source","IMPORTED",0.01,"8d8cbdf9d88bbc7ed3decbfe754ddc43a059ec2262ad0027a2e6da8d6d8b55ee","topohl/pRoteomics","4fb5b2a511563f3c910d958d76ac3c8df1471496"
"results/figures/manuscript_candidates/final_truth_v9/extended_data/panels/v9_ed_network_distance.svg","figure_source","IMPORTED",0.02,"ef76db03c7f28d5164307af4e93669c62c7384fd283359bd24921d47fa9ef1c9","topohl/pRoteomics","4fb5b2a511563f3c910d958d76ac3c8df1471496"
"results/source_data/manuscript_candidates/final_truth_v9/extended_data/v9_ed_network_distance_source_data.csv","primary_source","IMPORTED",0.01,"d9275f9be189dcfa5b44dd5b0ed8825d1e6a4f7267c226147f7b0051a3baa495","topohl/pRoteomics","4fb5b2a511563f3c910d958d76ac3c8df1471496"
"results/tables/11_spatial_systems/networks/animal_network_distance_from_CON.csv","input_dependencies+primary_source","IMPORTED",0,"3b5c28197615fc3fef706603d46216e12015d189eada4c46cce6cf10f0310443","topohl/pRoteomics","4fb5b2a511563f3c910d958d76ac3c8df1471496"
"results/figures/manuscript_candidates/final_truth_v9/extended_data/panels/v9_ed_nulls.svg","figure_source","IMPORTED",0.01,"6303ddc832646c5f158b6c0f4b6f4bd3195056aa536a6aed2dae26f671db52b5","topohl/pRoteomics","4fb5b2a511563f3c910d958d76ac3c8df1471496"
"results/source_data/manuscript_candidates/final_truth_v9/extended_data/v9_ed_nulls_source_data.csv","primary_source","IMPORTED",0,"c16931f4a2a9a0953b8e9f1bdb0531c128269a43dfb2c40839f433cbb8a4bfa5","topohl/pRoteomics","4fb5b2a511563f3c910d958d76ac3c8df1471496"
"results/tables/11_spatial_systems/networks/network_global_multivariate_test.csv","input_dependencies+primary_source","IMPORTED",0,"19fcd9bd15800f63acfee6169aaae7cbd36127aa1fad2d279a33449084397cd2","topohl/pRoteomics","4fb5b2a511563f3c910d958d76ac3c8df1471496"
"results/figures/manuscript_candidates/final_truth_v9/extended_data/panels/v9_ed_coupling.svg","figure_source","IMPORTED",0.03,"fa7eca1d5930884c47611d6a7e80c29bf22e7322677d4a1de68af669e0198175","topohl/pRoteomics","4fb5b2a511563f3c910d958d76ac3c8df1471496"
"results/source_data/manuscript_candidates/final_truth_v9/extended_data/v9_ed_coupling_source_data.csv","primary_source","IMPORTED",0.03,"21e124e98b168eddc796f3502afd752550a982e7932215d6d63ff40a0fbc127f","topohl/pRoteomics","4fb5b2a511563f3c910d958d76ac3c8df1471496"
"results/tables/08_behavior_physio_coupling/network_behavior_coupling/edge_behavior_correlations_fdr_all_tests.csv","input_dependencies+primary_source","IMPORTED",0.02,"0c80c345bdde9001162de117df83cfb45350cc8cc6ea8ef6aa617933aadde1a1","topohl/pRoteomics","4fb5b2a511563f3c910d958d76ac3c8df1471496"
"results/figures/manuscript/extended_data_behaviour_panels/extended_data_behaviour_ed05a.svg","figure_source","IMPORTED",0,"b5b499efbe2e7035fe35fc1c783c4b142cf1e0c7ccd5ed59698ddf4f09b7e8b0","topohl/pRoteomics","4fb5b2a511563f3c910d958d76ac3c8df1471496"
"results/figures/manuscript/extended_data_behaviour_panels/extended_data_behaviour_ed05b.svg","figure_source","IMPORTED",0.01,"faf62ebd6d9dd202aebc9e803a10a55f11c5351da492465a609eb9a20c0d8a81","topohl/pRoteomics","4fb5b2a511563f3c910d958d76ac3c8df1471496"
"results/figures/manuscript/extended_data_behaviour_panels/extended_data_behaviour_ed09a.svg","figure_source","IMPORTED",0,"8e496f2a50b84431cbb918f013295d3bacab29db682a17a7ba3fd7a3c3a1fa1b","topohl/pRoteomics","4fb5b2a511563f3c910d958d76ac3c8df1471496"
"results/figures/manuscript/extended_data_behaviour_panels/extended_data_behaviour_ed09b.svg","figure_source","IMPORTED",0,"522d15ebc6839089b7755d01cf8e27a94ad4e32ef6218120c7ac463f2c63b0c8","topohl/pRoteomics","4fb5b2a511563f3c910d958d76ac3c8df1471496"
"results/figures/manuscript/extended_data_behaviour_panels/extended_data_behaviour_ed09c.svg","figure_source","IMPORTED",0.01,"a3ad2835291b662a381b977a6e08f7312f5d2d6a3c1372b8cce43a72331eb531","topohl/pRoteomics","4fb5b2a511563f3c910d958d76ac3c8df1471496"
"results/figures/manuscript/immunostaining_candidates/immunostaining_candidates_abundance.svg","figure_source","IMPORTED",0.07,"fd359d5c3dbac67c128c6db8368f216e77c70f21cb8f373d20130a0fdecf9abd","topohl/pRoteomics","4fb5b2a511563f3c910d958d76ac3c8df1471496"
"results/source_data/10_biological_integration/immunostaining_candidate_comparison/immunostaining_candidates_animal_abundance.csv","input_dependencies+primary_source","IMPORTED",0.09,"8a9eba2dd0ab52ebadce18a34fbbefc998c5596fb2b57803ffd344cf81aa6bde","topohl/pRoteomics","4fb5b2a511563f3c910d958d76ac3c8df1471496"
"results/figures/manuscript/immunostaining_candidates/immunostaining_candidates_sus_res_log2fc.svg","figure_source","IMPORTED",0.02,"487fa47c740eb690e71368d641dbea70578e3290ab71ed976481be3d3c7de3a9","topohl/pRoteomics","4fb5b2a511563f3c910d958d76ac3c8df1471496"
"results/source_data/10_biological_integration/immunostaining_candidate_comparison/immunostaining_candidates_sus_res_effects.csv","input_dependencies+primary_source","IMPORTED",0.01,"15f671eec3bf8d40960431a9c457a75eca6d0e059a200ba3246ffcaa52e4e3a4","topohl/pRoteomics","4fb5b2a511563f3c910d958d76ac3c8df1471496"
"results/figures/manuscript/immunostaining_candidate_panel/immunostaining_panel_abundance.svg","figure_source","IMPORTED",0.2,"ef135ce41ca436093fe2b99a73041c7a04bdcf871ddbb40f841e0e324150baac","topohl/pRoteomics","4fb5b2a511563f3c910d958d76ac3c8df1471496"
"results/source_data/10_biological_integration/immunostaining_candidate_panel/candidate_panel_animal_abundance.csv","input_dependencies+primary_source","IMPORTED",0.27,"aa0b06a37c5cd738ec93ea8373296b6716c203eec66d5a0b8de9985a4df91658","topohl/pRoteomics","4fb5b2a511563f3c910d958d76ac3c8df1471496"
"results/source_data/10_biological_integration/immunostaining_candidate_panel/candidate_panel_selection.csv","input_dependencies","IMPORTED",0.01,"2641a149e89e223a38ae5a365eca112430c29abd65631195851c8adc63b5f5f2","topohl/pRoteomics","4fb5b2a511563f3c910d958d76ac3c8df1471496"
"results/figures/manuscript/immunostaining_candidate_panel/immunostaining_panel_sus_res_log2fc.svg","figure_source","IMPORTED",0.05,"d89b4b9de2836f64c3cab1ead06b8445482951e1a2da70fe0631ed741d5cf9c0","topohl/pRoteomics","4fb5b2a511563f3c910d958d76ac3c8df1471496"
"results/source_data/10_biological_integration/immunostaining_candidate_panel/candidate_panel_sus_res_effects.csv","input_dependencies+primary_source","IMPORTED",0.03,"4c04a03ef94049999d05552e5edb1599437c9a3fc6ab2faf70fd6be7c9023393","topohl/pRoteomics","4fb5b2a511563f3c910d958d76ac3c8df1471496"
"results/figures/manuscript/immunostaining_separation_panel/immunostaining_separation_abundance.svg","figure_source","IMPORTED",0.2,"6d3884100cc6c4d93f27c45409c1f4fdf21c6a86bc7146d691e7376efff268be","topohl/pRoteomics","4fb5b2a511563f3c910d958d76ac3c8df1471496"
"results/source_data/10_biological_integration/immunostaining_separation_screen/separation_panel_animal_abundance.csv","input_dependencies+primary_source","IMPORTED",0.25,"8f680558fc3f1f06c351bdfa3005618e0b711fc62bdcbab69dab3b7b83e005c4","topohl/pRoteomics","4fb5b2a511563f3c910d958d76ac3c8df1471496"
"results/source_data/10_biological_integration/immunostaining_separation_screen/separation_candidate_panel.csv","input_dependencies","IMPORTED",0,"ac8d4bdcaa97a6ea46175c9a1952ec02c8fddc1ea288a083232aef7de1aea429","topohl/pRoteomics","4fb5b2a511563f3c910d958d76ac3c8df1471496"
"results/figures/manuscript/immunostaining_separation_panel/immunostaining_separation_sus_res_log2fc.svg","figure_source","IMPORTED",0.05,"501973558378d9ece58543540c03da6bc7e42ae51ffeb9935e66e21dd9e303bd","topohl/pRoteomics","4fb5b2a511563f3c910d958d76ac3c8df1471496"
"results/source_data/10_biological_integration/immunostaining_separation_screen/separation_panel_sus_res_effects.csv","input_dependencies+primary_source","IMPORTED",0.04,"9d6a2a937bd2d3e938fb354328c1ba24f0de11849efb8b66b79e3b16e9384580","topohl/pRoteomics","4fb5b2a511563f3c910d958d76ac3c8df1471496"
"results/tables/manuscript_candidates/spatial_v6/spatial_v6_con_baseline_profile_long.csv","primary_source","PROVENANCE_ONLY",40.36,"e93b5b2fa19189be6f086749c105335d24d4851c5f4fe14f2e9e2f1c99cb3f41","topohl/pRoteomics","4fb5b2a511563f3c910d958d76ac3c8df1471496"
"results/tables/11_spatial_systems/atlas/WGCNA_module_spatial_cell_affinity.csv","primary_source","IMPORTED",0.04,"fa0ddf08d63e50f594e88720ecf017b527f956a87ca35806c69e4a36119283e3","topohl/pRoteomics","4fb5b2a511563f3c910d958d76ac3c8df1471496"
"results/source_data/manuscript_panels/figure_3/figure3b_stage07_effect_source.csv","primary_source","IMPORTED",0.68,"6cc0d2a680b024aab53bae6274aaa3524c4f00cd82034bcaa8bcf6cc5dbad0d0","topohl/pRoteomics","4fb5b2a511563f3c910d958d76ac3c8df1471496"
"results/tables/06_modules_WGCNA/group_effects/","input_dependencies","IMPORTED_DIRECTORY",14.04,"directory:105_files","topohl/pRoteomics","4fb5b2a511563f3c910d958d76ac3c8df1471496"
"results/tables/11_spatial_systems/ca2_slm_robustness/stress_identity_robustness_comparison.csv","primary_source","IMPORTED",0,"0b8b742fbb3a96c25974836f6659a3fda332c871f89dd678cafaaf3dccad54a2","topohl/pRoteomics","4fb5b2a511563f3c910d958d76ac3c8df1471496"
"config/manuscript_palette.yml","test_request","IMPORTED",0,"eb077b1df619a9a83558840e7d27b729cdafdc1e9fae6291b6d45e20acef247f","topohl/pRoteomics","4fb5b2a511563f3c910d958d76ac3c8df1471496"
"config/manuscript_spatial_order.yml","test_request","IMPORTED",0.01,"8200500e4f357af294602a7c9b50df3ee21a24c643c09a4ba0497c66c22baed3","topohl/pRoteomics","4fb5b2a511563f3c910d958d76ac3c8df1471496"
"results/figures/manuscript/figure_02/panels","test_request","IMPORTED_DIRECTORY",NA,"directory:8_files","topohl/pRoteomics","4fb5b2a511563f3c910d958d76ac3c8df1471496"
"results/figures/manuscript/figure_03/panels","test_request","IMPORTED_DIRECTORY",NA,"directory:9_files","topohl/pRoteomics","4fb5b2a511563f3c910d958d76ac3c8df1471496"
"results/figures/manuscript_candidates/editorial_v8/extended_data/assembled","test_request","IMPORTED_DIRECTORY",NA,"directory:15_files","topohl/pRoteomics","4fb5b2a511563f3c910d958d76ac3c8df1471496"
"results/figures/manuscript_candidates/editorial_v8/extended_data/assembled/ED_WGCNA_EDITORIAL_V8.pdf","test_request","IMPORTED",0.05,"384a76c654bacaaa7ba839761c16445799f4f67902bfa6df94c0ed384e5e1be2","topohl/pRoteomics","4fb5b2a511563f3c910d958d76ac3c8df1471496"
"results/figures/manuscript_candidates/editorial_v8/extended_data/assembled/ED1_EDITORIAL_V8.pdf","test_request","IMPORTED",0.04,"5ad18c1839e8e60c485cb1f5100d0611c5df8f729a049673ac713f0a24934a50","topohl/pRoteomics","4fb5b2a511563f3c910d958d76ac3c8df1471496"
"results/figures/manuscript_candidates/editorial_v8/extended_data/assembled/ED2_EDITORIAL_V8.pdf","test_request","IMPORTED",0.05,"21f967c60a7d3656751de23a916204fa4ea657489af5cd0df564382a4b91799a","topohl/pRoteomics","4fb5b2a511563f3c910d958d76ac3c8df1471496"
"results/figures/manuscript_candidates/editorial_v8/extended_data/assembled/ED3_EDITORIAL_V8.pdf","test_request","IMPORTED",0.07,"732d806d5e1cce3f2546e715b4438f928f1893e484b08b2a431053ac96b4497c","topohl/pRoteomics","4fb5b2a511563f3c910d958d76ac3c8df1471496"
"results/figures/manuscript_candidates/editorial_v8/extended_data/assembled/ED6_EDITORIAL_V8.pdf","test_request","IMPORTED",0.08,"27ca24c23fadac936c14583a72c7c61723c7f26b16fadaf86f2bde865952d083","topohl/pRoteomics","4fb5b2a511563f3c910d958d76ac3c8df1471496"
"results/figures/manuscript_candidates/editorial_v8/extended_data/assembled/ED7_EDITORIAL_V8.pdf","test_request","IMPORTED",0.05,"d9cbd10691268275efe124adf64f2ba0906b83da6ab033de648a51f3d85eac4a","topohl/pRoteomics","4fb5b2a511563f3c910d958d76ac3c8df1471496"
"results/figures/manuscript_candidates/editorial_v8/extended_data/assembled/ED8_EDITORIAL_V8.pdf","test_request","IMPORTED",0.05,"a11b32b0a67f965d7279aa278f613324e2dfff0490750a459098938227593d12","topohl/pRoteomics","4fb5b2a511563f3c910d958d76ac3c8df1471496"
"results/figures/manuscript_candidates/editorial_v8/extended_data/panels","test_request","IMPORTED_DIRECTORY",NA,"directory:26_files","topohl/pRoteomics","4fb5b2a511563f3c910d958d76ac3c8df1471496"
"results/figures/manuscript_candidates/editorial_v8/figure_02/assembled","test_request","IMPORTED_DIRECTORY",NA,"directory:3_files","topohl/pRoteomics","4fb5b2a511563f3c910d958d76ac3c8df1471496"
"results/figures/manuscript_candidates/editorial_v8/figure_02/assembled/F2_NATURE_EDITORIAL_V8.pdf","test_request","IMPORTED",0.12,"4eb922f3bf5f6c7d35445b3a868483a666732b3fc0dd766ee4f31f7f6e9139dc","topohl/pRoteomics","4fb5b2a511563f3c910d958d76ac3c8df1471496"
"results/figures/manuscript_candidates/editorial_v8/figure_02/panels","test_request","IMPORTED_DIRECTORY",NA,"directory:9_files","topohl/pRoteomics","4fb5b2a511563f3c910d958d76ac3c8df1471496"
"results/figures/manuscript_candidates/editorial_v8/figure_03/assembled","test_request","IMPORTED_DIRECTORY",NA,"directory:3_files","topohl/pRoteomics","4fb5b2a511563f3c910d958d76ac3c8df1471496"
"results/figures/manuscript_candidates/editorial_v8/figure_03/assembled/F3_NATURE_EDITORIAL_V8.pdf","test_request","IMPORTED",0.11,"0e1ee9c8379fed251319a65de2c5b481953bd78e46479b5a87c90428df612160","topohl/pRoteomics","4fb5b2a511563f3c910d958d76ac3c8df1471496"
"results/figures/manuscript_candidates/editorial_v8/figure_03/panels","test_request","IMPORTED_DIRECTORY",NA,"directory:10_files","topohl/pRoteomics","4fb5b2a511563f3c910d958d76ac3c8df1471496"
"results/figures/manuscript_candidates/final_truth_v9/extended_data/assembled/ED_WGCNA_FINAL_V9.pdf","test_request","IMPORTED",0.05,"2723c7db60895ab215a797b8e769c42510ac5b0ef17726f40f4a0a6b33430736","topohl/pRoteomics","4fb5b2a511563f3c910d958d76ac3c8df1471496"
"results/figures/manuscript_candidates/final_truth_v9/extended_data/assembled/ED1_FINAL_V9.pdf","test_request","IMPORTED",0.05,"3e6d2419a83c3562518caa9e1c589694e1066be19105e05ec8329b8c6dc50903","topohl/pRoteomics","4fb5b2a511563f3c910d958d76ac3c8df1471496"
"results/figures/manuscript_candidates/final_truth_v9/extended_data/assembled/ED2_FINAL_V9.pdf","test_request","IMPORTED",0.05,"eff7b153275db7dd4a4f2c738ba3e3ae2d3163e549ac4373a145b961392ce0e5","topohl/pRoteomics","4fb5b2a511563f3c910d958d76ac3c8df1471496"
"results/figures/manuscript_candidates/final_truth_v9/extended_data/assembled/ED3_FINAL_V9.pdf","test_request","IMPORTED",0.07,"ce90b0f135f0498a81285ca1481419e0e369b9600cc38261cf5678683989b7f3","topohl/pRoteomics","4fb5b2a511563f3c910d958d76ac3c8df1471496"
"results/figures/manuscript_candidates/final_truth_v9/extended_data/assembled/ED6_FINAL_V9.pdf","test_request","IMPORTED",0.08,"1e3d1d69f7a758106caac1f8454519f24ba4153e28df65b4fdb3887951c5c681","topohl/pRoteomics","4fb5b2a511563f3c910d958d76ac3c8df1471496"
"results/figures/manuscript_candidates/final_truth_v9/extended_data/assembled/ED7_FINAL_V9.pdf","test_request","IMPORTED",0.05,"24649f65774299f55f1a7d02b3a8893cf6be200682e5ef54336408f2ef380069","topohl/pRoteomics","4fb5b2a511563f3c910d958d76ac3c8df1471496"
"results/figures/manuscript_candidates/final_truth_v9/extended_data/assembled/ED8_FINAL_V9.pdf","test_request","IMPORTED",0.05,"a8e737b752d902d061704d5d1eddd193679630d53a426bf59ca33c1c537cfbc7","topohl/pRoteomics","4fb5b2a511563f3c910d958d76ac3c8df1471496"
"results/figures/manuscript_candidates/final_truth_v9/figure_02/assembled/F2_NATURE_FINAL_V9.pdf","test_request","IMPORTED",0.12,"341dc3bb1449bb7ac697e9e71470f7fe7072ccd2c47f7fa6e29512f6791d5de1","topohl/pRoteomics","4fb5b2a511563f3c910d958d76ac3c8df1471496"
"results/figures/manuscript_candidates/final_truth_v9/figure_03/assembled/F3_NATURE_FINAL_V9.pdf","test_request","IMPORTED",0.11,"f03418cd6b8a089f8fa926874899a39e80c45b0c4eefd25736c9642bb14e1ed4","topohl/pRoteomics","4fb5b2a511563f3c910d958d76ac3c8df1471496"
"results/figures/manuscript_candidates/nature_final_v7/extended_data/panels","test_request","IMPORTED_DIRECTORY",NA,"directory:25_files","topohl/pRoteomics","4fb5b2a511563f3c910d958d76ac3c8df1471496"
"results/figures/manuscript_candidates/nature_final_v7/figure_02/panels","test_request","IMPORTED_DIRECTORY",NA,"directory:8_files","topohl/pRoteomics","4fb5b2a511563f3c910d958d76ac3c8df1471496"
"results/figures/manuscript_candidates/nature_final_v7/figure_03/panels","test_request","IMPORTED_DIRECTORY",NA,"directory:9_files","topohl/pRoteomics","4fb5b2a511563f3c910d958d76ac3c8df1471496"
"results/figures/manuscript_candidates/story_v5/extended_data/panels","test_request","IMPORTED_DIRECTORY",NA,"directory:23_files","topohl/pRoteomics","4fb5b2a511563f3c910d958d76ac3c8df1471496"
"results/figures/manuscript_candidates/story_v5/figure_02/panels","test_request","IMPORTED_DIRECTORY",NA,"directory:16_files","topohl/pRoteomics","4fb5b2a511563f3c910d958d76ac3c8df1471496"
"results/manuscript/figure_3/panels/figure_03a.svg","test_request","IMPORTED",0.01,"9b86c08c9baed9f1a23c7b2092a6e85d584dcfe9632434df968dabe71aa36cf9","topohl/pRoteomics","4fb5b2a511563f3c910d958d76ac3c8df1471496"
"results/reports/manuscript_candidates/editorial_v8","test_request","IMPORTED_DIRECTORY",NA,"directory:11_files","topohl/pRoteomics","4fb5b2a511563f3c910d958d76ac3c8df1471496"
"results/reports/manuscript_candidates/final_truth_v9","test_request","IMPORTED_DIRECTORY",NA,"directory:19_files","topohl/pRoteomics","4fb5b2a511563f3c910d958d76ac3c8df1471496"
"results/reports/manuscript_candidates/nature_final_v7/extended_data/nature_final_v7_panel_status.csv","test_request","IMPORTED",0.01,"06a3974734ee67f7089a0ea1410aec1ad352a0c29bd055e9689318baab2f93d5","topohl/pRoteomics","4fb5b2a511563f3c910d958d76ac3c8df1471496"
"results/reports/manuscript_candidates/nature_final_v7/extended_data/nature_final_v7_qa.csv","test_request","IMPORTED",0,"89536f09f31aeaf978a19cab1b87714b8355ffbd7ec9eae62049d11159c123f8","topohl/pRoteomics","4fb5b2a511563f3c910d958d76ac3c8df1471496"
"results/reports/manuscript_candidates/nature_final_v7/figure_02/nature_final_v7_panel_status.csv","test_request","IMPORTED",0,"d243a8eaf599e16ea358ae8da7445df589ebf237e6293b1d9aee4860aed79aad","topohl/pRoteomics","4fb5b2a511563f3c910d958d76ac3c8df1471496"
"results/reports/manuscript_candidates/nature_final_v7/figure_02/nature_final_v7_qa.csv","test_request","IMPORTED",0,"e9b2d88111369e595f607645393444eb3ceec6b85f6e966779090d074129d903","topohl/pRoteomics","4fb5b2a511563f3c910d958d76ac3c8df1471496"
"results/reports/manuscript_candidates/nature_final_v7/figure_03/nature_final_v7_panel_status.csv","test_request","IMPORTED",0,"5c1795bb4a9d711333da5107617cd17aaf4e1b253de122992637f2239a87a5ed","topohl/pRoteomics","4fb5b2a511563f3c910d958d76ac3c8df1471496"
"results/reports/manuscript_candidates/nature_final_v7/figure_03/nature_final_v7_qa.csv","test_request","IMPORTED",0,"9decade75bf1d04dfa767dcb146faf00b5ffda7316269e8b5b9f55bb08c1ac53","topohl/pRoteomics","4fb5b2a511563f3c910d958d76ac3c8df1471496"
"results/reports/manuscript_candidates/spatial_v6/extended_data/spatial_v6_panel_status.csv","test_request","IMPORTED",0.01,"3852f117c4b65428400b53efdc37f219f816d7c781e469e568df4d211add9149","topohl/pRoteomics","4fb5b2a511563f3c910d958d76ac3c8df1471496"
"results/reports/manuscript_candidates/spatial_v6/figure_02/spatial_v6_panel_status.csv","test_request","IMPORTED",0,"f395537e2c28bbb1d6ca9a3afd81678b0deb16d033199170999be648e39b48ac","topohl/pRoteomics","4fb5b2a511563f3c910d958d76ac3c8df1471496"
"results/reports/manuscript_candidates/spatial_v6/figure_03/spatial_v6_panel_status.csv","test_request","IMPORTED",0,"ab0591026bda06f32bb6d26fd150bf8e59c4d5f6d9c087518f8fa83c05eee53a","topohl/pRoteomics","4fb5b2a511563f3c910d958d76ac3c8df1471496"
"results/reports/manuscript_candidates/story_v5/extended_data/story_v5_panel_status.csv","test_request","IMPORTED",0.01,"a758656e1691f658140bdd54133001020d6f70623f1caa8e6a6b8aef4759c155","topohl/pRoteomics","4fb5b2a511563f3c910d958d76ac3c8df1471496"
"results/reports/manuscript_candidates/story_v5/figure_02/story_v5_panel_status.csv","test_request","IMPORTED",0.01,"fcb38785910a7035aea07ec05a435d02824139dd3c2dd14f5da99d7c3edd78b4","topohl/pRoteomics","4fb5b2a511563f3c910d958d76ac3c8df1471496"
"results/source_data/manuscript_candidates/editorial_v8","test_request","IMPORTED_DIRECTORY",NA,"directory:45_files","topohl/pRoteomics","4fb5b2a511563f3c910d958d76ac3c8df1471496"
"results/source_data/manuscript_candidates/editorial_v8/extended_data","test_request","IMPORTED_DIRECTORY",NA,"directory:26_files","topohl/pRoteomics","4fb5b2a511563f3c910d958d76ac3c8df1471496"
"results/source_data/manuscript_candidates/editorial_v8/extended_data/v8_ed_identity_source_data.csv","test_request","IMPORTED",0,"a5b300d20ce31913a6394da647b4c994c24cbbbf4d3d6d9dff699fd316dd166c","topohl/pRoteomics","4fb5b2a511563f3c910d958d76ac3c8df1471496"
"results/source_data/manuscript_candidates/editorial_v8/extended_data/v8_ed_locations_source_data.csv","test_request","IMPORTED",0.01,"b43d01577ea0256fabe6513f96a13386c34a92d7047bbce3d8e2b7892a7d7d58","topohl/pRoteomics","4fb5b2a511563f3c910d958d76ac3c8df1471496"
"results/source_data/manuscript_candidates/editorial_v8/extended_data/v8_ed_nulls_source_data.csv","test_request","IMPORTED",0,"c16931f4a2a9a0953b8e9f1bdb0531c128269a43dfb2c40839f433cbb8a4bfa5","topohl/pRoteomics","4fb5b2a511563f3c910d958d76ac3c8df1471496"
"results/source_data/manuscript_candidates/editorial_v8/extended_data/v8_ed_similarity_source_data.csv","test_request","IMPORTED",0.02,"eb656b9366eba8303d9eafb4e1fcb9fbc546bfe9e24552069df4dc018d1cfa65","topohl/pRoteomics","4fb5b2a511563f3c910d958d76ac3c8df1471496"
"results/source_data/manuscript_candidates/editorial_v8/extended_data/v8_ed_wgcna_phenotype_source_data.csv","test_request","IMPORTED",0.69,"ed2ff4deac1b776c5c581cf903c514e1ea398972228eb410bc2ffc86f151b7a8","topohl/pRoteomics","4fb5b2a511563f3c910d958d76ac3c8df1471496"
"results/source_data/manuscript_candidates/editorial_v8/figure_02/v8_compartment_source_data.csv","test_request","IMPORTED",0,"c84c10c77626b96737076785d5c1c960feb29e8ba1d7a9f6525fbcbe5e1870bd","topohl/pRoteomics","4fb5b2a511563f3c910d958d76ac3c8df1471496"
"results/source_data/manuscript_candidates/editorial_v8/figure_02/v8_depth_source_data.csv","test_request","IMPORTED",0.08,"a96f684fe0a99d4d3ddb0752dd237cc8fd527b8905a0b3c36c1f974342c5001f","topohl/pRoteomics","4fb5b2a511563f3c910d958d76ac3c8df1471496"
"results/source_data/manuscript_candidates/editorial_v8/figure_02/v8_fingerprint_source_data.csv","test_request","IMPORTED",0.26,"99952c0218c7317275a2077e4b2d79aa2b7d1a1b1e08c8bd3b45450b1cf02f1e","topohl/pRoteomics","4fb5b2a511563f3c910d958d76ac3c8df1471496"
"results/source_data/manuscript_candidates/editorial_v8/figure_03","test_request","IMPORTED_DIRECTORY",NA,"directory:10_files","topohl/pRoteomics","4fb5b2a511563f3c910d958d76ac3c8df1471496"
"results/source_data/manuscript_candidates/nature_final_v7/figure_03/v7_bridge_source_data.csv","test_request","IMPORTED",0,"cecc126cfc3449bc470169abaec61021bdc242578e488e4836b35c70447776a6","topohl/pRoteomics","4fb5b2a511563f3c910d958d76ac3c8df1471496"
"results/source_data/manuscript_candidates/nature_final_v7/figure_03/v7_dap_track_source_data.csv","test_request","IMPORTED",0,"64f47ca2352bdd098f4d9285cfd49e71af2e959d36827ed13728fc49b85d4407","topohl/pRoteomics","4fb5b2a511563f3c910d958d76ac3c8df1471496"
"results/source_data/manuscript_candidates/nature_final_v7/figure_03/v7_prot_ox_source_data.csv","test_request","IMPORTED",0.01,"6edcc7723e9d83259bccaf47ece36b393c62ff9e119830b1e548ecf7e2aaa054","topohl/pRoteomics","4fb5b2a511563f3c910d958d76ac3c8df1471496"
"results/source_data/manuscript_candidates/nature_final_v7/figure_03/v7_prot_rna_source_data.csv","test_request","IMPORTED",0.01,"a508db77749c725d852d228cf0bb3dd9ad733901f5031908216c216522a0d4b6","topohl/pRoteomics","4fb5b2a511563f3c910d958d76ac3c8df1471496"
"results/source_data/manuscript_candidates/nature_final_v7/figure_03/v7_prot_syn_source_data.csv","test_request","IMPORTED",0.01,"1bb0fd890a36fafb7a3fd64db80ad1595ccf6c35cf2bab14369466f699226ef7","topohl/pRoteomics","4fb5b2a511563f3c910d958d76ac3c8df1471496"
"results/source_data/manuscript_candidates/spatial_v6/extended_data/v6_ed_locations_source_data.csv","test_request","IMPORTED",0,"dcfcc1b70ed84f41507aef4e7c20e95215b1314a1d3d6ffcf924644c7cb14c9a","topohl/pRoteomics","4fb5b2a511563f3c910d958d76ac3c8df1471496"
"results/source_data/manuscript_candidates/spatial_v6/figure_03/v6_f3_atlas_source_data.csv","test_request","IMPORTED",0.01,"1f6ea183cd7d5a59dd0cf762ef233b4ee978e7379649b5d84b5e37ed80fd99f1","topohl/pRoteomics","4fb5b2a511563f3c910d958d76ac3c8df1471496"
"results/source_data/manuscript_candidates/spatial_v6/figure_03/v6_f3_bridge_source_data.csv","test_request","IMPORTED",0,"d2992110d7c642f3af4ec3895df89b8871cc6aa17d0d36990c55b6c8eb01dd8a","topohl/pRoteomics","4fb5b2a511563f3c910d958d76ac3c8df1471496"
"results/source_data/manuscript_candidates/story_v5/extended_data/v5_ed_coupling_source_data.csv","test_request","IMPORTED",0.02,"c53cfa6586673cb0dd6c8a5dbc547bfccf9f45621daaa376338de5fdfd60176d","topohl/pRoteomics","4fb5b2a511563f3c910d958d76ac3c8df1471496"
"results/tables/03_qc_exploration/06_variance_partitioning","test_request","IMPORTED_DIRECTORY",NA,"directory:30_files","topohl/pRoteomics","4fb5b2a511563f3c910d958d76ac3c8df1471496"
"results/tables/manuscript_candidates/editorial_v8","test_request","IMPORTED_DIRECTORY",NA,"directory:13_files","topohl/pRoteomics","4fb5b2a511563f3c910d958d76ac3c8df1471496"
"results/tables/manuscript_candidates/editorial_v8/supplementary","test_request","IMPORTED_DIRECTORY",NA,"directory:10_files","topohl/pRoteomics","4fb5b2a511563f3c910d958d76ac3c8df1471496"
"results/tables/manuscript_candidates/final_truth_v9","test_request","IMPORTED_DIRECTORY",NA,"directory:51_files","topohl/pRoteomics","4fb5b2a511563f3c910d958d76ac3c8df1471496"
"results/tables/manuscript_candidates/nature_final_v7/main_ed_panel_hierarchy_audit.csv","test_request","IMPORTED",0.01,"974c7567529426ecb3047deec3f915bcd52a3226925cfa8305852875d342ca52","topohl/pRoteomics","4fb5b2a511563f3c910d958d76ac3c8df1471496"
"results/tables/manuscript_candidates/spatial_v6/figure_story_coverage_audit.csv","test_request","IMPORTED",0.02,"55fd7fd07c79070263615b510ec12dbf0f622e70cccaf658802677f1fd3d3e4c","topohl/pRoteomics","4fb5b2a511563f3c910d958d76ac3c8df1471496"
"results/tables/manuscript_candidates/spatial_v6/figure2_spatial_fingerprint_selection.csv","test_request","IMPORTED",0.03,"339cef0946a397c49563bddfb70febd82d6b12b84622035d6df30c845838e93a","topohl/pRoteomics","4fb5b2a511563f3c910d958d76ac3c8df1471496"
"results/tables/manuscript_candidates/story_v3/panel_visual_scientific_audit.csv","test_request","IMPORTED",0.01,"5beabad058e63b1385eec8dc85b90ad0b2a20171d00431125381d3866aef81c7","topohl/pRoteomics","4fb5b2a511563f3c910d958d76ac3c8df1471496"
"results/tables/manuscript_candidates/story_v4/proteomics_manuscript_evidence_inventory.csv","test_request","IMPORTED",0.02,"a91ee32bb7f65a5404e4e9deb7d0cf7348b50d481333ca7fb31f83be6f16fce0","topohl/pRoteomics","4fb5b2a511563f3c910d958d76ac3c8df1471496"
"results/tables/manuscript_candidates/story_v5/figure2_spatial_validation_hierarchy_audit.csv","test_request","IMPORTED",0.02,"b4ce4ec725fb2af6ad5eb23570749f9f57b729168cfc94caf366e6f256aff79d","topohl/pRoteomics","4fb5b2a511563f3c910d958d76ac3c8df1471496"
